task,epoch,attack_global_step,optimizer_global_step,local_batch_idx,microbatch_idx,attack_batch_size,optimizer_batch_size,configured_optimizer_batch_size,train_loss_on_adv_microbatch,grad_norm,optimizer_wall_sec,cuda_allocated_mb,cuda_reserved_mb,cuda_peak_allocated_mb
darcy,1,1,1,1,1,64,32,32,1.9615931989847013e-08,1.1961705448147985e-05,0.2252738309907727,3624.24658203125,6912.0,4917.697265625
darcy,1,1,2,1,2,64,32,32,1.4546188822350814e-06,0.0027543311435098746,0.11497223397600465,3624.24658203125,7364.0,5243.4853515625
darcy,2,2,3,1,1,64,32,32,1.3445998092720401e-07,0.00027735694680613364,0.11392209201585501,3624.24658203125,8212.0,7628.923828125
darcy,2,2,4,1,2,64,32,32,9.967061487259343e-07,0.002284795793719482,0.11412418601685204,3624.24658203125,8212.0,7628.923828125
darcy,3,3,5,1,1,64,32,32,7.360176823567599e-07,0.0019481866643996323,0.11996188201010227,3624.24658203125,8212.0,7629.2841796875
darcy,3,3,6,1,2,64,32,32,1.6483379283727118e-07,0.0007053237268691995,0.11639357000240125,3624.24658203125,8212.0,7629.2841796875
darcy,4,4,7,1,1,64,32,32,1.3905786033774348e-07,0.0006267716276294468,0.11694793100468814,3624.24658203125,8212.0,7629.2841796875
darcy,4,4,8,1,2,64,32,32,4.7399689151461644e-07,0.0015550110172632028,0.11636313700000755,3624.24658203125,8212.0,7629.2841796875
darcy,5,5,9,1,1,64,32,32,4.071861496868223e-07,0.0013983171008291242,0.11667237899382599,3624.24658203125,8212.0,7629.2841796875
darcy,5,5,10,1,2,64,32,32,1.9166712661444762e-07,0.0005481653721548261,0.1164453590172343,3624.24658203125,8212.0,7629.2841796875
darcy,6,6,11,1,1,64,32,32,1.5931303209981706e-07,0.00027647684965298344,0.11671427902183495,3624.24658203125,8212.0,7629.2841796875
darcy,6,6,12,1,2,64,32,32,1.916592538009354e-07,0.0005256540315871841,0.11658917900058441,3624.24658203125,8212.0,7629.2841796875
darcy,7,7,13,1,1,64,32,32,2.2169108149228123e-07,0.0007742497804157166,0.11648610100382939,3624.24658203125,8212.0,7629.2841796875
darcy,7,7,14,1,2,64,32,32,1.6081609999218927e-07,0.0007258072063407683,0.11591769100050442,3624.24658203125,8212.0,7629.2841796875
darcy,8,8,15,1,1,64,32,32,8.875346679815266e-08,0.0005071232135390707,0.11674992099869996,3624.24658203125,8212.0,7629.2841796875
darcy,8,8,16,1,2,64,32,32,5.202566910611495e-08,8.91018037120294e-05,0.11639411997748539,3624.24658203125,8212.0,7629.2841796875
darcy,9,9,17,1,1,64,32,32,6.722554957150351e-08,0.00016351704422915215,0.11675242998171598,3624.24658203125,8212.0,7629.2841796875
darcy,9,9,18,1,2,64,32,32,1.1526365994996013e-07,0.00046343221369292496,0.11637263998272829,3624.24658203125,8212.0,7629.2841796875
darcy,10,10,19,1,1,64,32,32,1.1910271524584459e-07,0.0004980992460992326,0.11437594398739748,3624.24658203125,8212.0,7629.32470703125
darcy,10,10,20,1,2,64,32,32,8.993941236212777e-08,0.0002393868645551538,0.11387783198733814,3624.24658203125,8212.0,7629.32470703125
darcy,11,11,21,1,1,64,32,32,5.0914575666638484e-08,7.808038285895454e-05,0.11383823599317111,3624.24658203125,8212.0,7629.32470703125
darcy,11,11,22,1,2,64,32,32,5.362610977499571e-08,0.00021122904788872224,0.11351859499700367,3624.24658203125,8212.0,7629.32470703125
darcy,12,12,23,1,1,64,32,32,4.148743215637296e-08,0.00015511508840271648,0.11439165699994192,3624.24658203125,8212.0,7629.32470703125
darcy,12,12,24,1,2,64,32,32,5.49271561567366e-08,0.00018565086505710113,0.1140892370021902,3624.24658203125,8212.0,7629.32470703125
darcy,13,13,25,1,1,64,32,32,4.9162913740019576e-08,0.00010294756063916488,0.11462869998649694,3624.24658203125,8212.0,7629.32470703125
darcy,13,13,26,1,2,64,32,32,4.98739716192631e-08,5.8390532454046486e-05,0.11434213101165369,3624.24658203125,8212.0,7629.32470703125
darcy,14,14,27,1,1,64,32,32,4.041928747255952e-08,2.4739011323302117e-05,0.11477254799683578,3624.24658203125,8212.0,7629.32470703125
darcy,14,14,28,1,2,64,32,32,3.033770212823583e-08,4.395091535588457e-05,0.11445408398867585,3624.24658203125,8212.0,7629.32470703125
darcy,15,15,29,1,1,64,32,32,3.0183507249148533e-08,1.3626403157337544e-05,0.11451447900617495,3624.24658203125,8212.0,7629.32470703125
darcy,15,15,30,1,2,64,32,32,3.008288373962387e-08,3.8390056321975895e-05,0.11413464098586701,3624.24658203125,8212.0,7629.32470703125
darcy,16,16,31,1,1,64,32,32,3.678692550579399e-08,4.7180344300366604e-05,0.11456754498067312,3624.24658203125,8212.0,7629.32470703125
darcy,16,16,32,1,2,64,32,32,4.1189693433807406e-08,3.395186150612169e-05,0.11413779598660767,3624.24658203125,8212.0,7629.32470703125
darcy,17,17,33,1,1,64,32,32,3.271457060805005e-08,7.452934284401028e-05,0.11441480097710155,3624.24658203125,8212.0,7629.32470703125
darcy,17,17,34,1,2,64,32,32,3.548134586139895e-08,3.538774639805548e-05,0.11402814398752525,3624.24658203125,8212.0,7629.32470703125
darcy,18,18,35,1,1,64,32,32,3.304192475184209e-08,2.9525620175388935e-05,0.11407112600863911,3624.24658203125,8212.0,7629.32470703125
darcy,18,18,36,1,2,64,32,32,2.1141923767231674e-08,2.047064788635905e-05,0.11409762199036777,3624.24658203125,8212.0,7629.32470703125
darcy,19,19,37,1,1,64,32,32,2.5130857395083694e-08,5.144954021534608e-05,0.11420009500579908,3624.24658203125,8212.0,7629.32470703125
darcy,19,19,38,1,2,64,32,32,2.33288677264909e-08,6.717541113772195e-05,0.11419910899712704,3624.24658203125,8212.0,7629.32470703125
darcy,20,20,39,1,1,64,32,32,2.886064365270613e-08,7.171800826009242e-05,0.1144842579960823,3624.24658203125,8212.0,7629.32470703125
darcy,20,20,40,1,2,64,32,32,2.2501083662973542e-08,7.056591387946792e-05,0.11405052899499424,3624.24658203125,8212.0,7629.32470703125
darcy,21,21,41,1,1,64,32,32,3.3728522197407074e-08,3.817841608231946e-05,0.1147672199876979,3624.24658203125,8212.0,7629.32470703125
darcy,21,21,42,1,2,64,32,32,2.683572652983912e-08,7.947642768807388e-05,0.1142370919988025,3624.24658203125,8212.0,7629.32470703125
darcy,22,22,43,1,1,64,32,32,2.8586224942728222e-08,3.8665255205563865e-05,0.11474938300671056,3624.24658203125,8212.0,7629.32470703125
darcy,22,22,44,1,2,64,32,32,2.3011928362848266e-08,4.7972025518902476e-05,0.1144401450001169,3624.24658203125,8212.0,7629.32470703125
darcy,23,23,45,1,1,64,32,32,2.1710956588094632e-08,4.4362098204223365e-05,0.11424722001538612,3624.24658203125,8212.0,7629.32470703125
darcy,23,23,46,1,2,64,32,32,2.306330237900056e-08,3.646284659875632e-05,0.11412565899081528,3624.24658203125,8212.0,7629.32470703125
darcy,24,24,47,1,1,64,32,32,2.1649336545692677e-08,1.3904731032845587e-05,0.1143891460087616,3624.24658203125,8212.0,7629.32470703125
darcy,24,24,48,1,2,64,32,32,2.2429668788959134e-08,4.459211702390536e-05,0.11443507598596625,3624.24658203125,8212.0,7629.32470703125
darcy,25,25,49,1,1,64,32,32,2.4810594467794544e-08,7.13410262732889e-05,0.11879773199325427,3624.24658203125,8212.0,7629.32470703125
darcy,25,25,50,1,2,64,32,32,2.1442451370035087e-08,5.11460637458186e-05,0.11461951400269754,3624.24658203125,8212.0,7629.32470703125
darcy,26,26,51,1,1,64,32,32,2.683294120231494e-08,4.5637982320682144e-05,0.11438219499541447,3624.24658203125,8212.0,7629.32470703125
darcy,26,26,52,1,2,64,32,32,2.3708841112579648e-08,4.2113491881428764e-05,0.11439473199425265,3624.24658203125,8212.0,7629.32470703125
darcy,27,27,53,1,1,64,32,32,2.3807546156717763e-08,5.166950967764818e-05,0.11493399998289533,3624.24658203125,8212.0,7629.32470703125
darcy,27,27,54,1,2,64,32,32,2.1415679896108486e-08,7.771845523113563e-05,0.1143069269892294,3624.24658203125,8212.0,7629.32470703125
darcy,28,28,55,1,1,64,32,32,2.188349412790558e-08,4.817975140533159e-05,0.11785453799529932,3624.24658203125,8212.0,7629.32470703125
darcy,28,28,56,1,2,64,32,32,1.885845257731944e-08,9.314917668955106e-06,0.11455719798686914,3624.24658203125,8212.0,7629.32470703125
darcy,29,29,57,1,1,64,32,32,2.2956843537258464e-08,4.2871307676580045e-05,0.11404624898568727,3624.24658203125,8212.0,7629.32470703125
darcy,29,29,58,1,2,64,32,32,1.7262610896295882e-08,6.811595296859344e-05,0.11387471799389459,3624.24658203125,8212.0,7629.32470703125
darcy,30,30,59,1,1,64,32,32,2.0823256008384305e-08,6.636533018070215e-05,0.11409726899000816,3624.24658203125,8212.0,7629.32470703125
darcy,30,30,60,1,2,64,32,32,2.2360776341656674e-08,8.359024152723464e-06,0.11378368400619365,3624.24658203125,8212.0,7629.32470703125
darcy,31,31,61,1,1,64,32,32,2.3695847062299435e-08,1.0024116839030505e-05,0.11447176098590717,3624.24658203125,8212.0,7629.32470703125
darcy,31,31,62,1,2,64,32,32,2.2218008766117237e-08,0.00014237763543926792,0.11471700598485768,3624.24658203125,8212.0,7629.32470703125
darcy,32,32,63,1,1,64,32,32,2.296956758129909e-08,5.304476058754065e-05,0.11445968798943795,3624.24658203125,8212.0,7629.32470703125
darcy,32,32,64,1,2,64,32,32,1.7034077259836522e-08,1.948082988141297e-05,0.11388295801589265,3624.24658203125,8212.0,7629.32470703125
darcy,33,33,65,1,1,64,32,32,1.7221914561105223e-08,5.828600957210058e-05,0.11467187202651985,3624.24658203125,8212.0,7629.32470703125
darcy,33,33,66,1,2,64,32,32,2.1083243595398926e-08,8.768292815567e-05,0.11387770099099725,3624.24658203125,8212.0,7629.32470703125
darcy,34,34,67,1,1,64,32,32,1.8312187322067075e-08,6.765245766752724e-05,0.11458900000434369,3624.24658203125,8212.0,7629.32470703125
darcy,34,34,68,1,2,64,32,32,2.196994763892235e-08,1.8028005809864197e-05,0.11439774799509905,3624.24658203125,8212.0,7629.32470703125
darcy,35,35,69,1,1,64,32,32,1.9659111671899154e-08,3.086256888652763e-05,0.11456007399829105,3624.24658203125,8212.0,7629.32470703125
darcy,35,35,70,1,2,64,32,32,2.2728363191504286e-08,8.376591926325737e-05,0.11445698101306334,3624.24658203125,8212.0,7629.32470703125
darcy,36,36,71,1,1,64,32,32,1.8477605223665705e-08,7.919797216243002e-05,0.11460015698685311,3624.24658203125,8212.0,7629.32470703125
darcy,36,36,72,1,2,64,32,32,2.1010098549822942e-08,4.0679809554127505e-05,0.11403159197652712,3624.24658203125,8212.0,7629.32470703125
darcy,37,37,73,1,1,64,32,32,1.7128613194472564e-08,1.9880238004824043e-05,0.11443955398863181,3624.24658203125,8212.0,7629.32470703125
darcy,37,37,74,1,2,64,32,32,2.184619596334869e-08,0.00010057861998533172,0.11381715297466144,3624.24658203125,8212.0,7629.32470703125
darcy,38,38,75,1,1,64,32,32,2.0979159742751108e-08,9.196186804705028e-05,0.1149803489970509,3624.24658203125,8212.0,7629.32470703125
darcy,38,38,76,1,2,64,32,32,2.0897827468502328e-08,2.8075301015801194e-05,0.11441447702236474,3624.24658203125,8212.0,7629.32470703125
darcy,39,39,77,1,1,64,32,32,1.926680326391761e-08,3.798273198125015e-05,0.11481058501522057,3624.24658203125,8212.0,7629.32470703125
darcy,39,39,78,1,2,64,32,32,2.2105377084358224e-08,7.216705576239e-05,0.11459754197858274,3624.24658203125,8212.0,7629.32470703125
darcy,40,40,79,1,1,64,32,32,2.0917983789559003e-08,7.459141941637575e-05,0.11452608701074496,3624.24658203125,8212.0,7629.32470703125
darcy,40,40,80,1,2,64,32,32,1.7719919753744762e-08,8.102854430545886e-06,0.11436358198989183,3624.24658203125,8212.0,7629.32470703125
darcy,41,41,81,1,1,64,32,32,1.9349091218145986e-08,4.441724142673231e-05,0.11433682599454187,3624.24658203125,8212.0,7629.32470703125
darcy,41,41,82,1,2,64,32,32,1.5819841436837123e-08,1.2912850389149812e-05,0.11391901798197068,3624.24658203125,8212.0,7629.32470703125
darcy,42,42,83,1,1,64,32,32,1.6530499635791784e-08,2.269590731774067e-05,0.11445657201693393,3624.24658203125,8212.0,7629.32470703125
darcy,42,42,84,1,2,64,32,32,1.941847393993612e-08,5.884925201020914e-05,0.11382568199769594,3624.24658203125,8212.0,7629.32470703125
darcy,43,43,85,1,1,64,32,32,1.8762422726581462e-08,3.612119103784874e-06,0.11441491698496975,3624.24658203125,8212.0,7629.32470703125
darcy,43,43,86,1,2,64,32,32,1.932076543198491e-08,3.412342424929428e-05,0.11417994400835596,3624.24658203125,8212.0,7629.32470703125
darcy,44,44,87,1,1,64,32,32,2.2111573017014052e-08,3.296104323462636e-05,0.11453421099577099,3624.24658203125,8212.0,7629.32470703125
darcy,44,44,88,1,2,64,32,32,1.77561787495506e-08,4.3926764584851106e-05,0.11442572600208223,3624.24658203125,8212.0,7629.32470703125
darcy,45,45,89,1,1,64,32,32,1.7430533461038067e-08,1.0378502617421027e-05,0.1146388910128735,3624.24658203125,8212.0,7629.32470703125
darcy,45,45,90,1,2,64,32,32,1.9210009583048304e-08,3.815786058512714e-05,0.1143712330085691,3624.24658203125,8212.0,7629.32470703125
darcy,46,46,91,1,1,64,32,32,1.616615286081924e-08,2.695825819490401e-05,0.11494801001390442,3624.24658203125,8212.0,7629.32470703125
darcy,46,46,92,1,2,64,32,32,2.016162881091077e-08,6.052234928062136e-05,0.11503146099857986,3624.24658203125,8212.0,7629.32470703125
darcy,47,47,93,1,1,64,32,32,2.1840849129262097e-08,3.221951092015012e-05,0.11418608602252789,3624.24658203125,8212.0,7629.32470703125
darcy,47,47,94,1,2,64,32,32,1.792038517578476e-08,7.652691931465441e-05,0.11407164999400266,3624.24658203125,8212.0,7629.32470703125
darcy,48,48,95,1,1,64,32,32,1.8483973462934955e-08,7.157824967187679e-05,0.1139435030054301,3624.24658203125,8212.0,7629.32470703125
darcy,48,48,96,1,2,64,32,32,2.0230622510553076e-08,6.250833106280968e-06,0.11472024497925304,3624.24658203125,8212.0,7629.32470703125
darcy,49,49,97,1,1,64,32,32,1.997553589205836e-08,2.5261620743340502e-05,0.1142321809893474,3624.24658203125,8212.0,7629.32470703125
darcy,49,49,98,1,2,64,32,32,1.5865710523144116e-08,1.1062189071771736e-05,0.11413199600065127,3624.24658203125,8212.0,7629.32470703125
darcy,50,50,99,1,1,64,32,32,1.8438708337953358e-08,5.124715676361327e-05,0.11439811199670658,3624.24658203125,8212.0,7629.32470703125
darcy,50,50,100,1,2,64,32,32,1.8151826708390217e-08,1.6842352090168553e-05,0.11361903900979087,3624.24658203125,8212.0,7629.32470703125
darcy,51,51,101,1,1,64,32,32,1.6883312525806105e-08,3.839628524589779e-06,0.11489024097681977,3624.24658203125,8212.0,7629.32470703125
darcy,51,51,102,1,2,64,32,32,2.1169638486639997e-08,1.5169638191156913e-05,0.1151216640137136,3624.24658203125,8212.0,7629.32470703125
darcy,52,52,103,1,1,64,32,32,1.7944540076086923e-08,3.417171920659316e-05,0.1139953040110413,3624.24658203125,8212.0,7629.32470703125
darcy,52,52,104,1,2,64,32,32,2.0502668007793545e-08,1.681822934118961e-05,0.11392473601154052,3624.24658203125,8212.0,7629.32470703125
darcy,53,53,105,1,1,64,32,32,1.6076871389714142e-08,4.662240164517568e-05,0.11456059600459412,3624.24658203125,8212.0,7629.32470703125
darcy,53,53,106,1,2,64,32,32,2.0273510870083555e-08,7.962051559244909e-05,0.11429818300530314,3624.24658203125,8212.0,7629.32470703125
darcy,54,54,107,1,1,64,32,32,1.7086854597891943e-08,3.882596262170277e-05,0.11407882499042898,3624.24658203125,8212.0,7629.32470703125
darcy,54,54,108,1,2,64,32,32,1.833121565653073e-08,1.5223659382342703e-05,0.11366650101263076,3624.24658203125,8212.0,7629.32470703125
darcy,55,55,109,1,1,64,32,32,1.8054127082223204e-08,8.651600660369675e-06,0.11438292398815975,3624.24658203125,8212.0,7629.32470703125
darcy,55,55,110,1,2,64,32,32,2.0293896341172513e-08,3.463526983693971e-05,0.11403362400596961,3624.24658203125,8212.0,7629.32470703125
darcy,56,56,111,1,1,64,32,32,1.759813628154916e-08,3.5622026773159765e-05,0.1144048199930694,3624.24658203125,8212.0,7629.32470703125
darcy,56,56,112,1,2,64,32,32,1.9404842177550563e-08,3.260937743971267e-05,0.11398596200160682,3624.24658203125,8212.0,7629.32470703125
darcy,57,57,113,1,1,64,32,32,1.6578635353425852e-08,1.4584637390646095e-05,0.1142574250116013,3624.24658203125,8212.0,7629.32470703125
darcy,57,57,114,1,2,64,32,32,1.863788767764163e-08,7.068516905007005e-05,0.11410929900011979,3624.24658203125,8212.0,7629.32470703125
darcy,58,58,115,1,1,64,32,32,1.807913463380828e-08,2.975385623767145e-05,0.11774345400044695,3624.24658203125,8212.0,7629.32470703125
darcy,58,58,116,1,2,64,32,32,1.8166966597732426e-08,6.643099727078662e-05,0.12034381998819299,3624.24658203125,8212.0,7629.32470703125
darcy,59,59,117,1,1,64,32,32,1.5868716118916382e-08,3.0337517500970744e-05,0.11455036501865834,3624.24658203125,8212.0,7629.32470703125
darcy,59,59,118,1,2,64,32,32,2.0678458056977433e-08,1.0134571838137797e-05,0.11472546201548539,3624.24658203125,8212.0,7629.32470703125
darcy,60,60,119,1,1,64,32,32,1.7963854404001722e-08,1.941189379104913e-05,0.11430377801298164,3624.24658203125,8212.0,7629.32470703125
darcy,60,60,120,1,2,64,32,32,1.7034752275435494e-08,1.3097963054001806e-05,0.11411070197937079,3624.24658203125,8212.0,7629.32470703125
darcy,61,61,121,1,1,64,32,32,2.030420986898207e-08,1.731167044686156e-05,0.114516678993823,3624.24658203125,8212.0,7629.32470703125
darcy,61,61,122,1,2,64,32,32,1.4306101192573806e-08,3.3107141956291357e-06,0.11415601900080219,3624.24658203125,8212.0,7629.32470703125
darcy,62,62,123,1,1,64,32,32,1.8135954960030176e-08,6.6506458165157665e-06,0.12049246599781327,3624.24658203125,8212.0,7629.32470703125
darcy,62,62,124,1,2,64,32,32,1.747548239450225e-08,2.767153794476526e-05,0.1174267640162725,3624.24658203125,8212.0,7629.32470703125
darcy,63,63,125,1,1,64,32,32,1.681164896183418e-08,1.8157193241568268e-05,0.11731174899614416,3624.24658203125,8212.0,7629.32470703125
darcy,63,63,126,1,2,64,32,32,1.9391714900507395e-08,3.5750768468361626e-05,0.11624336897511967,3624.24658203125,8212.0,7629.32470703125
darcy,64,64,127,1,1,64,32,32,1.8600793794121273e-08,1.4460646479274888e-06,0.11914368302677758,3624.24658203125,8212.0,7629.32470703125
darcy,64,64,128,1,2,64,32,32,1.5932117847228255e-08,1.8194994585043534e-05,0.11774538498139009,3624.24658203125,8212.0,7629.32470703125
darcy,65,65,129,1,1,64,32,32,1.8965481629606984e-08,1.0123306248198541e-05,0.11738319700816646,3624.24658203125,8212.0,7629.32470703125
darcy,65,65,130,1,2,64,32,32,1.4620563426603894e-08,3.6107866245693454e-05,0.11640646500745788,3624.24658203125,8212.0,7629.32470703125
darcy,66,66,131,1,1,64,32,32,1.9043548959984946e-08,3.5357971245696926e-05,0.11667471201508306,3624.24658203125,8212.0,7629.32470703125
darcy,66,66,132,1,2,64,32,32,1.6749682529848542e-08,1.9262056339347033e-05,0.11625220300629735,3624.24658203125,8212.0,7629.32470703125
darcy,67,67,133,1,1,64,32,32,1.95965448313018e-08,2.7658554594315633e-05,0.11411738698370755,3624.24658203125,8212.0,7629.32470703125
darcy,67,67,134,1,2,64,32,32,1.7079315739465528e-08,5.321349634537901e-05,0.11436154998955317,3624.24658203125,8212.0,7629.32470703125
darcy,68,68,135,1,1,64,32,32,1.5354405746847988e-08,3.7825148964652406e-05,0.11561504201381467,3624.24658203125,8212.0,7629.32470703125
darcy,68,68,136,1,2,64,32,32,1.8806300516871488e-08,6.32655275467902e-06,0.11421702697407454,3624.24658203125,8212.0,7629.32470703125
darcy,69,69,137,1,1,64,32,32,1.729522303151043e-08,4.076863794623335e-05,0.11423212799127214,3624.24658203125,8212.0,7629.32470703125
darcy,69,69,138,1,2,64,32,32,1.676678174078461e-08,2.1804135213868957e-05,0.11369209800614044,3624.24658203125,8212.0,7629.32470703125
darcy,70,70,139,1,1,64,32,32,2.0981040904644033e-08,5.272250247121861e-05,0.11419919499894604,3624.24658203125,8212.0,7629.32470703125
darcy,70,70,140,1,2,64,32,32,1.653211256780196e-08,9.345270062906701e-05,0.11367909700493328,3624.24658203125,8212.0,7629.32470703125
darcy,71,71,141,1,1,64,32,32,1.7392235207580597e-08,3.7634347587157074e-05,0.11429313701228239,3624.24658203125,8212.0,7629.32470703125
darcy,71,71,142,1,2,64,32,32,1.888649947545673e-08,3.2284087918968056e-05,0.11369352400652133,3624.24658203125,8212.0,7629.32470703125
darcy,72,72,143,1,1,64,32,32,2.017501188333881e-08,3.992778289245337e-05,0.11421161898761056,3624.24658203125,8212.0,7629.32470703125
darcy,72,72,144,1,2,64,32,32,1.3786146446648218e-08,2.5441257095429004e-05,0.11380140497931279,3624.24658203125,8212.0,7629.32470703125
darcy,73,73,145,1,1,64,32,32,1.8607687835014985e-08,2.9168479161436395e-05,0.11430384899722412,3624.24658203125,8212.0,7629.32470703125
darcy,73,73,146,1,2,64,32,32,1.572989560827409e-08,3.0900225021839214e-05,0.11356554899248295,3624.24658203125,8212.0,7629.32470703125
darcy,74,74,147,1,1,64,32,32,1.5896659988356987e-08,1.9609364994188168e-05,0.11404176201904193,3624.24658203125,8212.0,7629.32470703125
darcy,74,74,148,1,2,64,32,32,1.9940301854148856e-08,6.628303647867632e-05,0.11403039799188264,3624.24658203125,8212.0,7629.32470703125
darcy,75,75,149,1,1,64,32,32,1.5410341447363862e-08,3.859826318626912e-05,0.11436049299663864,3624.24658203125,8212.0,7629.32470703125
darcy,75,75,150,1,2,64,32,32,1.8820118796725183e-08,1.1886237011463974e-05,0.11400888799107634,3624.24658203125,8212.0,7629.32470703125
darcy,76,76,151,1,1,64,32,32,1.7963076359706065e-08,3.569815259650848e-05,0.11435133600025438,3624.24658203125,8212.0,7629.32470703125
darcy,76,76,152,1,2,64,32,32,1.51405821213757e-08,4.714337481054156e-06,0.11393234299612232,3624.24658203125,8212.0,7629.32470703125
darcy,77,77,153,1,1,64,32,32,2.0805755340802534e-08,5.628645843713171e-05,0.11422115098685026,3624.24658203125,8212.0,7629.32470703125
darcy,77,77,154,1,2,64,32,32,1.4033681772218642e-08,2.6767961006280236e-05,0.11411975100054406,3624.24658203125,8212.0,7629.32470703125
darcy,78,78,155,1,1,64,32,32,1.6474096753427148e-08,3.6403396934583854e-06,0.11803787600365467,3624.24658203125,8212.0,7629.32470703125
darcy,78,78,156,1,2,64,32,32,1.9636310355508613e-08,1.761125736159347e-05,0.11430107199703343,3624.24658203125,8212.0,7629.32470703125
darcy,79,79,157,1,1,64,32,32,1.504983160316442e-08,3.04359706075995e-05,0.11458902800222859,3624.24658203125,8212.0,7629.32470703125
darcy,79,79,158,1,2,64,32,32,1.8611485685937623e-08,1.887006311791197e-05,0.113876507995883,3624.24658203125,8212.0,7629.32470703125
darcy,80,80,159,1,1,64,32,32,1.6070668351630957e-08,1.966058337877641e-06,0.1153008260007482,3624.24658203125,8212.0,7629.32470703125
darcy,80,80,160,1,2,64,32,32,1.6547756942486558e-08,2.135414795363992e-05,0.11506118200486526,3624.24658203125,8212.0,7629.32470703125
darcy,81,81,161,1,1,64,32,32,1.8227618525656908e-08,3.8495597422535416e-05,0.1140880000020843,3624.24658203125,8212.0,7629.32470703125
darcy,81,81,162,1,2,64,32,32,1.6322820428626983e-08,8.693475166998672e-06,0.1141366710071452,3624.24658203125,8212.0,7629.32470703125
darcy,82,82,163,1,1,64,32,32,1.8726277417613346e-08,4.522893615100895e-06,0.11423281297902577,3624.24658203125,8212.0,7629.32470703125
darcy,82,82,164,1,2,64,32,32,1.87773565585303e-08,7.787662351768265e-05,0.11388313901261427,3624.24658203125,8212.0,7629.32470703125
darcy,83,83,165,1,1,64,32,32,1.5662999786059117e-08,6.219967117720079e-05,0.11402986198663712,3624.24658203125,8212.0,7629.32470703125
darcy,83,83,166,1,2,64,32,32,1.993788778520411e-08,0.00010158045465338256,0.11370687501039356,3624.24658203125,8212.0,7629.32470703125
darcy,84,84,167,1,1,64,32,32,1.6612151654271656e-08,4.321938835166565e-05,0.11437828300404362,3624.24658203125,8212.0,7629.32470703125
darcy,84,84,168,1,2,64,32,32,1.6686001913512882e-08,2.2902814326691818e-06,0.1138842329964973,3624.24658203125,8212.0,7629.32470703125
darcy,85,85,169,1,1,64,32,32,1.902102653161819e-08,1.2837921170538173e-05,0.11438960599480197,3624.24658203125,8212.0,7629.32470703125
darcy,85,85,170,1,2,64,32,32,1.7603682067601767e-08,8.44342008049218e-05,0.11410929900011979,3624.24658203125,8212.0,7629.32470703125
darcy,86,86,171,1,1,64,32,32,1.694812823416214e-08,5.923865023960277e-06,0.11473323198151775,3624.24658203125,8212.0,7629.32470703125
darcy,86,86,172,1,2,64,32,32,1.725307896549566e-08,3.717726315246325e-05,0.1142092700174544,3624.24658203125,8212.0,7629.32470703125
darcy,87,87,173,1,1,64,32,32,1.828062501374461e-08,5.896032936043868e-05,0.11448849699809216,3624.24658203125,8212.0,7629.32470703125
darcy,87,87,174,1,2,64,32,32,1.5044575363276635e-08,3.1178986574617776e-05,0.11427276500035077,3624.24658203125,8212.0,7629.32470703125
darcy,88,88,175,1,1,64,32,32,1.8129089340845894e-08,6.7695389220056706e-06,0.11479145401972346,3624.24658203125,8212.0,7629.32470703125
darcy,88,88,176,1,2,64,32,32,1.6004738867536616e-08,4.6523597735921884e-05,0.11383937101345509,3624.24658203125,8212.0,7629.32470703125
darcy,89,89,177,1,1,64,32,32,1.8732123407971812e-08,1.029251473400278e-05,0.1142262990179006,3624.24658203125,8212.0,7629.32470703125
darcy,89,89,178,1,2,64,32,32,1.724274767411771e-08,4.069042588389104e-05,0.11374542201519944,3624.24658203125,8212.0,7629.32470703125
darcy,90,90,179,1,1,64,32,32,1.6750792752873167e-08,2.6657212661530125e-05,0.11422653999761678,3624.24658203125,8212.0,7629.32470703125
darcy,90,90,180,1,2,64,32,32,1.7431540655366007e-08,6.819877454731784e-05,0.11425298699759878,3624.24658203125,8212.0,7629.32470703125
darcy,91,91,181,1,1,64,32,32,1.5602761749278216e-08,3.115151869319677e-05,0.11463665799237788,3624.24658203125,8212.0,7629.32470703125
darcy,91,91,182,1,2,64,32,32,1.8705128113083447e-08,8.388150374605423e-05,0.11384325599647127,3624.24658203125,8212.0,7629.32470703125
darcy,92,92,183,1,1,64,32,32,1.719606146366459e-08,3.821907944523533e-05,0.11426768099772744,3624.24658203125,8212.0,7629.32470703125
darcy,92,92,184,1,2,64,32,32,1.9024543718160203e-08,3.4957946374231156e-05,0.11383318700245582,3624.24658203125,8212.0,7629.32470703125
darcy,93,93,185,1,1,64,32,32,1.6456539242426516e-08,0.00010746544203889454,0.1141382529749535,3624.24658203125,8212.0,7629.32470703125
darcy,93,93,186,1,2,64,32,32,1.7485234593550558e-08,3.757647327137343e-05,0.11415918101556599,3624.24658203125,8212.0,7629.32470703125
darcy,94,94,187,1,1,64,32,32,1.6412055714454254e-08,4.4335500463181904e-05,0.11404288597987033,3624.24658203125,8212.0,7629.32470703125
darcy,94,94,188,1,2,64,32,32,1.8635772036645903e-08,6.681398442420814e-05,0.11388175099273212,3624.24658203125,8212.0,7629.32470703125
darcy,95,95,189,1,1,64,32,32,1.7210068037343262e-08,1.4005929703703443e-06,0.11470404799911194,3624.24658203125,8212.0,7629.32470703125
darcy,95,95,190,1,2,64,32,32,2.0876175454986878e-08,0.00011793362570711826,0.11509083901182748,3624.24658203125,8212.0,7629.32470703125
darcy,96,96,191,1,1,64,32,32,1.5599924907405693e-08,4.907478491136377e-05,0.11445866199210286,3624.24658203125,8212.0,7629.32470703125
darcy,96,96,192,1,2,64,32,32,1.9159710262783847e-08,8.364706340195203e-05,0.11434232298051938,3624.24658203125,8212.0,7629.32470703125
darcy,97,97,193,1,1,64,32,32,1.5560933874780858e-08,4.9718900427741815e-05,0.11433551998925395,3624.24658203125,8212.0,7629.32470703125
darcy,97,97,194,1,2,64,32,32,1.7554102171857267e-08,3.722668496945083e-05,0.1137108490220271,3624.24658203125,8212.0,7629.32470703125
darcy,98,98,195,1,1,64,32,32,1.5339244541223707e-08,5.095990455358374e-05,0.11463008000282571,3624.24658203125,8212.0,7629.32470703125
darcy,98,98,196,1,2,64,32,32,1.8716562522058666e-08,7.928248378908498e-05,0.11436486401362345,3624.24658203125,8212.0,7629.32470703125
darcy,99,99,197,1,1,64,32,32,1.5827152921588095e-08,2.8452787636126406e-05,0.11467395201907493,3624.24658203125,8212.0,7629.32470703125
darcy,99,99,198,1,2,64,32,32,1.6790997037219313e-08,8.690807094144705e-05,0.11438555200584233,3624.24658203125,8212.0,7629.32470703125
darcy,100,100,199,1,1,64,32,32,1.75841528005094e-08,9.031438819376984e-05,0.11455206200480461,3624.24658203125,8212.0,7629.32470703125
darcy,100,100,200,1,2,64,32,32,1.7364284232712635e-08,6.674618980926177e-05,0.11423669499345124,3624.24658203125,8212.0,7629.32470703125
