step,epoch,block,shape,torch_dtype,jax_dtype,torch_norm,jax_norm,diff_norm,relative_l2_vs_torch,max_abs,mean_abs,cosine_similarity
0,1,conv_layers.0.weights1,"[64, 64, 16]",complex64,complex64,0.005310091164925706,0.005310050578893391,0.00025496016302069426,0.04801427227930868,1.630596034374321e-05,1.1827948813221466e-07,0.9988473060476961
0,1,conv_layers.1.weights1,"[64, 64, 16]",complex64,complex64,0.004487584037276349,0.004487638703013342,0.00022525491481950317,0.05019514129393713,4.385586544231046e-05,8.375120590786195e-08,0.9987402393152764
0,1,conv_layers.2.weights1,"[64, 64, 16]",complex64,complex64,0.007493685605913244,0.007493680671391554,0.0002683211287843794,0.035806296513513726,4.420434925123118e-05,1.1615630697170373e-07,0.9993589541430875
0,1,conv_layers.3.weights1,"[64, 64, 16]",complex64,complex64,0.02362132125390557,0.023621162099655868,0.0002987857973990061,0.012648987505286336,3.218663186999038e-05,1.2623412962237205e-07,0.9999200010412326
0,1,mlp_layers.0.conv0.bias,[64],float32,float32,0.0018675081896286866,0.0018674914099435758,9.952378395142904e-08,5.329228782189018e-05,4.135654307901859e-08,9.461725625214967e-09,0.9999999986203193
0,1,mlp_layers.0.conv0.weight,"[64, 64, 1]",float32,float32,0.0004626655166274009,0.0004626655243627579,4.072119059368764e-09,8.801431948186814e-06,4.922640073345974e-10,4.564241215879172e-11,0.9999999999612686
0,1,mlp_layers.0.conv2.bias,[64],float32,float32,0.006135559166653754,0.0061354547954995545,3.3301070172228155e-07,5.427552610561831e-05,1.4260876923799515e-07,2.7833404914190396e-08,0.9999999986717457
0,1,mlp_layers.0.conv2.weight,"[64, 64, 1]",float32,float32,0.0017039794381269798,0.0017039523992068899,8.954318330024037e-08,5.2549450595874884e-05,9.655195754021406e-09,7.941473589845316e-10,0.9999999987451565
0,1,mlp_layers.1.conv0.bias,[64],float32,float32,0.006155710692641813,0.0061556966338009575,7.98992349232298e-08,1.2979692989590432e-05,2.6426278054714203e-08,7.442622518283315e-09,0.9999999999183716
0,1,mlp_layers.1.conv0.weight,"[64, 64, 1]",float32,float32,0.00046384236423143116,0.0004638425311911778,3.745118325121957e-09,8.074118739299445e-06,2.7921487344428897e-10,4.359943656107035e-11,0.9999999999674705
0,1,mlp_layers.1.conv2.bias,[64],float32,float32,0.02170762457733606,0.021707568415428154,3.2569121699825037e-07,1.5003540154194932e-05,1.1548399925231934e-07,2.7792566470452584e-08,0.9999999998907932
0,1,mlp_layers.1.conv2.weight,"[64, 64, 1]",float32,float32,0.006574175590475663,0.006574161166662148,9.73638014923989e-08,1.4810039700408172e-05,7.828930392861366e-09,9.512306289871653e-10,0.9999999998927386
0,1,mlp_layers.2.conv0.bias,[64],float32,float32,0.02266655082287756,0.022666581420955737,1.599003361790777e-07,7.054462649768875e-06,4.6333298087120056e-08,1.6307737382703635e-08,0.9999999999760285
0,1,mlp_layers.2.conv0.weight,"[64, 64, 1]",float32,float32,0.00046855530811431206,0.000468555295085429,2.5775268917793386e-09,5.501008839602148e-06,2.955857780762017e-10,2.674862837736408e-11,0.9999999999848712
0,1,mlp_layers.2.conv2.bias,[64],float32,float32,0.08252586302744151,0.08252582756207431,4.910422743413456e-07,5.950162244023599e-06,2.2724270820617676e-07,4.142884790780954e-08,0.99999999998239
0,1,mlp_layers.2.conv2.weight,"[64, 64, 1]",float32,float32,0.023393087015233557,0.023393080971693615,1.3944173897357677e-07,5.960809656407144e-06,1.594889909029007e-08,1.2586018893756545e-09,0.9999999999822685
0,1,mlp_layers.3.conv0.bias,[64],float32,float32,0.10031922039586261,0.10031923562754963,1.0084043416265991e-07,1.0051955524050184e-06,3.91155481338501e-08,9.973518899641931e-09,0.9999999999995063
0,1,mlp_layers.3.conv0.weight,"[64, 64, 1]",float32,float32,0.00046350081469119096,0.00046350069275020317,9.436225106806168e-09,2.035859443546628e-05,1.0018084140028805e-09,9.820009822664177e-11,0.9999999997927996
0,1,mlp_layers.3.conv2.bias,[64],float32,float32,0.32673809884595,0.32673810998121305,3.0825762882935744e-07,9.434395006830663e-07,8.344068191945553e-08,3.2146544981515035e-08,0.9999999999995555
0,1,mlp_layers.3.conv2.weight,"[64, 64, 1]",float32,float32,0.10125826537169093,0.10125826824199402,1.083143612733231e-07,1.069684147518538e-06,8.265487849712372e-09,1.145054814855051e-09,0.999999999999429
0,1,p.bias,[64],float32,float32,0.00378468077727691,0.003784654102212101,1.8643813336474101e-07,4.926125724634664e-05,5.762558430433273e-08,1.8937811319119646e-08,0.9999999988114942
0,1,p.weight,"[64, 2]",float32,float32,0.002719475936233192,0.0027194277037700353,1.6105521417868003e-07,5.922288630424922e-05,3.748573362827301e-08,1.1643333408528633e-08,0.9999999984035784
0,1,q.conv0.bias,[128],float32,float32,0.5349081144881682,0.5349081319723411,5.14843521549294e-07,9.624896456131103e-07,1.564621925354004e-07,3.226011813239893e-08,0.9999999999995373
0,1,q.conv0.weight,"[128, 64, 1]",float32,float32,0.4078035136120961,0.40780196007168507,4.855712066811909e-06,1.1906989284625626e-05,3.511086106300354e-07,3.557384103264338e-08,0.9999999999363685
0,1,q.conv2.bias,[1],float32,float32,1.7608771324157715,1.7608771324157715,0.0,0.0,0.0,0.0,1.0
0,1,q.conv2.weight,"[1, 128, 1]",float32,float32,0.9730871107516511,0.9730864609589467,6.148681369726218e-06,6.318736834338225e-06,1.385807991027832e-06,4.359653758001514e-07,0.9999999999802596
0,1,w_layers.0.bias,[64],float32,float32,0.006139392924309537,0.0061392886654268505,3.3301094742970827e-07,5.424167365328879e-05,1.4260876923799515e-07,2.7833351623485214e-08,0.9999999986730914
0,1,w_layers.0.weight,"[64, 64, 1]",float32,float32,0.026684469229625907,0.02668396298124046,3.578509761004971e-06,0.00013410458833604984,3.5623088479042053e-07,3.397758326084688e-08,0.9999999911877745
0,1,w_layers.1.bias,[64],float32,float32,0.021692596976055342,0.02169254072931136,3.2569409468658424e-07,1.5014066552109502e-05,1.1548399925231934e-07,2.779302121780347e-08,0.9999999998906501
0,1,w_layers.1.weight,"[64, 64, 1]",float32,float32,0.028912204013936245,0.0289125232009708,3.039560116852872e-06,0.00010513069551486786,3.528548404574394e-07,2.842525878565816e-08,0.9999999945347683
0,1,w_layers.2.bias,[64],float32,float32,0.082511192326408,0.08251115684998082,4.910422743413456e-07,5.951220198089245e-06,2.2724270820617676e-07,4.142884790780954e-08,0.999999999982384
0,1,w_layers.2.weight,"[64, 64, 1]",float32,float32,0.04211668865663805,0.042116749708017286,3.469932844528897e-06,8.238854846395902e-05,4.079192876815796e-07,3.3520226955241483e-08,0.9999999966071199
0,1,w_layers.3.bias,[64],float32,float32,0.32675081580543885,0.32675082693457985,3.0825762882935744e-07,9.434027825439522e-07,8.344068191945553e-08,3.2146544981515035e-08,0.9999999999995556
0,1,w_layers.3.weight,"[64, 64, 1]",float32,float32,0.1354237322631414,0.13542340517570442,4.5358770157952295e-06,3.34939595888672e-05,4.1676685214042664e-07,4.6798877412213e-08,0.9999999994419931
1,1,conv_layers.0.weights1,"[64, 64, 16]",complex64,complex64,0.005643398786510599,0.0056460193147903105,0.00029597356062319077,0.05244597658607001,1.9577777493395843e-05,1.4509374492218617e-07,0.9986254558552321
1,1,conv_layers.1.weights1,"[64, 64, 16]",complex64,complex64,0.004641780543333009,0.004642401291654501,0.0002328474771179455,0.05016339633987747,3.494502016110346e-05,9.517587884168076e-08,0.998741994009724
1,1,conv_layers.2.weights1,"[64, 64, 16]",complex64,complex64,0.007931343903469156,0.007931586649204767,0.00026444542882773074,0.03334181849207961,3.701465539052151e-05,1.232380893036331e-07,0.9994441790495683
1,1,conv_layers.3.weights1,"[64, 64, 16]",complex64,complex64,0.024530446756575865,0.02452994832159919,0.00032069754920888214,0.013073449187096966,2.74056765192654e-05,1.4407549926038066e-07,0.9999145409331625
1,1,mlp_layers.0.conv0.bias,[64],float32,float32,0.002174056255729701,0.002174457712753994,3.50371026204253e-06,0.001611600552105559,1.558917574584484e-06,3.190267960917481e-07,0.9999987186577413
1,1,mlp_layers.0.conv0.weight,"[64, 64, 1]",float32,float32,0.0006567630265866698,0.0006459539091264972,1.5219840826318754e-05,0.02317402199910574,6.544287316501141e-07,1.926508207822364e-07,0.9998646910930592
1,1,mlp_layers.0.conv2.bias,[64],float32,float32,0.007071025633340122,0.007071308547835898,6.686069678530653e-06,0.0009455586820397894,3.4383119782432914e-06,5.816201493757944e-07,0.9999995537776585
1,1,mlp_layers.0.conv2.weight,"[64, 64, 1]",float32,float32,0.002071642466062215,0.0020652871486104884,1.9417905109668706e-05,0.009373193216384641,2.7032438083551824e-06,1.7154020420968863e-07,0.9999606565265858
1,1,mlp_layers.1.conv0.bias,[64],float32,float32,0.006297310381717423,0.006298030880276744,2.6201010339586087e-06,0.0004160666816686343,9.781215339899063e-07,2.5104245082729904e-07,0.9999999199986583
1,1,mlp_layers.1.conv0.weight,"[64, 64, 1]",float32,float32,0.0006175078022900346,0.0006103128268139342,1.0922106537139047e-05,0.017687398437127907,4.4020271161571145e-07,1.3705757613557967e-07,0.9999104144483434
1,1,mlp_layers.1.conv2.bias,[64],float32,float32,0.02227654563917461,0.022278097399580626,7.853310028732117e-06,0.0003525371552634988,2.9655639082193375e-06,7.157470918173203e-07,0.9999999402891201
1,1,mlp_layers.1.conv2.weight,"[64, 64, 1]",float32,float32,0.006773106048437102,0.006772020131683456,1.4520321979979989e-05,0.0021438202615077263,2.1548185031861067e-06,1.4027346912151573e-07,0.9999977145034065
1,1,mlp_layers.2.conv0.bias,[64],float32,float32,0.023199570129457576,0.023199266163152082,4.223819847936481e-06,0.00018206457379886106,1.987442374229431e-06,3.509713906169054e-07,0.999999983511864
1,1,mlp_layers.2.conv0.weight,"[64, 64, 1]",float32,float32,0.0007835539122301563,0.0007746347339837553,1.1064714869903214e-05,0.014121191531557477,5.634065018966794e-07,1.340228010932032e-07,0.9999646800414804
1,1,mlp_layers.2.conv2.bias,[64],float32,float32,0.08626825226866106,0.08626657268816096,9.027039863720772e-06,0.00010463918795535926,3.2335519790649414e-06,8.400907063332852e-07,0.9999999947147435
1,1,mlp_layers.2.conv2.weight,"[64, 64, 1]",float32,float32,0.02459231061587346,0.02458905654800093,1.4710652068577619e-05,0.0005981809638937473,1.3620592653751373e-06,1.4462162271910994e-07,0.999999829821613
1,1,mlp_layers.3.conv0.bias,[64],float32,float32,0.10075757792558526,0.10075570325886125,4.588181275810142e-06,4.553683574250617e-05,2.030283212661743e-06,4.4568241719389334e-07,0.9999999991362688
1,1,mlp_layers.3.conv0.weight,"[64, 64, 1]",float32,float32,0.002132891032399939,0.0021176734781284978,1.564168416706072e-05,0.007333559909744017,6.057816790416837e-07,1.9964685360474022e-07,0.9999985511399819
1,1,mlp_layers.3.conv2.bias,[64],float32,float32,0.3362588224316367,0.33624779672091837,1.7162390976401322e-05,5.103922880682345e-05,1.0859686881303787e-05,1.4890183592797257e-06,0.9999999992350445
1,1,mlp_layers.3.conv2.weight,"[64, 64, 1]",float32,float32,0.10369483195184608,0.1036936079038156,1.90971796864878e-05,0.00018416713086874154,1.6724225133657455e-06,1.9600508205375178e-07,0.9999999831107064
1,1,p.bias,[64],float32,float32,0.004560343827475307,0.004559901670684273,3.5632121198219164e-06,0.0007813472524492915,1.0434305295348167e-06,3.583106149562809e-07,0.999999699419412
1,1,p.weight,"[64, 2]",float32,float32,0.0032232343354143063,0.003227966788645303,1.3767147367740871e-05,0.0042712213680769434,4.0065497159957886e-06,8.699555422708727e-07,0.9999919679783124
1,1,q.conv0.bias,[128],float32,float32,0.5388742910813752,0.5388569641316441,1.976336566315119e-05,3.667528028381434e-05,5.066394805908203e-06,1.3597841643786523e-06,0.9999999998443962
1,1,q.conv0.weight,"[128, 64, 1]",float32,float32,0.4189687623143294,0.4189492643516949,7.626337438118632e-05,0.0001820263972901399,5.40073961019516e-06,5.635858097499669e-07,0.9999999845153675
1,1,q.conv2.bias,[1],float32,float32,1.7645002603530884,1.7644463777542114,5.3882598876953125e-05,3.0537030845306224e-05,5.3882598876953125e-05,5.3882598876953125e-05,1.0
1,1,q.conv2.weight,"[1, 128, 1]",float32,float32,0.9915738941774823,0.9915408678451806,0.00011710932946083167,0.00011810449039501459,3.0077993869781494e-05,7.813868251105305e-06,0.9999999935801284
1,1,w_layers.0.bias,[64],float32,float32,0.007072926448933764,0.00707321017844437,6.686073929678045e-06,0.0009453051686527807,3.4383265301585197e-06,5.81620696493701e-07,0.9999995540215608
1,1,w_layers.0.weight,"[64, 64, 1]",float32,float32,0.03062586103962587,0.030635863530653524,6.269691264649445e-05,0.002047188569339253,8.047849405556917e-06,5.614405972093756e-07,0.9999979585109215
1,1,w_layers.1.bias,[64],float32,float32,0.022258366523871656,0.0222599171028046,7.853307772583095e-06,0.00035282498219986534,2.9655639082193375e-06,7.157461823226186e-07,0.9999999401878819
1,1,w_layers.1.weight,"[64, 64, 1]",float32,float32,0.030804929241476726,0.03080247231344247,4.389507058785996e-05,0.0014249365821869266,5.09270466864109e-06,4.3098917040795826e-07,0.9999989878777839
1,1,w_layers.2.bias,[64],float32,float32,0.08625668144018529,0.0862550024884593,9.02703987795496e-06,0.00010465322485441039,3.2335519790649414e-06,8.400907347549946e-07,0.9999999947131839
1,1,w_layers.2.weight,"[64, 64, 1]",float32,float32,0.04699832038223901,0.046984717068334285,4.749048596951843e-05,0.001010471982472493,3.766268491744995e-06,5.138306451366037e-07,0.9999995312259999
1,1,w_layers.3.bias,[64],float32,float32,0.3362699553972874,0.3362589295379612,1.7162390976401322e-05,5.1037539039504e-05,1.0859686881303787e-05,1.4890183592797257e-06,0.9999999992351097
1,1,w_layers.3.weight,"[64, 64, 1]",float32,float32,0.14154742746970367,0.14153739994450115,5.990516016401478e-05,0.0004232161702609302,7.1087852120399475e-06,5.800566811042795e-07,0.9999999129471755
2,1,conv_layers.0.weights1,"[64, 64, 16]",complex64,complex64,0.006788009316660062,0.006782604465251937,0.00032555765147007025,0.04796069602777976,2.0110825971642043e-05,1.8441552637999103e-07,0.9988492865750073
2,1,conv_layers.1.weights1,"[64, 64, 16]",complex64,complex64,0.005670227074102667,0.005667485290077912,0.0002507630470577505,0.044224515840476215,3.44582131219795e-05,1.2166161034725324e-07,0.9990217399767404
2,1,conv_layers.2.weights1,"[64, 64, 16]",complex64,complex64,0.009295436405120738,0.009292338966268741,0.00027284498222031176,0.029352573707029497,3.778372956730891e-05,1.443158955923216e-07,0.9995691251499117
2,1,conv_layers.3.weights1,"[64, 64, 16]",complex64,complex64,0.02747254613814381,0.0274691486250903,0.00031572867518540665,0.011492515968406667,2.5826694582065102e-05,1.6467384223829357e-07,0.9999339605183546
2,1,mlp_layers.0.conv0.bias,[64],float32,float32,0.0026710475387939294,0.002670357736142623,7.551459617609826e-06,0.002827152833460827,2.667598892003298e-06,7.115387248290972e-07,0.9999960359266779
2,1,mlp_layers.0.conv0.weight,"[64, 64, 1]",float32,float32,0.00125415593650736,0.0012244663222370084,3.303716821665441e-05,0.026342153519328757,1.703218003967777e-06,4.036811221269643e-07,0.9999316321036318
2,1,mlp_layers.0.conv2.bias,[64],float32,float32,0.008626665729010342,0.008624596686432078,1.4286834917689156e-05,0.0016561247840685897,6.453716196119785e-06,1.2874001527052314e-06,0.9999986570655109
2,1,mlp_layers.0.conv2.weight,"[64, 64, 1]",float32,float32,0.0028134966967609085,0.0027914365678834725,4.113302926273313e-05,0.01461989605677814,6.10046845395118e-06,3.5897586437086404e-07,0.9999232669197806
2,1,mlp_layers.1.conv0.bias,[64],float32,float32,0.00719268502922744,0.007192405616133345,6.247297849278353e-06,0.0008685626888835657,2.3492611944675446e-06,5.799814886131571e-07,0.9999996235393421
2,1,mlp_layers.1.conv0.weight,"[64, 64, 1]",float32,float32,0.0010643776275099358,0.0010445335172223752,2.2180885766164434e-05,0.020839301008285595,1.08679523691535e-06,2.6573058752206447e-07,0.9999558351708606
2,1,mlp_layers.1.conv2.bias,[64],float32,float32,0.02472137227670079,0.024720096545758484,1.695519215829759e-05,0.0006858515768672515,6.302172550931573e-06,1.6345111362170428e-06,0.9999997661232438
2,1,mlp_layers.1.conv2.weight,"[64, 64, 1]",float32,float32,0.0076252648431138,0.007618718664127306,2.9189257190654083e-05,0.0038279663449347894,3.6631536204367876e-06,2.860511681135325e-07,0.9999930358568573
2,1,mlp_layers.2.conv0.bias,[64],float32,float32,0.02475596402223391,0.024754073171764847,9.523933549815375e-06,0.0003847126915058411,4.544854164123535e-06,8.598468639320345e-07,0.9999999289095639
2,1,mlp_layers.2.conv0.weight,"[64, 64, 1]",float32,float32,0.0015533000375973596,0.0015300719082046103,2.4356630382107972e-05,0.01568057026495843,1.2480159057304263e-06,2.9766200757008754e-07,0.9999887027527125
2,1,mlp_layers.2.conv2.bias,[64],float32,float32,0.09341447052548989,0.09340462956711368,2.4666750023231504e-05,0.00026405705544839246,1.1486932635307312e-05,2.0889107759103354e-06,0.9999999706828696
2,1,mlp_layers.2.conv2.weight,"[64, 64, 1]",float32,float32,0.026920595556640822,0.026909716574798584,3.460799663748086e-05,0.001285558358642764,3.763241693377495e-06,3.389251547608607e-07,0.999999255022745
2,1,mlp_layers.3.conv0.bias,[64],float32,float32,0.10142138177993869,0.10141602587583685,1.2316195066728072e-05,0.00012143588314988068,6.9909729063510895e-06,1.09331540443236e-06,0.9999999940207125
2,1,mlp_layers.3.conv0.weight,"[64, 64, 1]",float32,float32,0.00413955419396072,0.0041116244852655295,2.814004341901591e-05,0.006797843946594537,1.0855146683752537e-06,3.5925884482590487e-07,0.9999996535483779
2,1,mlp_layers.3.conv2.bias,[64],float32,float32,0.34545894344931194,0.3454310337262552,4.018687410818023e-05,0.00011632894406184832,2.0839273929595947e-05,3.761733069040929e-06,0.9999999964970397
2,1,mlp_layers.3.conv2.weight,"[64, 64, 1]",float32,float32,0.10618563506631516,0.10617933667927287,3.683235270280092e-05,0.000346867565276587,3.07522714138031e-06,3.8236641541899985e-07,0.9999999415971096
2,1,p.bias,[64],float32,float32,0.005841157193031686,0.00583837217818342,7.854795788973073e-06,0.0013447328208087935,2.5751651264727116e-06,7.70708624031613e-07,0.9999992091348706
2,1,p.weight,"[64, 2]",float32,float32,0.004146698977951244,0.004150375997586797,2.5741866642541063e-05,0.006207797281503979,7.570211892016232e-06,1.4301157165164113e-06,0.9999811414976694
2,1,q.conv0.bias,[128],float32,float32,0.5318671650215518,0.5318286177096777,4.3378882444840606e-05,8.155961732114605e-05,1.173466444015503e-05,2.9885227377235424e-06,0.9999999993003091
2,1,q.conv0.weight,"[128, 64, 1]",float32,float32,0.42921955465964445,0.429155268954508,0.00016119782543125755,0.0003755603016714408,1.1589378118515015e-05,1.162195542591532e-06,0.9999999406843938
2,1,q.conv2.bias,[1],float32,float32,1.7293528318405151,1.7292354106903076,0.00011742115020751953,6.789889723229618e-05,0.00011742115020751953,0.00011742115020751953,1.0
2,1,q.conv2.weight,"[1, 128, 1]",float32,float32,1.0064637614784793,1.0063588935154535,0.0002518652711407972,0.0002502477295067347,6.866827607154846e-05,1.7039761587511748e-05,0.9999999741135838
2,1,w_layers.0.bias,[64],float32,float32,0.00862710808945856,0.00862503569961858,1.4286819373858351e-05,0.001656038063475219,6.453745299950242e-06,1.2873935162360794e-06,0.9999986572988572
2,1,w_layers.0.weight,"[64, 64, 1]",float32,float32,0.037512770240332984,0.037511463417013634,0.00011166357729980124,0.0029766817162370693,1.2251839507371187e-05,1.0510169191797758e-06,0.9999955701354581
2,1,w_layers.1.bias,[64],float32,float32,0.02470215823881187,0.02470087454842479,1.6955205069766055e-05,0.0006863855743230625,6.302172550931573e-06,1.6345111362170428e-06,0.99999976577552
2,1,w_layers.1.weight,"[64, 64, 1]",float32,float32,0.03623157686492061,0.036210135155574634,8.728140762178468e-05,0.002408987275027781,1.0747695341706276e-05,8.550330946460738e-07,0.9999972718870362
2,1,w_layers.2.bias,[64],float32,float32,0.09340619716817111,0.09339635564588356,2.4666749273846754e-05,0.0002640804360061469,1.1486932635307312e-05,2.088910491693241e-06,0.9999999706783138
2,1,w_layers.2.weight,"[64, 64, 1]",float32,float32,0.05636577809262016,0.056315452468811165,0.00010250671682282306,0.001818598452670771,1.0429881513118744e-05,1.073711252255749e-06,0.99999874380993
2,1,w_layers.3.bias,[64],float32,float32,0.34546865652074915,0.3454407454508897,4.018687410818023e-05,0.0001163256733994523,2.0839273929595947e-05,3.761733069040929e-06,0.9999999964975517
2,1,w_layers.3.weight,"[64, 64, 1]",float32,float32,0.15128798192491072,0.1512457447950245,0.00012921022580812154,0.0008540680109822133,1.5311408787965775e-05,1.2330570364066373e-06,0.999999674164702
3,1,conv_layers.0.weights1,"[64, 64, 16]",complex64,complex64,0.009084018005169914,0.009065778380569947,0.000461346568606647,0.05078661979138357,2.6912579414783977e-05,2.972782500553952e-07,0.9987097848193889
3,1,conv_layers.1.weights1,"[64, 64, 16]",complex64,complex64,0.007611989745261733,0.007604839961744329,0.000346360791945377,0.04550200453974306,4.400667603476904e-05,2.0084050438489581e-07,0.9989642520576436
3,1,conv_layers.2.weights1,"[64, 64, 16]",complex64,complex64,0.011980135743889985,0.011973472497699065,0.0003470828160601362,0.028971526156300244,4.094409814570099e-05,2.1483675892663697e-07,0.9995802465472379
3,1,conv_layers.3.weights1,"[64, 64, 16]",complex64,complex64,0.03255894214683845,0.03254981102435735,0.00038038922357793716,0.011683095287998288,3.0783914553467184e-05,2.3510203904213784e-07,0.9999317728338245
3,1,mlp_layers.0.conv0.bias,[64],float32,float32,0.0034805212790716897,0.0034769155152140348,1.7329920825411584e-05,0.004979116470172465,5.776993930339813e-06,1.6332158878640257e-06,0.9999881285322146
3,1,mlp_layers.0.conv0.weight,"[64, 64, 1]",float32,float32,0.002323345961023563,0.002249245806864005,7.824429317425814e-05,0.03367741803712573,4.419111064635217e-06,9.262209789348552e-07,0.9999395939905918
3,1,mlp_layers.0.conv2.bias,[64],float32,float32,0.011111686825218474,0.011104118152007911,3.013424060290036e-05,0.0027119411370116497,1.3610784662887454e-05,2.7451927735455683e-06,0.9999965523187199
3,1,mlp_layers.0.conv2.weight,"[64, 64, 1]",float32,float32,0.004220306237415332,0.004152435943708359,9.81220840254891e-05,0.023249991471136135,1.6800244338810444e-05,8.292868810023946e-07,0.9998567276697778
3,1,mlp_layers.1.conv0.bias,[64],float32,float32,0.008883197546296635,0.008882033721579937,1.445300238875958e-05,0.0016270045007368964,5.275709554553032e-06,1.336255422756949e-06,0.9999986848382281
3,1,mlp_layers.1.conv0.weight,"[64, 64, 1]",float32,float32,0.001868076479533089,0.001823632558109174,4.6572815404255625e-05,0.024930893308980656,2.5475164875388145e-06,5.36933805622003e-07,0.9999715610662462
3,1,mlp_layers.1.conv2.bias,[64],float32,float32,0.029633753138567066,0.02962899444067035,3.662067452034472e-05,0.0012357757840900847,1.2598931789398193e-05,3.4853925399147556e-06,0.9999992492021033
3,1,mlp_layers.1.conv2.weight,"[64, 64, 1]",float32,float32,0.009401623147584321,0.00938081075167679,6.141409942012367e-05,0.006532286867497298,6.49198773317039e-06,6.123506766514408e-07,0.9999810729544951
3,1,mlp_layers.2.conv0.bias,[64],float32,float32,0.027975058014779088,0.027971864462459306,1.7915896787779785e-05,0.0006404239368624331,8.121132850646973e-06,1.6041263677379902e-06,0.9999998014218466
3,1,mlp_layers.2.conv0.weight,"[64, 64, 1]",float32,float32,0.0027878083049332424,0.0027398974979178465,4.876124304657181e-05,0.01749088807874093,2.5202316464856267e-06,5.966789801865879e-07,0.9999946183510923
3,1,mlp_layers.2.conv2.bias,[64],float32,float32,0.1064171292039486,0.10639436932084759,4.761035976665356e-05,0.00044739376191410156,1.697428524494171e-05,4.094445102964528e-06,0.9999999227739905
3,1,mlp_layers.2.conv2.weight,"[64, 64, 1]",float32,float32,0.031236892424222156,0.03120803952144907,7.294770105686321e-05,0.0023353059602144377,8.957227692008018e-06,7.109082375278408e-07,0.9999976976390575
3,1,mlp_layers.3.conv0.bias,[64],float32,float32,0.10577302302329829,0.10575710606880007,2.1403479149413666e-05,0.0002023529113344826,7.430091500282288e-06,2.1261480469547678e-06,0.9999999908477148
3,1,mlp_layers.3.conv0.weight,"[64, 64, 1]",float32,float32,0.006488490798123384,0.006437039157617037,5.1710212549529604e-05,0.007969528532657448,1.920954673551023e-06,6.624029774415785e-07,0.9999996806691621
3,1,mlp_layers.3.conv2.bias,[64],float32,float32,0.3651546254949723,0.3650833893713368,7.915533952401286e-05,0.00021677211240776883,2.253800630569458e-05,8.16682359072729e-06,0.9999999955330973
3,1,mlp_layers.3.conv2.weight,"[64, 64, 1]",float32,float32,0.11214451578723135,0.11212431999920532,7.260423556580987e-05,0.0006474167288176611,6.084796041250229e-06,7.386262392827803e-07,0.9999998066066562
3,1,p.bias,[64],float32,float32,0.007891531312648834,0.007883628411985073,1.7226951414755983e-05,0.0021829668707192477,6.059650331735611e-06,1.6619798657302454e-06,0.9999981168837319
3,1,p.weight,"[64, 2]",float32,float32,0.00544338557456522,0.005446841039935213,5.4167355070321234e-05,0.009951041374585658,1.6260775737464428e-05,3.0236798380656182e-06,0.9999507211560394
3,1,q.conv0.bias,[128],float32,float32,0.5316934066544506,0.5315992914775887,0.0001025449988010432,0.0001928649058228543,2.6870518922805786e-05,7.1353622388414806e-06,0.9999999970673571
3,1,q.conv0.weight,"[128, 64, 1]",float32,float32,0.4525376831124593,0.45234758769440264,0.00035208979259340376,0.0007780341963387535,2.6188790798187256e-05,2.483126207722397e-06,0.9999997854687439
3,1,q.conv2.bias,[1],float32,float32,1.7132132053375244,1.7129309177398682,0.00028228759765625,0.00016477085092315514,0.00028228759765625,0.00028228759765625,1.0
3,1,q.conv2.weight,"[1, 128, 1]",float32,float32,1.0508288681847142,1.0505249637780858,0.0005498959344854799,0.0005232973237929921,0.00015145540237426758,3.7848974898224697e-05,0.9999999048720569
3,1,w_layers.0.bias,[64],float32,float32,0.011111398091735199,0.0111038294657226,3.013422344011891e-05,0.0027120100631200616,1.361081376671791e-05,2.7451889366147952e-06,0.9999965521407894
3,1,w_layers.0.weight,"[64, 64, 1]",float32,float32,0.04794911054509264,0.04792993194170095,0.00023126356205894794,0.004823104316845699,2.4445733288303018e-05,2.218508443500855e-06,0.9999884442016238
3,1,w_layers.1.bias,[64],float32,float32,0.029614599092648308,0.029609821965638636,3.662064866739153e-05,0.0012365741826463705,1.2598931789398193e-05,3.485387026103126e-06,0.9999992483313305
3,1,w_layers.1.weight,"[64, 64, 1]",float32,float32,0.046057322532051706,0.04599380268165399,0.00019180614281773337,0.004164509187095141,2.574501559138298e-05,1.8305064095336387e-06,0.9999922687933279
3,1,w_layers.2.bias,[64],float32,float32,0.10641125848465853,0.10638850033340819,4.7610348464709934e-05,0.0004474183384606243,1.697428524494171e-05,4.094445102964528e-06,0.9999999227620352
3,1,w_layers.2.weight,"[64, 64, 1]",float32,float32,0.0726713997508499,0.07252577704236032,0.00023625801702865904,0.0032510453608800343,3.0761584639549255e-05,2.365358455880262e-06,0.9999967164831839
3,1,w_layers.3.bias,[64],float32,float32,0.3651631775821292,0.3650919402001358,7.915533952401286e-05,0.000216767035625354,2.253800630569458e-05,8.16682359072729e-06,0.9999999955339791
3,1,w_layers.3.weight,"[64, 64, 1]",float32,float32,0.17033141439399338,0.1701930180178921,0.0002879514324410215,0.0016905362611206963,3.425963222980499e-05,2.693333176873036e-06,0.9999989002381569
4,1,conv_layers.0.weights1,"[64, 64, 16]",complex64,complex64,0.012165298250816846,0.012127107797618457,0.0007766846939378228,0.06384427885980287,4.617072227119934e-05,4.7242830624083126e-07,0.9979604789561567
4,1,conv_layers.1.weights1,"[64, 64, 16]",complex64,complex64,0.010025092949629761,0.010007465522189889,0.0005270814301263458,0.052576213784213496,6.110490176070016e-05,2.935100489044454e-07,0.9986169849375939
4,1,conv_layers.2.weights1,"[64, 64, 16]",complex64,complex64,0.015298569002341597,0.015286224461927176,0.0004985297902575454,0.032586694231417364,5.083667565486394e-05,3.0801672793792023e-07,0.999468950721932
4,1,conv_layers.3.weights1,"[64, 64, 16]",complex64,complex64,0.03754592880061422,0.03752691662618005,0.000554517787305046,0.014769052331872918,5.0249869673280045e-05,3.3177034199447844e-07,0.9998910105633659
4,1,mlp_layers.0.conv0.bias,[64],float32,float32,0.004395058568358321,0.004385003607093372,3.3948727795353966e-05,0.007724294743138038,1.1936761438846588e-05,3.191269712488065e-06,0.9999727222160325
4,1,mlp_layers.0.conv0.weight,"[64, 64, 1]",float32,float32,0.003908244325657816,0.0037504595506807734,0.00016497548559038787,0.04221217299730104,9.881274309009314e-06,1.8915305747303768e-06,0.9999208309049046
4,1,mlp_layers.0.conv2.bias,[64],float32,float32,0.013772733855785537,0.01375286000598668,5.522658359923836e-05,0.004009849037781212,2.407041029073298e-05,5.259002058721762e-06,0.9999929915452567
4,1,mlp_layers.0.conv2.weight,"[64, 64, 1]",float32,float32,0.006282139786667343,0.006117260392710951,0.00020855080734493524,0.03319741591671439,3.846676554530859e-05,1.6817036369576321e-06,0.9997878162466154
4,1,mlp_layers.1.conv0.bias,[64],float32,float32,0.010569676033427487,0.010563008564567392,2.9457154700591343e-05,0.0027869496290549136,1.149345189332962e-05,2.7628510821386953e-06,0.9999963130914554
4,1,mlp_layers.1.conv0.weight,"[64, 64, 1]",float32,float32,0.003011850570386176,0.002924058543251586,9.072286251763158e-05,0.03012196667711811,5.567868356592953e-06,1.049049387682674e-06,0.9999702959004572
4,1,mlp_layers.1.conv2.bias,[64],float32,float32,0.03439205390811779,0.03437486902751373,7.29914979458773e-05,0.0021223361111517864,2.574082463979721e-05,6.864093734293419e-06,0.999997871619219
4,1,mlp_layers.1.conv2.weight,"[64, 64, 1]",float32,float32,0.011416668800768621,0.011361289229038661,0.00012074792935380771,0.010576458988253948,1.1277967132627964e-05,1.2119538727456414e-06,0.9999556189336524
4,1,mlp_layers.2.conv0.bias,[64],float32,float32,0.030634279031347928,0.030624435742166257,3.5616882154166656e-05,0.0011626479643186657,1.3804063200950623e-05,3.4280341196790687e-06,0.9999993755462486
4,1,mlp_layers.2.conv0.weight,"[64, 64, 1]",float32,float32,0.004453469810855437,0.004366730282300015,8.77850310749476e-05,0.019711603491949024,4.605943104252219e-06,1.0704565390207144e-06,0.9999953086616297
4,1,mlp_layers.2.conv2.bias,[64],float32,float32,0.11606891959192066,0.11601296758594094,9.983179263400438e-05,0.0008601078823254032,3.471970558166504e-05,8.58488010635483e-06,0.9999997461750421
4,1,mlp_layers.2.conv2.weight,"[64, 64, 1]",float32,float32,0.03507783137385996,0.035009826690741375,0.000137962676315962,0.003933044629970253,1.7946818843483925e-05,1.3417527415793273e-06,0.9999941334462842
4,1,mlp_layers.3.conv0.bias,[64],float32,float32,0.10566627570017313,0.10563190791386286,4.22764443225108e-05,0.0004000940133678008,1.2621283531188965e-05,4.2982455852325074e-06,0.9999999728468172
4,1,mlp_layers.3.conv0.weight,"[64, 64, 1]",float32,float32,0.008913669448219343,0.008821277851308696,9.275672001081654e-05,0.010406120683479717,3.2864627428352833e-06,1.1860807044850041e-06,0.9999995701261217
4,1,mlp_layers.3.conv2.bias,[64],float32,float32,0.3665868223312086,0.36643967853167064,0.0001602966429290052,0.0004372678807973581,4.5768916606903076e-05,1.6452138879685663e-05,0.9999999849487938
4,1,mlp_layers.3.conv2.weight,"[64, 64, 1]",float32,float32,0.11287607525999796,0.11282478343968794,0.00013909054941838578,0.001232241191040755,1.1126045137643814e-05,1.4231490571559036e-06,0.9999993437360432
4,1,p.bias,[64],float32,float32,0.010207919376375857,0.010191420304274161,3.259095970725658e-05,0.003192713275408669,1.160206738859415e-05,3.166838610013656e-06,0.9999962033692189
4,1,p.weight,"[64, 2]",float32,float32,0.007255311469658197,0.007248634146933227,0.0001013296932792273,0.013966277492425974,3.12940392177552e-05,5.939039340319141e-06,0.9999028056039944
4,1,q.conv0.bias,[128],float32,float32,0.5001397421663384,0.49995423586826304,0.00019931077417555842,0.00039851017100190944,4.947930574417114e-05,1.3877464880351909e-05,0.9999999893776
4,1,q.conv0.weight,"[128, 64, 1]",float32,float32,0.45558466396533726,0.45515134234704513,0.0006607349616436501,0.0014503011490613333,4.9969181418418884e-05,4.588346307676794e-06,0.9999994000696888
4,1,q.conv2.bias,[1],float32,float32,1.5937193632125854,1.5931745767593384,0.0005447864532470703,0.00034183336528515373,0.0005447864532470703,0.0005447864532470703,1.0
4,1,q.conv2.weight,"[1, 128, 1]",float32,float32,1.0482890768303779,1.0475821107599652,0.0010594646930264522,0.0010106608152684992,0.00030744075775146484,7.345806488956441e-05,0.9999997164987918
4,1,w_layers.0.bias,[64],float32,float32,0.013771749710178631,0.01375188901665679,5.522646202839757e-05,0.0040101267588082854,2.4070468498393893e-05,5.258989013157134e-06,0.9999929892048596
4,1,w_layers.0.weight,"[64, 64, 1]",float32,float32,0.06022897941562059,0.06013788593305291,0.00043036391459327103,0.007145462512712854,4.379649180918932e-05,4.162629777065829e-06,0.999975578002209
4,1,w_layers.1.bias,[64],float32,float32,0.03437339505366778,0.034356176534040384,7.299148512884708e-05,0.0021234878025543943,2.574082463979721e-05,6.864091574243503e-06,0.9999978697960191
4,1,w_layers.1.weight,"[64, 64, 1]",float32,float32,0.05794970393887642,0.05778437398422927,0.00037658773336715596,0.006498527305063874,5.7594384998083115e-05,3.4509070945126785e-06,0.9999829055785991
4,1,w_layers.2.bias,[64],float32,float32,0.11606449038854334,0.11600854335847421,9.983179568698021e-05,0.0008601407316981986,3.471970558166504e-05,8.5848896560492e-06,0.999999746134976
4,1,w_layers.2.weight,"[64, 64, 1]",float32,float32,0.09121338105807336,0.09087277003303504,0.00048138825704410466,0.0052776056699138955,7.325969636440277e-05,4.53736835508145e-06,0.9999930195801732
4,1,w_layers.3.bias,[64],float32,float32,0.36659439590196846,0.36644724896968445,0.0001602966429290052,0.0004372588471643477,4.5768916606903076e-05,1.6452138879685663e-05,0.9999999849528471
4,1,w_layers.3.weight,"[64, 64, 1]",float32,float32,0.18687924435692824,0.18654487712910903,0.0005523912861184171,0.002955872858001195,6.209127604961395e-05,5.195961279305661e-06,0.9999972270924253
5,1,conv_layers.0.weights1,"[64, 64, 16]",complex64,complex64,0.016635133497730138,0.0165683056636495,0.0013682075023991728,0.08224806266723766,8.19747474452015e-05,7.546992831372538e-07,0.9966120871626949
5,1,conv_layers.1.weights1,"[64, 64, 16]",complex64,complex64,0.013629669376877498,0.013593199079141804,0.0008845131619617007,0.06489615686953215,9.187854084302671e-05,4.431563495167068e-07,0.9978921842724637
5,1,conv_layers.2.weights1,"[64, 64, 16]",complex64,complex64,0.02026370726070451,0.020240900300718248,0.0008202886662685438,0.04048068084063038,7.294200986507349e-05,4.5879875039625585e-07,0.9991803681211617
5,1,conv_layers.3.weights1,"[64, 64, 16]",complex64,complex64,0.044843291345658266,0.044800479709382925,0.000900106744472442,0.02007227207151891,8.44788592075929e-05,4.836630199622002e-07,0.9997988155979726
5,1,mlp_layers.0.conv0.bias,[64],float32,float32,0.0056856642030940615,0.005663769472420923,6.431585473430278e-05,0.01131193338841625,2.3066531866788864e-05,5.977069093887621e-06,0.9999432159982048
5,1,mlp_layers.0.conv0.weight,"[64, 64, 1]",float32,float32,0.00630594261973889,0.005996753406337997,0.0003261539099300123,0.05172167423615367,2.06679105758667e-05,3.616645202536052e-06,0.9998574857708362
5,1,mlp_layers.0.conv2.bias,[64],float32,float32,0.01745891420794706,0.017418113612923856,9.664613480267664e-05,0.0055356326087383275,3.8945465348660946e-05,9.290960903740597e-06,0.9999873795581853
5,1,mlp_layers.0.conv2.weight,"[64, 64, 1]",float32,float32,0.009511156817558505,0.009162384404743021,0.0004156281443318035,0.04369901078326394,7.782282773405313e-05,3.2103848155457665e-06,0.9997067839131079
5,1,mlp_layers.1.conv0.bias,[64],float32,float32,0.01288488418425342,0.012867351511777746,5.4264850963313426e-05,0.004211512512439215,2.361740916967392e-05,5.0864518925664015e-06,0.9999920465332485
5,1,mlp_layers.1.conv0.weight,"[64, 64, 1]",float32,float32,0.004785587783497012,0.004621514362086817,0.00016900914588076777,0.035316277441110135,1.1158379493281245e-05,1.9396149287947972e-06,0.9999628333668055
5,1,mlp_layers.1.conv2.bias,[64],float32,float32,0.04079532079827233,0.04075534710309402,0.00012939004949101134,0.0031716884916980713,4.609394818544388e-05,1.2309663361520506e-05,0.9999954457961956
5,1,mlp_layers.1.conv2.weight,"[64, 64, 1]",float32,float32,0.01442997808050686,0.014303500195509713,0.0002217521680267995,0.0153674639552197,2.080842386931181e-05,2.211561940260176e-06,0.9999196281537235
5,1,mlp_layers.2.conv0.bias,[64],float32,float32,0.034506694225814746,0.03448381589061571,6.188124979514523e-05,0.0017933114482131805,2.148747444152832e-05,6.008109465938105e-06,0.9999986108881541
5,1,mlp_layers.2.conv0.weight,"[64, 64, 1]",float32,float32,0.007010415834747116,0.006867832739424414,0.00014445561528852175,0.02060585544334299,7.550639566034079e-06,1.7565875194917174e-06,0.9999944182106532
5,1,mlp_layers.2.conv2.bias,[64],float32,float32,0.12865547265794555,0.12853894739775054,0.00019442135348018746,0.0015111782613172835,7.024407386779785e-05,1.673666542956198e-05,0.9999992676671606
5,1,mlp_layers.2.conv2.weight,"[64, 64, 1]",float32,float32,0.04066361635305365,0.04052468709658395,0.00023487653378057355,0.0057760857209871695,3.307592123746872e-05,2.2665249462539006e-06,0.9999891176418618
5,1,mlp_layers.3.conv0.bias,[64],float32,float32,0.10822608023607187,0.1081487291038501,8.602150844082423e-05,0.00079483159930755,2.783164381980896e-05,8.981740961644391e-06,0.9999999394890563
5,1,mlp_layers.3.conv0.weight,"[64, 64, 1]",float32,float32,0.01217683676931634,0.012044778414237308,0.00013256021572764003,0.010886260384278973,4.56735142506659e-06,1.67408165998445e-06,0.9999995472690689
5,1,mlp_layers.3.conv2.bias,[64],float32,float32,0.3738684247750873,0.37357310739632127,0.000310935685768245,0.0008316714254628443,8.831173181533813e-05,3.256091076764278e-05,0.9999999661028242
5,1,mlp_layers.3.conv2.weight,"[64, 64, 1]",float32,float32,0.11596288730457065,0.11584983083678269,0.00021687342667997222,0.0018701968510870652,1.6363803297281265e-05,2.269038086533115e-06,0.9999987251897372
5,1,p.bias,[64],float32,float32,0.013489141938816424,0.013458504463129484,5.817685383303725e-05,0.004312865421456293,2.0251376554369926e-05,5.673295589758709e-06,0.9999932636282186
5,1,p.weight,"[64, 2]",float32,float32,0.00925256232414059,0.009241441773687575,0.00018389005787966908,0.019874500861224886,5.755521124228835e-05,1.0823093617773338e-05,0.9998029875890297
5,1,q.conv0.bias,[128],float32,float32,0.4757662529658148,0.47541186153207304,0.00037311166180281033,0.0007842331385988815,8.508935570716858e-05,2.617713539621036e-05,0.9999999698940499
5,1,q.conv0.weight,"[128, 64, 1]",float32,float32,0.47010900358734165,0.4692445742136814,0.0011503170430968287,0.0024469155755769546,8.858740329742432e-05,7.94554687344462e-06,0.9999986944665853
5,1,q.conv2.bias,[1],float32,float32,1.495929479598999,1.4948999881744385,0.0010294914245605469,0.0006881951579940211,0.0010294914245605469,0.0010294914245605469,1.0
5,1,q.conv2.weight,"[1, 128, 1]",float32,float32,1.0730721397609937,1.0716191335601661,0.0018878905108194906,0.001759332332717148,0.0005626082420349121,0.00013247035076346947,0.9999993682613996
5,1,w_layers.0.bias,[64],float32,float32,0.01745751383710343,0.017416737141437977,9.664607339823356e-05,0.005536073137334496,3.89454944524914e-05,9.290934620764801e-06,0.999987374361755
5,1,w_layers.0.weight,"[64, 64, 1]",float32,float32,0.07542021727626227,0.07525713734468423,0.0007554777230016899,0.010016912577093154,7.242450374178588e-05,7.217898049801524e-06,0.9999520648178527
5,1,w_layers.1.bias,[64],float32,float32,0.04077719399869494,0.04073715775713963,0.0001293901475942366,0.0031731008170492966,4.609394818544388e-05,1.2309673365962226e-05,0.9999954432359704
5,1,w_layers.1.weight,"[64, 64, 1]",float32,float32,0.07317627892476504,0.07283663473011302,0.000680515831068118,0.009299677997671608,9.684590622782707e-05,6.104199504114449e-06,0.9999673781205507
5,1,w_layers.2.bias,[64],float32,float32,0.12865176908442805,0.12853525350952183,0.00019442134014405335,0.0015112216608266292,7.024407386779785e-05,1.673665701673599e-05,0.9999992675569429
5,1,w_layers.2.weight,"[64, 64, 1]",float32,float32,0.11520458808313745,0.11450487124532097,0.0009107653800793061,0.007905634621270915,0.00015092454850673676,8.182970503894937e-06,0.9999871170726756
5,1,w_layers.3.bias,[64],float32,float32,0.37387520798879453,0.3735798860529162,0.0003109357952049844,0.0008316566291667661,8.831173181533813e-05,3.256096169934608e-05,0.9999999661134459
5,1,w_layers.3.weight,"[64, 64, 1]",float32,float32,0.2112338614170724,0.21052115218779022,0.0010030854118765027,0.004748696090424407,0.00010702759027481079,9.579888923361146e-06,0.9999943980783995
6,1,conv_layers.0.weights1,"[64, 64, 16]",complex64,complex64,0.02153325180790422,0.021394562109207267,0.002063445323047913,0.09582599699551572,0.00012435988173820078,1.2566422141904122e-06,0.9953998020042719
6,1,conv_layers.1.weights1,"[64, 64, 16]",complex64,complex64,0.017446432148445757,0.017359469095796203,0.001293040175765078,0.07411487717162105,0.00017768472025636584,6.679630883338624e-07,0.9972522189646295
6,1,conv_layers.2.weights1,"[64, 64, 16]",complex64,complex64,0.025137783364775696,0.025094624931256915,0.0010948841629361997,0.04355531858351542,9.02980646060314e-05,6.676628607035588e-07,0.9990513121630493
6,1,conv_layers.3.weights1,"[64, 64, 16]",complex64,complex64,0.05039891264128131,0.05030505518195139,0.0009839675571913548,0.019523587030435167,8.267633529612795e-05,6.360688198189871e-07,0.9998107964872123
6,1,mlp_layers.0.conv0.bias,[64],float32,float32,0.006967187770459982,0.006914378461730412,0.00012448567867574407,0.017867421228913626,4.631304182112217e-05,1.1370598201665416e-05,0.9998681039464012
6,1,mlp_layers.0.conv0.weight,"[64, 64, 1]",float32,float32,0.009532655936133932,0.008925683254807023,0.0006352189047016711,0.06663608851063713,4.1291554225608706e-05,6.679980057308632e-06,0.9997938119043166
6,1,mlp_layers.0.conv2.bias,[64],float32,float32,0.020750054549901066,0.020657073484536083,0.00017929062844980077,0.008640489499371249,6.220824434421957e-05,1.700007376115309e-05,0.9999725878324058
6,1,mlp_layers.0.conv2.weight,"[64, 64, 1]",float32,float32,0.013834660008620549,0.01311090654806667,0.0008114407965876472,0.058652745790791265,0.00014983909204602242,6.039962873939653e-06,0.9996289187548123
6,1,mlp_layers.1.conv0.bias,[64],float32,float32,0.014587127589614305,0.014539750868509506,0.00010306955278763178,0.007065788117258595,4.861876368522644e-05,9.345957380446634e-06,0.9999802474125334
6,1,mlp_layers.1.conv0.weight,"[64, 64, 1]",float32,float32,0.006904786970220188,0.0065992937433989275,0.0003145862459200415,0.04556060125776909,2.2460444597527385e-05,3.586036800257153e-06,0.9999381303415785
6,1,mlp_layers.1.conv2.bias,[64],float32,float32,0.04487407543330836,0.04477134214290235,0.00024288541778096055,0.005412599935166034,9.327009320259094e-05,2.331474979655468e-05,0.9999879448862163
6,1,mlp_layers.1.conv2.weight,"[64, 64, 1]",float32,float32,0.01729386073887295,0.017016622652496614,0.00041201575434309976,0.023824394134097267,4.294887185096741e-05,4.0106909701062565e-06,0.9998421655464891
6,1,mlp_layers.2.conv0.bias,[64],float32,float32,0.036220190338141736,0.0361651979915052,0.00012575813247336841,0.0034720450472326366,4.364456981420517e-05,1.2175488620869146e-05,0.9999951176240239
6,1,mlp_layers.2.conv0.weight,"[64, 64, 1]",float32,float32,0.009924412327570744,0.009627364765866437,0.00030216259534879405,0.030446396761384477,1.5498953871428967e-05,3.678907299381473e-06,0.9999839606989503
6,1,mlp_layers.2.conv2.bias,[64],float32,float32,0.13187427052066505,0.131611170657758,0.00038483516462114884,0.0029181974853907844,0.0001441650092601776,3.287461424861249e-05,0.9999977277025714
6,1,mlp_layers.2.conv2.weight,"[64, 64, 1]",float32,float32,0.04443706867123312,0.04409354400506854,0.000503832696073489,0.011338117277741392,7.436331361532211e-05,4.806989186277588e-06,0.9999653365744158
6,1,mlp_layers.3.conv0.bias,[64],float32,float32,0.10346680753240027,0.10330578314995172,0.0001742553675891811,0.0016841668525880984,5.8865174651145935e-05,1.8040912280525845e-05,0.9999997924877085
6,1,mlp_layers.3.conv0.weight,"[64, 64, 1]",float32,float32,0.015296346646983408,0.015030969800258837,0.00026669130730389126,0.017434967542167033,9.678798960521817e-06,3.3225424618740784e-06,0.999998479066882
6,1,mlp_layers.3.conv2.bias,[64],float32,float32,0.3526795633822687,0.35208026441834683,0.0006202365847366997,0.0017586405596868298,0.00017349421977996826,6.530721293529496e-05,0.9999998971818412
6,1,mlp_layers.3.conv2.weight,"[64, 64, 1]",float32,float32,0.11097735311009671,0.11071369670432368,0.00045183857457513517,0.004071448470453986,3.1653791666030884e-05,4.786694962954918e-06,0.9999945207722764
6,1,p.bias,[64],float32,float32,0.016660029246523253,0.016594134261569592,0.00010920145398585149,0.006554697616070543,3.6254292353987694e-05,1.070852772500075e-05,0.9999862858235121
6,1,p.weight,"[64, 2]",float32,float32,0.011772860899501612,0.01168592320570827,0.00034127394597635347,0.028988191476109332,0.00010234594810754061,2.0721956005331776e-05,0.9996041855005292
6,1,q.conv0.bias,[128],float32,float32,0.4180090890577254,0.4173253345418501,0.000712476964537248,0.001704453283882681,0.00015191733837127686,4.9882599341799505e-05,0.9999998850554416
6,1,q.conv0.weight,"[128, 64, 1]",float32,float32,0.4555227337184634,0.4537441868975091,0.002129409155782934,0.00467464957983638,0.0001632794737815857,1.4660912687203265e-05,0.9999966830777945
6,1,q.conv2.bias,[1],float32,float32,1.293265461921692,1.291326642036438,0.0019388198852539062,0.0014991662132327966,0.0019388198852539062,0.0019388198852539062,1.0
6,1,q.conv2.weight,"[1, 128, 1]",float32,float32,1.0311779851314014,1.028064859290539,0.0036564851365348096,0.0035459301781630547,0.001095116138458252,0.0002546078299872079,0.9999982651310645
6,1,w_layers.0.bias,[64],float32,float32,0.02074781603146059,0.02065487459470707,0.00017929070780267902,0.008641425561650184,6.220833165571094e-05,1.7000036905301386e-05,0.9999725733266979
6,1,w_layers.0.weight,"[64, 64, 1]",float32,float32,0.09092005534324908,0.09037429988343008,0.001333432183830363,0.014665985175616944,0.0001273644156754017,1.2931865629381423e-05,0.9999099293022012
6,1,w_layers.1.bias,[64],float32,float32,0.044856804387581405,0.04475395530106017,0.00024288542163197337,0.005414684013897703,9.327009320259094e-05,2.3314738655244582e-05,0.999987941488138
6,1,w_layers.1.weight,"[64, 64, 1]",float32,float32,0.08890359147583012,0.08809496730063052,0.0013090063768598668,0.014723886348458054,0.0002115899696946144,1.1075190773868204e-05,0.999932352516139
6,1,w_layers.2.bias,[64],float32,float32,0.13187081985407784,0.13160772857360162,0.00038483508697590693,0.002918273257129573,0.0001441650092601776,3.2874632410084814e-05,0.9999977274552974
6,1,w_layers.2.weight,"[64, 64, 1]",float32,float32,0.13801875237621292,0.1365820286026002,0.001753337411309807,0.012703617306513117,0.00030228495597839355,1.4931631489134567e-05,0.9999732103537677
6,1,w_layers.3.bias,[64],float32,float32,0.3526857057611715,0.35208639965137956,0.0006202365459035611,0.0017586098210727239,0.00017349421977996826,6.530722657771548e-05,0.9999998972201052
6,1,w_layers.3.weight,"[64, 64, 1]",float32,float32,0.22667642700150858,0.22518968961561342,0.0018619334843984914,0.008214058731330276,0.0001816553995013237,1.7917678440559914e-05,0.9999876931779342
7,1,conv_layers.0.weights1,"[64, 64, 16]",complex64,complex64,0.02112078119526061,0.020946779511715263,0.0031163543617023248,0.14754919966699043,0.00016816848801681772,1.9697425244093004e-06,0.9890584112405757
7,1,conv_layers.1.weights1,"[64, 64, 16]",complex64,complex64,0.017307560456490022,0.01717922527848636,0.001832283731903898,0.10586608878299915,0.00018908583297161385,9.787521433314571e-07,0.9943820193692746
7,1,conv_layers.2.weights1,"[64, 64, 16]",complex64,complex64,0.023958708434348892,0.023912262511931605,0.0015969925903671167,0.06665603843976646,0.00012032164158881642,9.662104972365115e-07,0.9977760540181768
7,1,conv_layers.3.weights1,"[64, 64, 16]",complex64,complex64,0.04372929357540003,0.04361208636501447,0.0015266920372812656,0.03491234164688423,0.00013314702664501965,9.53775298901033e-07,0.9993925279774687
7,1,mlp_layers.0.conv0.bias,[64],float32,float32,0.006462202120058974,0.006376975668097212,0.00020193839487598443,0.03124916106371206,7.272092625498772e-05,1.833962848252213e-05,0.9995933495280196
7,1,mlp_layers.0.conv0.weight,"[64, 64, 1]",float32,float32,0.01077518177790318,0.009741767151502672,0.0010833875387249918,0.10054471108289888,7.619947427883744e-05,1.115010933929253e-05,0.9994961252622511
7,1,mlp_layers.0.conv2.bias,[64],float32,float32,0.018651024945472546,0.018517667188011372,0.000259259206166594,0.01390053398805453,8.411979069933295e-05,2.5166196117254458e-05,0.9999284382727384
7,1,mlp_layers.0.conv2.weight,"[64, 64, 1]",float32,float32,0.015240764234502888,0.013962287008147367,0.001398916394336935,0.09178781147798286,0.00024132942780852318,1.0153847411300577e-05,0.9992423185245567
7,1,mlp_layers.1.conv0.bias,[64],float32,float32,0.01263155130534846,0.012555967788683535,0.00015721868246575834,0.012446506265559695,7.758010178804398e-05,1.4007241944113957e-05,0.999940086115384
7,1,mlp_layers.1.conv0.weight,"[64, 64, 1]",float32,float32,0.007739569777932927,0.00724974459435483,0.0005060134865286757,0.0653800535491549,3.782060230150819e-05,5.7069201413600945e-06,0.9998563449864801
7,1,mlp_layers.1.conv2.bias,[64],float32,float32,0.03739357765964659,0.03723866784877583,0.0003551207851465703,0.009496838959322155,0.00013617891818284988,3.456957483649603e-05,0.9999633340486451
7,1,mlp_layers.1.conv2.weight,"[64, 64, 1]",float32,float32,0.01623900450413181,0.01575080268528441,0.0006415327566211454,0.03950567021875728,6.719084922224283e-05,6.1082249273869405e-06,0.9996613788163848
7,1,mlp_layers.2.conv0.bias,[64],float32,float32,0.02898244872299576,0.028908245431593746,0.00017140383223867423,0.005914056257871544,4.9451133236289024e-05,1.6668346006554202e-05,0.99998575301932
7,1,mlp_layers.2.conv0.weight,"[64, 64, 1]",float32,float32,0.010776550756258012,0.010391853168900924,0.0003951891671254462,0.036671211045515406,2.1434680093079805e-05,4.80912894344071e-06,0.9999634683191255
7,1,mlp_layers.2.conv2.bias,[64],float32,float32,0.10233361252765312,0.1019822211676925,0.0005415509562237029,0.005292014450065097,0.0002002231776714325,4.491703145959036e-05,0.9999918647878455
7,1,mlp_layers.2.conv2.weight,"[64, 64, 1]",float32,float32,0.03793321359862531,0.03742513837411639,0.0006681062988234584,0.017612699675085542,0.00010041939094662666,6.191696098972743e-06,0.9999337073123562
7,1,mlp_layers.3.conv0.bias,[64],float32,float32,0.07566330834025746,0.07546985235288431,0.0002054486997707968,0.002715301567926361,6.917864084243774e-05,2.104342956954497e-05,0.9999995811121772
7,1,mlp_layers.3.conv0.weight,"[64, 64, 1]",float32,float32,0.014787175412115997,0.014504783030640948,0.000284174890236163,0.01921765870196697,1.0729650966823101e-05,3.551661467496303e-06,0.9999976457276653
7,1,mlp_layers.3.conv2.bias,[64],float32,float32,0.2523542941178139,0.25167321227266976,0.00070309965276198,0.0027861608427147727,0.0001972094178199768,7.453575835825177e-05,0.9999997600673087
7,1,mlp_layers.3.conv2.weight,"[64, 64, 1]",float32,float32,0.08154237173305996,0.08120829345635332,0.0004941962713062626,0.006060607029239735,3.2174866646528244e-05,5.3405195593880794e-06,0.9999899861578947
7,1,p.bias,[64],float32,float32,0.015527485946740272,0.015439010286710006,0.0001622867880037512,0.010451581702305165,5.260889884084463e-05,1.5767969671287574e-05,0.9999613958720792
7,1,p.weight,"[64, 2]",float32,float32,0.010241210003912916,0.010138684843308479,0.0005404177614069677,0.052768936600312594,0.0001613470958545804,3.1756592562715014e-05,0.9986442577338988
7,1,q.conv0.bias,[128],float32,float32,0.2789118793237135,0.27818364308796867,0.0007778633322151979,0.002788921483377861,0.000178411602973938,5.2528407650243025e-05,0.9999995183362609
7,1,q.conv0.weight,"[128, 64, 1]",float32,float32,0.3383117424752327,0.33586669285224147,0.0028754903198980318,0.008499528567526863,0.00022306106984615326,1.9666131742090975e-05,0.9999899224484561
7,1,q.conv2.bias,[1],float32,float32,0.8462740778923035,0.8443288803100586,0.001945197582244873,0.002298543265190758,0.001945197582244873,0.001945197582244873,1.0
7,1,q.conv2.weight,"[1, 128, 1]",float32,float32,0.7617077565992906,0.7574966670625813,0.004870964358608421,0.006394794219183559,0.001414462924003601,0.0003395721937522467,0.9999948066626739
7,1,w_layers.0.bias,[64],float32,float32,0.01864827817120379,0.0185149828014739,0.00025925935779370647,0.013902589580310333,8.411993621848524e-05,2.516613301750681e-05,0.9999283931504734
7,1,w_layers.0.weight,"[64, 64, 1]",float32,float32,0.07943235423382004,0.07879342156842382,0.001997430951212902,0.025146314376295453,0.0001860363408923149,1.933115286174847e-05,0.9997138807920165
7,1,w_layers.1.bias,[64],float32,float32,0.037377137580470864,0.03722200332904068,0.0003551205750699491,0.009501010458743518,0.00013617891818284988,3.456955982983345e-05,0.999963326560784
7,1,w_layers.1.weight,"[64, 64, 1]",float32,float32,0.07844950613010448,0.07717573558834569,0.0019940064082950323,0.02541770505206336,0.00032519083470106125,1.66092579753363e-05,0.9998056313748894
7,1,w_layers.2.bias,[64],float32,float32,0.10233021450163785,0.10197883211759236,0.0005415507036398362,0.0052921877109049584,0.0002002231776714325,4.49169866669763e-05,0.9999918639582072
7,1,w_layers.2.weight,"[64, 64, 1]",float32,float32,0.12158096716037822,0.11924059421469672,0.002762553498739768,0.022721924025293088,0.0004916330799460411,2.2652469304954015e-05,0.9999256984605991
7,1,w_layers.3.bias,[64],float32,float32,0.252359940763243,0.25167884931763945,0.0007030997019985304,0.00278609869645737,0.0001972094178199768,7.453575653926237e-05,0.9999997601804562
7,1,w_layers.3.weight,"[64, 64, 1]",float32,float32,0.18432867526475602,0.18201696191548467,0.0027761270683147577,0.015060744424747452,0.00026311445981264114,2.689716394227437e-05,0.9999647869403169
8,1,conv_layers.0.weights1,"[64, 64, 16]",complex64,complex64,0.004499837168864532,0.0039857343908425566,0.005301524441980877,1.1781591739948758,0.00028147980629000813,3.1827039002884276e-06,0.22381884719694517
8,1,conv_layers.1.weights1,"[64, 64, 16]",complex64,complex64,0.002842747713483395,0.002623160899420478,0.0030886438105677833,1.0864994441533036,0.00033076289400923997,1.5038905104097609e-06,0.3635830924625398
8,1,conv_layers.2.weights1,"[64, 64, 16]",complex64,complex64,0.002664775665417086,0.0026559241952637197,0.0026247600192780664,0.9849834841039963,0.00018756004283204675,1.4990736865455644e-06,0.5132926098211102
8,1,conv_layers.3.weights1,"[64, 64, 16]",complex64,complex64,0.0036668987356224367,0.0036865614297427567,0.0023742818873830175,0.6474904431687274,0.00020849585416726768,1.3543857976236193e-06,0.7915104054008184
8,1,mlp_layers.0.conv0.bias,[64],float32,float32,0.0008126865784617018,0.0005417385653673553,0.0003577755796261746,0.44023808083971566,0.00011998706577287521,3.278843209031379e-05,0.9380024467161991
8,1,mlp_layers.0.conv0.weight,"[64, 64, 1]",float32,float32,0.0038510566395073514,0.0019459324627598047,0.001966751979292131,0.5107045061647623,0.00013841911277268082,1.9553577759214014e-05,0.9840793617192959
8,1,mlp_layers.0.conv2.bias,[64],float32,float32,0.0015700872952277047,0.0013782196500836486,0.00039827050212196114,0.2536613749646329,0.0001455797792004887,3.739809963221319e-05,0.9718552652118202
8,1,mlp_layers.0.conv2.weight,"[64, 64, 1]",float32,float32,0.005022687477657182,0.002562017105202418,0.002530271681852398,0.5037684891022995,0.000411203654948622,1.792813001711465e-05,0.9865025489615887
8,1,mlp_layers.1.conv0.bias,[64],float32,float32,0.0010350206357205534,0.0009131881349931211,0.0002457625106538559,0.23744696692231906,0.00011223368346691132,2.2819054748879353e-05,0.9759005667645344
8,1,mlp_layers.1.conv0.weight,"[64, 64, 1]",float32,float32,0.002049395880772682,0.0012255555848943744,0.0008762425878648208,0.4275614077717633,6.70180088491179e-05,9.784907971537027e-06,0.982264987061962
8,1,mlp_layers.1.conv2.bias,[64],float32,float32,0.00268835296847853,0.0025122512983739432,0.0005428696055178313,0.20193390223794444,0.0002120050812663976,5.252976676928256e-05,0.9804780347068314
8,1,mlp_layers.1.conv2.weight,"[64, 64, 1]",float32,float32,0.0027453677030315356,0.0017748687137572072,0.0010645556937814156,0.38776433940192934,0.00011210617958568037,9.823849018191638e-06,0.9803587514393959
8,1,mlp_layers.2.conv0.bias,[64],float32,float32,0.001863627505942474,0.001840569471604606,0.0002751589056756806,0.1476469438223532,0.00010876395390368998,2.7038737215434594e-05,0.9890411411164146
8,1,mlp_layers.2.conv0.weight,"[64, 64, 1]",float32,float32,0.001995933900364847,0.0013497749759368012,0.0006857656553189991,0.34358134565159926,3.478558937786147e-05,8.385472500017921e-06,0.9902093593992255
8,1,mlp_layers.2.conv2.bias,[64],float32,float32,0.006541755208937545,0.006372816696689956,0.0006893347107749772,0.10537458048463616,0.0004182338307145983,5.543937175644942e-05,0.9946432180664666
8,1,mlp_layers.2.conv2.weight,"[64, 64, 1]",float32,float32,0.004127779357147976,0.0031740748869290214,0.0010975188828335335,0.2658860340810093,0.00016793669783510268,9.926716438390763e-06,0.9887422467717882
8,1,mlp_layers.3.conv0.bias,[64],float32,float32,0.004381708849289239,0.004434195083610197,0.00013984134015034577,0.031914795108540714,5.0288334023207426e-05,1.259337727788079e-05,0.9995676439501813
8,1,mlp_layers.3.conv0.weight,"[64, 64, 1]",float32,float32,0.0018479160594960533,0.0014121089888768765,0.00045543662401076806,0.24645958438987242,1.8256119801662862e-05,5.70953701291288e-06,0.9966478269050133
8,1,mlp_layers.3.conv2.bias,[64],float32,float32,0.014376555521372854,0.014467698842991431,0.00025263807116866836,0.01757292077320502,8.174043432518374e-05,2.4804773971709437e-05,0.9998665383553146
8,1,mlp_layers.3.conv2.weight,"[64, 64, 1]",float32,float32,0.005402205367697044,0.005060186572736095,0.000707107303697228,0.13089234036259292,5.6677041357033886e-05,7.735131157309005e-06,0.9929941918717488
8,1,p.bias,[64],float32,float32,0.0011320698779698042,0.0010396218278363313,0.00023430088936608387,0.20696680825592412,7.930325227789581e-05,2.3023689948331594e-05,0.9803087357822196
8,1,p.weight,"[64, 2]",float32,float32,0.0015813688476963431,0.0007770134409287481,0.0009941956589748055,0.6286930847430684,0.0002858396910596639,5.882122312073079e-05,0.8610625354791093
8,1,q.conv0.bias,[128],float32,float32,0.014884482162170358,0.014988093396404046,0.00044698335129065496,0.030030158014276446,0.0001390907564200461,2.6338289202954e-05,0.9995762723093576
8,1,q.conv0.weight,"[128, 64, 1]",float32,float32,0.023553056676769112,0.020885594381224774,0.0033525115862397823,0.1423387050032634,0.000277684535831213,2.3032649043599335e-05,0.9958082795067148
8,1,q.conv2.bias,[1],float32,float32,0.043538860976696014,0.04434793069958687,0.0008090697228908539,0.018582703009247414,0.0008090697228908539,0.0008090697228908539,1.0
8,1,q.conv2.weight,"[1, 128, 1]",float32,float32,0.05056265745294913,0.04665203985568008,0.005177706744584779,0.10240179225949254,0.001569333951920271,0.00034922139124660134,0.9975590411178153
8,1,w_layers.0.bias,[64],float32,float32,0.001566885638945496,0.001376418135198752,0.0003982700900890815,0.25417942457952114,0.0001455798847018741,3.739794548351938e-05,0.971636812546563
8,1,w_layers.0.weight,"[64, 64, 1]",float32,float32,0.00759402888026691,0.005261375421908863,0.003419177132241813,0.45024547393104436,0.00033720332430675626,3.3147242598827176e-05,0.9217933383482223
8,1,w_layers.1.bias,[64],float32,float32,0.0026800565522360482,0.0024977953804876437,0.000542869612498532,0.20255901393035916,0.00021200508854235522,5.252976598058012e-05,0.9804691376662815
8,1,w_layers.1.weight,"[64, 64, 1]",float32,float32,0.008130886432700157,0.005447324452932896,0.0032620202828774003,0.4011887645802633,0.0005046399892307818,2.693779940877994e-05,0.9611746555519921
8,1,w_layers.2.bias,[64],float32,float32,0.0065389220647601625,0.006369608512626074,0.0006893346691189613,0.10542023016820358,0.0004182337725069374,5.5439371898557965e-05,0.9946397214716918
8,1,w_layers.2.weight,"[64, 64, 1]",float32,float32,0.012673510184843109,0.008816759803732697,0.004231947313773549,0.33392069379758327,0.0007700317073613405,3.28166187568979e-05,0.9864199315033058
8,1,w_layers.3.bias,[64],float32,float32,0.014381937032352769,0.014472982546977806,0.0002526379135169501,0.017566334280885148,8.174043614417315e-05,2.480475541233318e-05,0.9998665943869676
8,1,w_layers.3.weight,"[64, 64, 1]",float32,float32,0.015544951368004071,0.012268112206334307,0.0038124181921337934,0.2452512138430252,0.0003568007377907634,3.716449391400617e-05,0.990045322283434
9,1,conv_layers.0.weights1,"[64, 64, 16]",complex64,complex64,0.04739358165723494,0.046154014531393756,0.006181585558895521,0.13043085883659652,0.00031599616340827197,4.07268026796451e-06,0.9916166669679864
9,1,conv_layers.1.weights1,"[64, 64, 16]",complex64,complex64,0.039800503562015435,0.039094705077540606,0.0035935063871787905,0.0902879628540263,0.0003802215651376173,1.923108878561368e-06,0.9960105318664303
9,1,conv_layers.2.weights1,"[64, 64, 16]",complex64,complex64,0.0519350400342797,0.05100579393394509,0.0030714121524353993,0.059139497156604,0.00021359408856369555,1.951840851241838e-06,0.9983823870744044
9,1,conv_layers.3.weights1,"[64, 64, 16]",complex64,complex64,0.08128951203024486,0.08014868759750897,0.0027713080468298266,0.034091827809210176,0.000224926377995871,1.8408375508740282e-06,0.9995104815508762
9,1,mlp_layers.0.conv0.bias,[64],float32,float32,0.013437163657759021,0.01331581698173248,0.00046840112640367455,0.03485863075971436,0.00019271799828857183,4.2384571372622304e-05,0.9994280493875608
9,1,mlp_layers.0.conv0.weight,"[64, 64, 1]",float32,float32,0.021120965545253337,0.022926244428647075,0.002061802521582577,0.09761876260652017,0.00015544297639280558,2.067834638526389e-05,0.998975683843121
9,1,mlp_layers.0.conv2.bias,[64],float32,float32,0.03634284608721627,0.0359467576716864,0.0005904101160746764,0.016245566311944827,0.00022953934967517853,5.478704321149053e-05,0.9999266315927549
9,1,mlp_layers.0.conv2.weight,"[64, 64, 1]",float32,float32,0.030613377556429934,0.03283326062228877,0.0025626872120937203,0.08371135159359316,0.0004228975158184767,1.8367455110405995e-05,0.9991844470382245
9,1,mlp_layers.1.conv0.bias,[64],float32,float32,0.022994679725158843,0.022743717648775655,0.00037228759588322754,0.016190162260703366,0.00013763317838311195,3.673427340800117e-05,0.9999277071406336
9,1,mlp_layers.1.conv0.weight,"[64, 64, 1]",float32,float32,0.01662936183437768,0.017379755544315895,0.0008075859928550666,0.048563859569496756,8.137855911627412e-05,8.690730775945399e-06,0.9998458477083181
9,1,mlp_layers.1.conv2.bias,[64],float32,float32,0.06357529821786896,0.06289793769376249,0.0008847168561210918,0.013916047284421963,0.0002948013134300709,8.748412756176549e-05,0.9999594990660783
9,1,mlp_layers.1.conv2.weight,"[64, 64, 1]",float32,float32,0.03174046826231357,0.032281206957599985,0.0008811636030995707,0.027761518696490163,8.746888488531113e-05,8.255770979619104e-06,0.9997637901545801
9,1,mlp_layers.2.conv0.bias,[64],float32,float32,0.045591603610675366,0.045071159688148184,0.0006265903094637874,0.013743546176056637,0.00022175069898366928,6.245285430850345e-05,0.9999703743424275
9,1,mlp_layers.2.conv0.weight,"[64, 64, 1]",float32,float32,0.024222898822021176,0.02471965665854796,0.0005501556370441331,0.022712212980222808,2.905423752963543e-05,6.442382087169796e-06,0.9999533194878171
9,1,mlp_layers.2.conv2.bias,[64],float32,float32,0.15057546161255508,0.1490734947767082,0.001667271737509075,0.011072665623294738,0.0006277374923229218,0.00016900056934332497,0.9999883303983074
9,1,mlp_layers.2.conv2.weight,"[64, 64, 1]",float32,float32,0.06707752644288685,0.06730965782295749,0.0007969907261819605,0.01188163560056971,9.652134031057358e-05,7.945781630828291e-06,0.9999356241748691
9,1,mlp_layers.3.conv0.bias,[64],float32,float32,0.1009312037638235,0.09978439043261299,0.0011594995610712778,0.011488018747745027,0.0003071185201406479,0.00011962956534716795,0.9999985474444651
9,1,mlp_layers.3.conv0.weight,"[64, 64, 1]",float32,float32,0.030587152254532367,0.03073174827635778,0.0001616949899557129,0.005286369538757997,7.735914550721645e-06,1.9517872368729483e-06,0.9999972142133855
9,1,mlp_layers.3.conv2.bias,[64],float32,float32,0.3171885937052749,0.31378097264568217,0.003418846998041754,0.010778593763741946,0.0009058564901351929,0.0003619906274252571,0.9999996150143363
9,1,mlp_layers.3.conv2.weight,"[64, 64, 1]",float32,float32,0.11203833396430832,0.11118594560544096,0.001075666809760421,0.009600881874083316,6.395182572305202e-05,1.2237551122271095e-05,0.9999827209550255
9,1,p.bias,[64],float32,float32,0.033366212896311205,0.03287612335631767,0.000594992186259978,0.017832176163023798,0.0001985842827707529,6.35948347280646e-05,0.9999481162473831
9,1,p.weight,"[64, 2]",float32,float32,0.02353271641931376,0.023164135027497437,0.0013009363405538283,0.05528203023286018,0.000305958092212677,9.224360557169575e-05,0.9985722434159132
9,1,q.conv0.bias,[128],float32,float32,0.3102984046230198,0.3070030007998553,0.0033170080412950904,0.010689736047224958,0.0007037222385406494,0.00024843032974786183,0.9999992501985239
9,1,q.conv0.weight,"[128, 64, 1]",float32,float32,0.4705294870542213,0.4680915970546443,0.0030357410543297068,0.006451755177630098,0.00024581514298915863,2.337018701256688e-05,0.9999925711629043
9,1,q.conv2.bias,[1],float32,float32,0.898709237575531,0.8887490034103394,0.00996023416519165,0.011082821616545979,0.00996023416519165,0.00996023416519165,1.0
9,1,q.conv2.weight,"[1, 128, 1]",float32,float32,1.054514304719849,1.0472485355912526,0.007855216799805846,0.007449132519726916,0.00223502516746521,0.0005442860394282434,0.999995964539203
9,1,w_layers.0.bias,[64],float32,float32,0.03634726967214593,0.03595124966545975,0.0005904083546074143,0.016243540709740382,0.00022953934967517853,5.478679167936207e-05,0.9999266297499337
9,1,w_layers.0.weight,"[64, 64, 1]",float32,float32,0.1609193271301392,0.15906947564177337,0.00443199903944045,0.027541744789028287,0.0004421677440404892,4.4287810640614156e-05,0.9996831573763763
9,1,w_layers.1.bias,[64],float32,float32,0.06359002312972332,0.0629123916554389,0.0008847169457853128,0.013912826293214185,0.0002948013134300709,8.748417087645066e-05,0.9999595636125095
9,1,w_layers.1.weight,"[64, 64, 1]",float32,float32,0.15676479752389277,0.1566236159832275,0.0030567906469003855,0.019499215992254224,0.0004885904490947723,2.8096656538967313e-05,0.9998101248226491
9,1,w_layers.2.bias,[64],float32,float32,0.15057885168325766,0.14907683932856863,0.0016672717487836272,0.011072416412702697,0.0006277374923229218,0.000169000588414292,0.9999883339676752
9,1,w_layers.2.weight,"[64, 64, 1]",float32,float32,0.2288131821010392,0.2298029504439567,0.0026456696256571418,0.011562575203769809,0.0003848401829600334,2.4448969075024918e-05,0.9999427567155402
9,1,w_layers.3.bias,[64],float32,float32,0.31718364956201234,0.3137760368268063,0.0034188475846617067,0.010778763626002387,0.0009058564901351929,0.0003619906601670664,0.9999996146971099
9,1,w_layers.3.weight,"[64, 64, 1]",float32,float32,0.3014429220013391,0.3012808494093988,0.0018904340603015978,0.006271283623946559,0.00014093099161982536,2.0935453647286106e-05,0.9999804695371646
