dataset_id,0,100,200,300,400,500,600,700,800,900,1000
train_original_binary_grf_alpha2_tau3,0.0001322771477515,0.0001589530613313,0.0001564864031356,0.0001539149565843,0.0001532138327511,0.0001687610889961,0.0001586332663958,0.0001580458846797,0.0001538343843216,0.0001417329358803,0.0001847141792081
test_original_binary_grf_alpha2_tau3,0.0001557867109959,0.0001780089343494,0.0001733544965951,0.0001779701978801,0.000179522974181,0.0002046001446948,0.0001863666671663,0.0001839437599947,0.0001919074884971,0.0001721284419104,0.0002112826692752
darcy_binary_loss3targeted_20260611_00_matern_smooth_frac0p12_a3p65909_t2p05625,0.0012173421135067,0.0010607279009154,0.0010240011312384,0.0010161683347971,0.0010587680153848,0.0011930945563409,0.0011082696293961,0.0010406046814025,0.001062733709331,0.0010670518666607,0.00095977052834
darcy_binary_loss3targeted_20260611_08_matern_smooth_frac0p16_a3p55666_t2p38988,0.0009348440552705,0.0007721547059217,0.0007286093280984,0.0007158661462489,0.0007531719763217,0.0008777050828657,0.0008053028392479,0.0007399866140315,0.0007511189796484,0.0007623638920302,0.0006610190875277
darcy_binary_loss3targeted_20260611_16_matern_smooth_frac0p2_a3p63184_t2p95736,0.000718370222795,0.0006085201678255,0.0005737820966962,0.0005790256582785,0.000613827511347,0.0007312460572217,0.0006651139742685,0.0006181269128713,0.0006463978328165,0.0006570765329261,0.0005560308425722
darcy_binary_loss3targeted_20260611_24_matern_smooth_frac0p24_a4p16883_t1p66293,0.0005371410772106,0.0004140850760067,0.0003787187159767,0.0003751660123063,0.0004077934554672,0.0005174532662075,0.0004619840413237,0.0004104216404189,0.0004170476604013,0.0004248034069808,0.0003341562623907
darcy_binary_loss3targeted_20260611_32_matern_smooth_frac0p12_a4p06817_t2p8029,0.0012621217663258,0.0010989798672684,0.0010507582633282,0.001048119034991,0.0010873079305778,0.0012234490684172,0.0011381073477843,0.0010816289590788,0.0011116874075504,0.0011222102338852,0.0010092968298388
darcy_binary_loss3targeted_20260611_40_matern_smooth_frac0p16_a4p67408_t1p27431,0.0010295920254251,0.0009072309007254,0.0008716119233105,0.0008805838783411,0.0009190515606626,0.0010447354251059,0.0009709183892987,0.0009218822022795,0.0009576841564728,0.0009628371498006,0.0008579816859956
darcy_binary_loss3targeted_20260611_48_matern_smooth_frac0p2_a3p3086_t2p22775,0.0007366816317989,0.0006514562367033,0.0006227965559793,0.0006341664845244,0.0006630839804505,0.0007772513292178,0.0007086773824014,0.0006661690675526,0.0007003272543928,0.0006959751243962,0.000607287318624
darcy_binary_loss3targeted_20260611_01_matern_fine_frac0p24_a1p77634_t11p8641,0.0004666594700048,0.0004130794915296,0.0003850240498361,0.0003834353502833,0.0003949811284357,0.0004657437436198,0.0004179646781982,0.0003919999630355,0.0003987726142554,0.000393704285783,0.000363422855013
darcy_binary_loss3targeted_20260611_09_matern_fine_frac0p12_a1p37232_t13p3592,0.0011456258091291,0.0009873118939834,0.0009254301624407,0.0009136078561584,0.0009419352150013,0.0010778779868415,0.0009841207235675,0.0009193726354203,0.000940571322206,0.0009381262899334,0.0008301764177095
darcy_binary_loss3targeted_20260611_17_matern_fine_frac0p16_a1p05208_t9p11004,0.0008629653511078,0.0007239597130588,0.000662226982966,0.0006516159367183,0.0006784982512549,0.0008023494612435,0.000718318040385,0.0006570550120443,0.0006733878935658,0.0006751490291432,0.0005713010616405
darcy_binary_loss3targeted_20260611_25_matern_fine_frac0p2_a1p32486_t12p8246,0.0007034964572074,0.0005955894197675,0.0005442446983359,0.0005385186641216,0.0005620998398701,0.0006758004562017,0.0005986405029553,0.0005475608053609,0.0005611163046907,0.000555536136213,0.0004722497237919
darcy_binary_loss3targeted_20260611_33_matern_fine_frac0p24_a1p77702_t7p67384,0.0005322670608593,0.0004458599339396,0.0004096328864629,0.0004087100741897,0.000432149941646,0.0005332827745057,0.0004673773225541,0.0004268219256973,0.0004421615151392,0.0004362886738253,0.0003762889660074
darcy_binary_loss3targeted_20260611_41_matern_fine_frac0p12_a1p13343_t8p3613,0.0011516666912242,0.0009932448056355,0.0009363447703295,0.0009260983162175,0.0009569497212126,0.001092994945993,0.001000371745914,0.0009363872806053,0.0009566610927092,0.0009552032552635,0.0008457402790188
darcy_binary_loss3targeted_20260611_49_matern_fine_frac0p16_a1p39654_t9p9182,0.0008257076308348,0.0006870339719958,0.0006342275012346,0.000627622132148,0.0006571489964193,0.0007777507915726,0.0006987897635755,0.0006432988409129,0.0006592366292848,0.0006626059757284,0.0005653281831079
darcy_binary_loss3targeted_20260611_02_highpass_grf_frac0p2_a1p39914_t8p09047,0.0006490427148373,0.0005320439449681,0.0004721461534242,0.0004632264649772,0.0004864646885381,0.0006040422573732,0.0005266168481298,0.0004693751692598,0.0004801524852349,0.0004789602948996,0.0003843489032451
darcy_binary_loss3targeted_20260611_10_highpass_grf_frac0p24_a1p11037_t11p7271,0.0003372161109663,0.0002636372701055,0.0002166907998353,0.0002106238132709,0.0002218381709065,0.000294014626931,0.0002475572840918,0.0002124341843679,0.0002120075623886,0.0002150207742994,0.0001864650906447
darcy_binary_loss3targeted_20260611_18_highpass_grf_frac0p12_a1p26489_t6p96292,0.0010776172504202,0.0009133229469442,0.0008500338302291,0.0008385596216256,0.00086820031352,0.0010049290644266,0.0009104673372702,0.000845169417329,0.0008641910928061,0.0008633693971456,0.0007513161729486
darcy_binary_loss3targeted_20260611_26_highpass_grf_frac0p16_a1p59204_t12p8363,0.00096945023971,0.0008268010015018,0.0007665127548558,0.0007571399962319,0.0007846087553582,0.0009164073476696,0.0008281723310783,0.0007661960630634,0.0007808046820723,0.0007786941299381,0.0006723491517879
darcy_binary_loss3targeted_20260611_34_highpass_grf_frac0p2_a1p38501_t10p2829,0.0005487049634766,0.0004367532035714,0.0003779303407283,0.0003699958328505,0.0003923797299182,0.0005031146228079,0.0004303776711158,0.0003772048589751,0.0003870662188034,0.000385168753009,0.0002975649793601
darcy_binary_loss3targeted_20260611_42_highpass_grf_frac0p24_a1p18205_t11p6872,0.0003509766369409,0.0002777237810565,0.0002327484007271,0.0002272918349236,0.0002364764796386,0.000306133670336,0.0002631353110457,0.0002292693521635,0.0002269215767405,0.0002306418362633,0.0002032736153235
darcy_binary_loss3targeted_20260611_03_bandpass_grf_frac0p16_a2p16503_t3p04694,0.0008978793719268,0.0007753588302945,0.0007355648131528,0.0007355376148954,0.0007666729347839,0.0008856726820519,0.0008133964750942,0.000765456302888,0.0007885452067871,0.0007928325601083,0.0006968797034614
darcy_binary_loss3targeted_20260611_11_bandpass_grf_frac0p2_a1p80507_t4p09153,0.0005905170835778,0.0004849526224628,0.0004378340807273,0.0004321983800144,0.0004541431976635,0.0005604320633121,0.0004938695219655,0.0004460847473909,0.0004565759793734,0.0004582379375745,0.0003771398560448
darcy_binary_loss3targeted_20260611_19_bandpass_grf_frac0p24_a2p18225_t4p94437,0.0006419284806556,0.0005450359030778,0.0005027223667779,0.0005032162252621,0.0005288732967647,0.0006306273481289,0.0005684877234675,0.0005218426012493,0.0005325171466118,0.0005380201462579,0.0004667577403347
darcy_binary_loss3targeted_20260611_27_bandpass_grf_frac0p12_a1p8965_t7p66724,0.0011533347201181,0.00099370110924,0.0009356066450492,0.0009257193938423,0.0009579207512776,0.0010859385012732,0.000999124477824,0.0009348463166134,0.0009519391155124,0.0009569190087264,0.0008485928372628
darcy_binary_loss3targeted_20260611_35_bandpass_grf_frac0p16_a1p27246_t5p44182,0.0009738938983959,0.0008348892271587,0.0007776655313265,0.0007680609251137,0.0007954229916784,0.0009226226173454,0.0008385127051899,0.0007766725489579,0.0007942500757194,0.0007919295683848,0.0006916065668268
darcy_binary_loss3targeted_20260611_43_bandpass_grf_frac0p2_a1p22554_t2p62907,0.0007745512366367,0.0006673757155669,0.0006159384392632,0.0006138785388306,0.0006342375007484,0.0007529696539356,0.0006738233960672,0.0006235577349443,0.0006430898329973,0.0006308017828533,0.0005547574442246
darcy_binary_loss3targeted_20260611_04_wave_mix_frac0p12_a2p34332_t2p21748,0.0015262753256142,0.0013542024033865,0.0012958516304565,0.0012868927643469,0.0013193523183232,0.001457819834898,0.0013623303787808,0.0012991341936561,0.001317134034987,0.0013179267467755,0.0012083883585157
darcy_binary_loss3targeted_20260611_12_wave_mix_frac0p16_a2p26209_t4p32867,0.0012737423037243,0.0011248249172908,0.001067300014935,0.001057790074233,0.0010874851754237,0.001221153139369,0.0011309571679637,0.0010695832087711,0.0010858739256123,0.0010860274764448,0.0009787006137314
darcy_binary_loss3targeted_20260611_20_wave_mix_frac0p2_a2p69422_t4p60678,0.0009984620979017,0.0008771808882437,0.0008167131182933,0.0008052037193778,0.0008278319538976,0.0009544255301558,0.0008707737228331,0.0008112060675509,0.0008285515878128,0.0008209020733907,0.00071965263267
darcy_binary_loss3targeted_20260611_28_wave_mix_frac0p24_a1p71757_t2p96649,0.0008773453406039,0.0007719730214651,0.0007164379498873,0.0007089662044928,0.0007319573818173,0.0008455326959658,0.0007727181867413,0.0007172038273085,0.0007254001485613,0.0007239974235791,0.0006305589712701
darcy_binary_loss3targeted_20260611_36_wave_mix_frac0p12_a1p72323_t5p41614,0.0014885398557543,0.0013182712962075,0.0012576009553657,0.0012498857683567,0.0012830518000136,0.0014247872487358,0.0013276503180716,0.0012639969839599,0.001285170521264,0.0012837251056398,0.0011762570965821
darcy_binary_loss3targeted_20260611_44_wave_mix_frac0p16_a1p82574_t5p31661,0.0012260057636402,0.0010755452871919,0.0010191595627936,0.0010114083625386,0.0010411607224188,0.0011719834080659,0.0010836351441472,0.0010246149467787,0.0010384299249821,0.001039857508782,0.0009378286795305
darcy_binary_loss3targeted_20260611_05_blocky_tiles_frac0p24_a3p85379_t3p60021,0.0005991568039743,0.0005247292340985,0.000492206123927,0.0004917086261397,0.0005151717698078,0.0006067705216781,0.0005446702882809,0.0005064231441378,0.0005239731996082,0.0005278711005564,0.0004720734713516
darcy_binary_loss3targeted_20260611_13_blocky_tiles_frac0p12_a2p00536_t4p79207,0.0014096400996037,0.0012445320003295,0.001185784166161,0.001177386924515,0.0012092495026058,0.0013487019754109,0.0012522112450539,0.0011902235287537,0.0012106859652943,0.0012105824711927,0.0011050983911965
darcy_binary_loss3targeted_20260611_21_blocky_tiles_frac0p16_a3p29541_t4p96638,0.001174502655204,0.0010350054741739,0.0009817695525351,0.0009771704975543,0.0010070242060797,0.0011378026811599,0.0010506765088881,0.0009939017915582,0.0010124534125591,0.0010107260264147,0.0009107089234214
darcy_binary_loss3targeted_20260611_29_blocky_tiles_frac0p2_a2p06162_t2p29776,0.0010754033768876,0.0009631874717519,0.0009113540941797,0.000906835281692,0.0009345119093789,0.0010607014571929,0.0009779765309553,0.0009215954311978,0.0009393917563389,0.0009318669136973,0.0008410297264231
darcy_binary_loss3targeted_20260611_37_blocky_tiles_frac0p24_a2p23756_t3p79868,0.0007798103743209,0.0006822270502722,0.0006280266264179,0.0006210899928218,0.0006411111437283,0.000753443228973,0.0006794187758516,0.0006288031016505,0.0006422347966248,0.0006354399514227,0.0005531102935659
darcy_binary_loss3targeted_20260611_45_blocky_tiles_frac0p12_a2p72728_t2p09368,0.0013751655453758,0.0012151529928269,0.0011626438576579,0.0011562554721315,0.0011891179085757,0.0013255048171838,0.0012310456361804,0.0011696983811588,0.0011959084642864,0.0011925391410472,0.0010901590250758
darcy_binary_loss3targeted_20260611_06_rectangles_frac0p2_a1p44134_t6p32822,0.0007340426875132,0.0006162416931174,0.0005585099183977,0.0005514181336532,0.0005750392120879,0.0006916058212998,0.0006159332072742,0.0005598965142913,0.0005702222300704,0.0005687283189458,0.000477064637514
darcy_binary_loss3targeted_20260611_14_rectangles_frac0p24_a1p67693_t9p58326,0.0010341423794215,0.0009254166791112,0.0008647328810657,0.0008644505326694,0.0008855326302436,0.0009957645223394,0.0009222430216718,0.0008699041011906,0.0008825170023177,0.0008765209172817,0.0007981239571806
darcy_binary_loss3targeted_20260611_22_rectangles_frac0p12_a1p43234_t10p2242,0.001669432697085,0.0014793988269101,0.0014086774168449,0.0013978359110282,0.0014257288554894,0.0015717251238914,0.001463049047684,0.0013930396085208,0.0014135762686829,0.0014037706517199,0.0012949529944106
darcy_binary_loss3targeted_20260611_30_rectangles_frac0p16_a1p24225_t5p53206,0.0013737565310129,0.0011970110429825,0.0011289998618342,0.0011215702068806,0.0011496052074246,0.001279161372969,0.0011873847281621,0.0011214140742355,0.0011365773005218,0.0011363241342408,0.0010355101989724
darcy_binary_loss3targeted_20260611_38_rectangles_frac0p2_a1p49751_t8p36934,0.0011969292840612,0.0010633059154405,0.0010043035766142,0.0010022823339647,0.0010277303519612,0.0011585341235405,0.0010717491616874,0.0010148017802212,0.0010279021694477,0.0010220595576525,0.0009298102046715
darcy_binary_loss3targeted_20260611_46_rectangles_frac0p24_a1p57209_t7p6296,0.0008233383246525,0.0007287843125706,0.0006712542292452,0.0006711441086482,0.0006927206790923,0.0008005539778196,0.0007322833888367,0.0006812987787751,0.0006915405845724,0.0006849117273611,0.0006089568468045
darcy_binary_loss3targeted_20260611_07_cellular_blobs_frac0p16_a1p97385_t4p60937,0.0013091841807166,0.0011763313505578,0.0011214492013781,0.0011176892263766,0.0011460167177193,0.0012755261424517,0.001192058817509,0.0011348600172981,0.0011510996629703,0.0011479370594268,0.00105068333018
darcy_binary_loss3targeted_20260611_15_cellular_blobs_frac0p2_a3p27206_t2p59767,0.0009591818196355,0.0008312709196151,0.0007806316159119,0.0007780084381752,0.0008078393711493,0.0009259574183061,0.0008514176105553,0.0007950039350624,0.0008051048434756,0.0008112002834745,0.000721666790814
darcy_binary_loss3targeted_20260611_23_cellular_blobs_frac0p24_a2p77492_t4p18018,0.0008617253007037,0.000772382176963,0.0007201689164716,0.0007174288494509,0.0007404476719786,0.0008515723553546,0.0007763097577904,0.0007243904005838,0.0007441970790893,0.0007345087751998,0.0006567720950227
darcy_binary_loss3targeted_20260611_31_cellular_blobs_frac0p12_a2p19293_t5p77748,0.0013994956244571,0.0012368830324673,0.001183898691684,0.0011771553690261,0.0012088858657287,0.0013438029031338,0.0012535075784116,0.0011906731109215,0.0012135009338817,0.0012100415172936,0.001108613853373
darcy_binary_loss3targeted_20260611_39_cellular_blobs_frac0p16_a3p47176_t5p78996,0.0012249803417463,0.0010693722835198,0.0010128200198489,0.0010101602255413,0.0010386891306948,0.0011696237942537,0.0010801895630143,0.0010261773739802,0.0010420283456349,0.0010397550119792,0.0009442805125454
darcy_binary_loss3targeted_20260611_47_cellular_blobs_frac0p2_a3p35513_t6p18204,0.0011377053827078,0.0010188188712954,0.000967378295174,0.0009676365517411,0.0009963056878623,0.0011205196165838,0.0010428301320628,0.0009881460246336,0.0010034094490016,0.0010025780916012,0.00090882112931
