metric,panel,group,group_chunk,line_on_panel,dataset_id,manual_rank,smooth_window,line_alpha,figure
rmse,1,train,1,1,train_original_binary_grf_alpha2_tau3,0.0,25,0.8,rmse_grouped_shared_y_distinct_datasets_max5_high_transparency_ma25_physics.png
rmse,2,test,1,1,test_original_binary_grf_alpha2_tau3,0.1,25,0.8,rmse_grouped_shared_y_distinct_datasets_max5_high_transparency_ma25_physics.png
rmse,3,matern_smooth,1,1,darcy_binary_loss3targeted_20260611_00_matern_smooth_frac0p12_a3p65909_t2p05625,2.0,25,0.26,rmse_grouped_shared_y_distinct_datasets_max5_high_transparency_ma25_physics.png
rmse,3,matern_smooth,1,2,darcy_binary_loss3targeted_20260611_08_matern_smooth_frac0p16_a3p55666_t2p38988,2.0,25,0.26,rmse_grouped_shared_y_distinct_datasets_max5_high_transparency_ma25_physics.png
rmse,3,matern_smooth,1,3,darcy_binary_loss3targeted_20260611_16_matern_smooth_frac0p2_a3p63184_t2p95736,2.0,25,0.26,rmse_grouped_shared_y_distinct_datasets_max5_high_transparency_ma25_physics.png
rmse,4,matern_fine,1,1,darcy_binary_loss3targeted_20260611_01_matern_fine_frac0p24_a1p77634_t11p8641,2.0,25,0.26,rmse_grouped_shared_y_distinct_datasets_max5_high_transparency_ma25_physics.png
rmse,4,matern_fine,1,2,darcy_binary_loss3targeted_20260611_09_matern_fine_frac0p12_a1p37232_t13p3592,2.0,25,0.26,rmse_grouped_shared_y_distinct_datasets_max5_high_transparency_ma25_physics.png
rmse,4,matern_fine,1,3,darcy_binary_loss3targeted_20260611_17_matern_fine_frac0p16_a1p05208_t9p11004,2.0,25,0.26,rmse_grouped_shared_y_distinct_datasets_max5_high_transparency_ma25_physics.png
rmse,5,bandpass_grf,1,1,darcy_binary_loss3targeted_20260611_03_bandpass_grf_frac0p16_a2p16503_t3p04694,2.0,25,0.26,rmse_grouped_shared_y_distinct_datasets_max5_high_transparency_ma25_physics.png
rmse,5,bandpass_grf,1,2,darcy_binary_loss3targeted_20260611_11_bandpass_grf_frac0p2_a1p80507_t4p09153,2.0,25,0.26,rmse_grouped_shared_y_distinct_datasets_max5_high_transparency_ma25_physics.png
