problem,framework,scope,tag,timestamp,elapsed_seconds,pid,process_gpu_memory_mib,gpu_memory_used_mib,gpu_util_percent,gpu_power_w,gpu_temp_c,memory_source
burgers_1d,jax_conjugate_grad,train_and_inference,start,1778103029.7981427,8.46001785248518e-06,160634,nan,2735.0,0.0,69.71,42.0,nvidia-smi
burgers_1d,jax_conjugate_grad,train_and_inference,interval,1778103030.877639,1.079504692927003,160634,nan,2735.0,0.0,68.79,42.0,nvidia-smi
burgers_1d,jax_conjugate_grad,train_and_inference,interval,1778103031.9841623,2.186027714982629,160634,nan,2735.0,0.0,68.79,41.0,nvidia-smi
burgers_1d,jax_conjugate_grad,train_and_inference,interval,1778103033.1289237,3.3307876739418134,160634,nan,2735.0,0.0,68.79,41.0,nvidia-smi
burgers_1d,jax_conjugate_grad,train_and_inference,interval,1778103034.2156243,4.417490037973039,160634,nan,2735.0,0.0,68.58,41.0,nvidia-smi
burgers_1d,jax_conjugate_grad,train_and_inference,interval,1778103035.361494,5.563359605963342,160634,nan,2735.0,0.0,68.51,40.0,nvidia-smi
burgers_1d,jax_conjugate_grad,train_and_inference,interval,1778103036.474335,6.676200491026975,160634,nan,2735.0,0.0,68.26,40.0,nvidia-smi
burgers_1d,jax_conjugate_grad,train_and_inference,interval,1778103037.6056163,7.807481865980662,160634,nan,2735.0,0.0,68.18,40.0,nvidia-smi
burgers_1d,jax_conjugate_grad,train_and_inference,interval,1778103038.748321,8.950186255970038,160634,nan,2735.0,0.0,68.18,40.0,nvidia-smi
burgers_1d,jax_conjugate_grad,train_and_inference,interval,1778103039.8807824,10.082641688990407,160634,nan,2735.0,0.0,68.18,39.0,nvidia-smi
burgers_1d,jax_conjugate_grad,train_and_inference,interval,1778103040.9747138,11.17657904594671,160634,nan,2735.0,0.0,67.91,39.0,nvidia-smi
burgers_1d,jax_conjugate_grad,train_and_inference,interval,1778103042.0652177,12.26708277699072,160634,nan,2735.0,0.0,67.99,39.0,nvidia-smi
burgers_1d,jax_conjugate_grad,train_and_inference,interval,1778103043.156383,13.358248046017252,160634,nan,2735.0,0.0,67.91,39.0,nvidia-smi
burgers_1d,jax_conjugate_grad,train_and_inference,interval,1778103044.2447507,14.446613508975133,160634,nan,2735.0,0.0,67.59,39.0,nvidia-smi
burgers_1d,jax_conjugate_grad,train_and_inference,interval,1778103045.3325636,15.534429332939908,160634,nan,2735.0,0.0,88.82,39.0,nvidia-smi
burgers_1d,jax_conjugate_grad,train_and_inference,interval,1778103046.4086654,16.610530548961833,160634,nan,2735.0,3.0,68.18,38.0,nvidia-smi
burgers_1d,jax_conjugate_grad,train_and_inference,interval,1778103047.5423307,17.744195520994253,160634,nan,2735.0,0.0,67.59,38.0,nvidia-smi
burgers_1d,jax_conjugate_grad,train_and_inference,interval,1778103048.6743329,18.876198083977215,160634,nan,2735.0,0.0,67.59,38.0,nvidia-smi
burgers_1d,jax_conjugate_grad,train_and_inference,interval,1778103049.7797348,19.98160001798533,160634,nan,2735.0,0.0,67.31,38.0,nvidia-smi
burgers_1d,jax_conjugate_grad,train_and_inference,interval,1778103050.892229,21.094094572938047,160634,nan,2735.0,0.0,67.59,38.0,nvidia-smi
burgers_1d,jax_conjugate_grad,train_and_inference,interval,1778103051.980224,22.182089186972007,160634,nan,2735.0,0.0,67.31,38.0,nvidia-smi
burgers_1d,jax_conjugate_grad,train_and_inference,interval,1778103053.0928867,23.294751701992936,160634,nan,2735.0,0.0,67.38,38.0,nvidia-smi
burgers_1d,jax_conjugate_grad,train_and_inference,interval,1778103054.1901712,24.39203617395833,160634,nan,2735.0,2.0,67.91,38.0,nvidia-smi
burgers_1d,jax_conjugate_grad,train_and_inference,interval,1778103055.3182182,25.52008352195844,160634,nan,2735.0,0.0,67.31,37.0,nvidia-smi
burgers_1d,jax_conjugate_grad,train_and_inference,interval,1778103056.4099011,26.61176689097192,160634,nan,2735.0,5.0,68.51,37.0,nvidia-smi
burgers_1d,jax_conjugate_grad,train_and_inference,interval,1778103057.5462599,27.748125839978456,160634,nan,2735.0,73.0,231.48,43.0,nvidia-smi
burgers_1d,jax_conjugate_grad,train_and_inference,interval,1778103058.6564784,28.8583442280069,160634,nan,2735.0,70.0,217.46,45.0,nvidia-smi
burgers_1d,jax_conjugate_grad,train_and_inference,interval,1778103059.764618,29.966483608004637,160634,nan,2735.0,70.0,212.61,45.0,nvidia-smi
burgers_1d,jax_conjugate_grad,train_and_inference,interval,1778103060.8943245,31.09619000402745,160634,nan,2735.0,76.0,242.4,46.0,nvidia-smi
burgers_1d,jax_conjugate_grad,train_and_inference,interval,1778103062.0366058,32.23847199592274,160634,nan,2735.0,76.0,237.48,47.0,nvidia-smi
burgers_1d,jax_conjugate_grad,train_and_inference,interval,1778103063.1798182,33.3816841969965,160634,nan,2735.0,76.0,240.55,47.0,nvidia-smi
burgers_1d,jax_conjugate_grad,train_and_inference,interval,1778103064.2746148,34.47648060193751,160634,nan,2735.0,72.0,237.24,47.0,nvidia-smi
burgers_1d,jax_conjugate_grad,train_and_inference,interval,1778103065.3818598,35.58372493297793,160634,nan,2735.0,71.0,227.8,47.0,nvidia-smi
burgers_1d,jax_conjugate_grad,train_and_inference,interval,1778103066.4737499,36.675614972016774,160634,nan,2735.0,74.0,225.67,48.0,nvidia-smi
burgers_1d,jax_conjugate_grad,train_and_inference,interval,1778103067.604357,37.80622210702859,160634,nan,2735.0,77.0,248.69,48.0,nvidia-smi
burgers_1d,jax_conjugate_grad,train_and_inference,interval,1778103068.7558768,38.95774236903526,160634,nan,2735.0,71.0,242.32,48.0,nvidia-smi
burgers_1d,jax_conjugate_grad,train_and_inference,interval,1778103069.8649778,40.06684376695193,160634,nan,2735.0,72.0,233.56,48.0,nvidia-smi
burgers_1d,jax_conjugate_grad,train_and_inference,interval,1778103070.977386,41.17925181298051,160634,nan,2735.0,73.0,200.42,48.0,nvidia-smi
burgers_1d,jax_conjugate_grad,train_and_inference,interval,1778103072.0674922,42.2693582639331,160634,nan,2735.0,70.0,216.86,48.0,nvidia-smi
burgers_1d,jax_conjugate_grad,train_and_inference,interval,1778103073.198096,43.399961718940176,160634,nan,2735.0,71.0,225.67,49.0,nvidia-smi
burgers_1d,jax_conjugate_grad,train_and_inference,interval,1778103074.3138788,44.515744150965475,160634,nan,2735.0,74.0,239.93,49.0,nvidia-smi
burgers_1d,jax_conjugate_grad,train_and_inference,interval,1778103075.407237,45.60910239792429,160634,nan,2735.0,72.0,241.4,49.0,nvidia-smi
burgers_1d,jax_conjugate_grad,train_and_inference,interval,1778103076.5175805,46.71944568597246,160634,nan,2735.0,73.0,229.08,49.0,nvidia-smi
burgers_1d,jax_conjugate_grad,train_and_inference,interval,1778103077.627201,47.82906621496659,160634,nan,2735.0,72.0,241.72,49.0,nvidia-smi
burgers_1d,jax_conjugate_grad,train_and_inference,interval,1778103078.756194,48.95805961196311,160634,nan,2735.0,75.0,243.25,50.0,nvidia-smi
burgers_1d,jax_conjugate_grad,train_and_inference,interval,1778103079.8729904,50.07485575194005,160634,nan,2735.0,71.0,242.65,50.0,nvidia-smi
burgers_1d,jax_conjugate_grad,train_and_inference,interval,1778103080.9993744,51.20124009193387,160634,nan,2735.0,65.0,227.8,49.0,nvidia-smi
burgers_1d,jax_conjugate_grad,train_and_inference,interval,1778103082.1322184,52.33408416400198,160634,nan,2735.0,65.0,215.4,50.0,nvidia-smi
burgers_1d,jax_conjugate_grad,train_and_inference,interval,1778103083.2606735,53.46253937098663,160634,nan,2735.0,68.0,247.49,49.0,nvidia-smi
burgers_1d,jax_conjugate_grad,train_and_inference,interval,1778103084.3570461,54.558911585016176,160634,nan,2735.0,73.0,229.32,50.0,nvidia-smi
burgers_1d,jax_conjugate_grad,train_and_inference,interval,1778103085.4504244,55.65229019196704,160634,nan,2735.0,72.0,232.91,50.0,nvidia-smi
burgers_1d,jax_conjugate_grad,train_and_inference,interval,1778103086.5479906,56.74985583499074,160634,nan,2735.0,79.0,255.65,50.0,nvidia-smi
burgers_1d,jax_conjugate_grad,train_and_inference,interval,1778103087.675758,57.87762306293007,160634,nan,2735.0,78.0,243.52,51.0,nvidia-smi
burgers_1d,jax_conjugate_grad,train_and_inference,interval,1778103088.797181,58.999046897981316,160634,nan,2735.0,77.0,243.52,51.0,nvidia-smi
burgers_1d,jax_conjugate_grad,train_and_inference,interval,1778103089.9001303,60.1019960049307,160634,nan,2735.0,69.0,240.53,50.0,nvidia-smi
burgers_1d,jax_conjugate_grad,train_and_inference,interval,1778103090.9889657,61.19083082699217,160634,nan,2735.0,76.0,233.56,51.0,nvidia-smi
burgers_1d,jax_conjugate_grad,train_and_inference,interval,1778103092.0829656,62.28483091399539,160634,nan,2735.0,79.0,253.25,51.0,nvidia-smi
burgers_1d,jax_conjugate_grad,train_and_inference,interval,1778103093.1968896,63.39875511697028,160634,nan,2735.0,78.0,244.17,51.0,nvidia-smi
burgers_1d,jax_conjugate_grad,train_and_inference,interval,1778103094.533429,64.73529452795628,160634,nan,2735.0,75.0,235.36,51.0,nvidia-smi
burgers_1d,jax_conjugate_grad,train_and_inference,interval,1778103095.6660693,65.86793474096339,160634,nan,2735.0,72.0,243.84,51.0,nvidia-smi
burgers_1d,jax_conjugate_grad,train_and_inference,interval,1778103096.790639,66.99250444199424,160634,nan,2735.0,63.0,239.6,50.0,nvidia-smi
burgers_1d,jax_conjugate_grad,train_and_inference,interval,1778103097.9226573,68.12452255596872,160634,nan,2735.0,79.0,253.25,51.0,nvidia-smi
burgers_1d,jax_conjugate_grad,train_and_inference,interval,1778103099.0180135,69.21987920103129,160634,nan,2735.0,67.0,236.88,51.0,nvidia-smi
burgers_1d,jax_conjugate_grad,train_and_inference,interval,1778103100.1268053,70.32867075002287,160634,nan,2735.0,74.0,208.7,51.0,nvidia-smi
burgers_1d,jax_conjugate_grad,train_and_inference,interval,1778103101.2614598,71.4633252209751,160634,nan,2735.0,74.0,233.24,51.0,nvidia-smi
burgers_1d,jax_conjugate_grad,train_and_inference,interval,1778103102.3897913,72.59165657800622,160634,nan,2735.0,71.0,245.64,51.0,nvidia-smi
burgers_1d,jax_conjugate_grad,train_and_inference,interval,1778103103.5027087,73.70457433292177,160634,nan,2735.0,73.0,235.68,51.0,nvidia-smi
burgers_1d,jax_conjugate_grad,train_and_inference,interval,1778103104.634274,74.83613965695258,160634,nan,2735.0,68.0,231.72,51.0,nvidia-smi
burgers_1d,jax_conjugate_grad,train_and_inference,interval,1778103105.726864,75.92872951494064,160634,nan,2735.0,72.0,254.45,51.0,nvidia-smi
burgers_1d,jax_conjugate_grad,train_and_inference,interval,1778103106.8571925,77.05905766994692,160634,nan,2735.0,78.0,240.2,51.0,nvidia-smi
burgers_1d,jax_conjugate_grad,train_and_inference,interval,1778103107.9732554,78.17512115195859,160634,nan,2735.0,75.0,257.24,51.0,nvidia-smi
burgers_1d,jax_conjugate_grad,train_and_inference,interval,1778103109.0668151,79.26868095900863,160634,nan,2735.0,73.0,239.0,51.0,nvidia-smi
burgers_1d,jax_conjugate_grad,train_and_inference,interval,1778103110.2046103,80.40647508495022,160634,nan,2735.0,68.0,225.67,51.0,nvidia-smi
burgers_1d,jax_conjugate_grad,train_and_inference,interval,1778103111.295479,81.49734446499497,160634,nan,2735.0,69.0,225.35,51.0,nvidia-smi
burgers_1d,jax_conjugate_grad,train_and_inference,interval,1778103112.3977106,82.59957563295029,160634,nan,2735.0,75.0,241.4,51.0,nvidia-smi
burgers_1d,jax_conjugate_grad,train_and_inference,interval,1778103113.5105424,83.7124077079352,160634,nan,2735.0,77.0,250.81,51.0,nvidia-smi
burgers_1d,jax_conjugate_grad,train_and_inference,interval,1778103114.6049662,84.80683151294943,160634,nan,2735.0,76.0,244.44,51.0,nvidia-smi
burgers_1d,jax_conjugate_grad,train_and_inference,interval,1778103115.7056289,85.90749495197088,160634,nan,2735.0,76.0,243.92,51.0,nvidia-smi
burgers_1d,jax_conjugate_grad,train_and_inference,interval,1778103116.8170786,87.01894381898455,160634,nan,2735.0,71.0,242.05,51.0,nvidia-smi
burgers_1d,jax_conjugate_grad,train_and_inference,interval,1778103117.926876,88.12874126795214,160634,nan,2735.0,74.0,237.16,51.0,nvidia-smi
burgers_1d,jax_conjugate_grad,train_and_inference,interval,1778103119.037999,89.23986429499928,160634,nan,2735.0,73.0,232.04,51.0,nvidia-smi
burgers_1d,jax_conjugate_grad,train_and_inference,interval,1778103120.1486113,90.3504764130339,160634,nan,2735.0,75.0,227.47,51.0,nvidia-smi
burgers_1d,jax_conjugate_grad,train_and_inference,interval,1778103121.2574039,91.45926881197374,160634,nan,2735.0,77.0,251.73,52.0,nvidia-smi
burgers_1d,jax_conjugate_grad,train_and_inference,interval,1778103122.3668394,92.56870459101629,160634,nan,2735.0,79.0,250.21,52.0,nvidia-smi
burgers_1d,jax_conjugate_grad,train_and_inference,interval,1778103123.4874413,93.6893070479855,160634,nan,2735.0,70.0,229.32,51.0,nvidia-smi
burgers_1d,jax_conjugate_grad,train_and_inference,interval,1778103124.5768127,94.77867751894519,160634,nan,2735.0,67.0,232.91,51.0,nvidia-smi
burgers_1d,jax_conjugate_grad,train_and_inference,interval,1778103125.6692452,95.87111024698243,160634,nan,2735.0,67.0,228.39,51.0,nvidia-smi
burgers_1d,jax_conjugate_grad,train_and_inference,interval,1778103126.7817724,96.9836375429295,160634,nan,2735.0,72.0,232.04,51.0,nvidia-smi
burgers_1d,jax_conjugate_grad,train_and_inference,interval,1778103127.9338758,98.13574118295219,160634,nan,2735.0,70.0,206.9,51.0,nvidia-smi
burgers_1d,jax_conjugate_grad,train_and_inference,interval,1778103129.0649612,99.26682666700799,160634,nan,2735.0,68.0,214.47,51.0,nvidia-smi
burgers_1d,jax_conjugate_grad,train_and_inference,interval,1778103130.1878183,100.38968360098079,160634,nan,2735.0,72.0,235.96,51.0,nvidia-smi
burgers_1d,jax_conjugate_grad,train_and_inference,interval,1778103131.2819104,101.48377590801101,160634,nan,2735.0,73.0,242.32,51.0,nvidia-smi
burgers_1d,jax_conjugate_grad,train_and_inference,interval,1778103132.4090204,102.61088586598635,160634,nan,2735.0,73.0,222.63,51.0,nvidia-smi
burgers_1d,jax_conjugate_grad,train_and_inference,interval,1778103133.5806453,103.78251075500157,160634,nan,2735.0,73.0,252.34,51.0,nvidia-smi
burgers_1d,jax_conjugate_grad,train_and_inference,interval,1778103134.6989021,104.90076733392198,160634,nan,2735.0,75.0,248.09,51.0,nvidia-smi
burgers_1d,jax_conjugate_grad,train_and_inference,interval,1778103135.8230524,106.02491760603152,160634,nan,2735.0,79.0,251.14,52.0,nvidia-smi
burgers_1d,jax_conjugate_grad,train_and_inference,interval,1778103136.937732,107.13959787902422,160634,nan,2735.0,78.0,253.53,52.0,nvidia-smi
burgers_1d,jax_conjugate_grad,train_and_inference,interval,1778103138.0476208,108.24948622693773,160634,nan,2735.0,78.0,242.32,52.0,nvidia-smi
burgers_1d,jax_conjugate_grad,train_and_inference,interval,1778103139.1383922,109.34025777701754,160634,nan,2735.0,75.0,252.93,52.0,nvidia-smi
burgers_1d,jax_conjugate_grad,train_and_inference,interval,1778103140.266141,110.46800619596615,160634,nan,2735.0,76.0,240.2,52.0,nvidia-smi
burgers_1d,jax_conjugate_grad,train_and_inference,interval,1778103141.3636913,111.56555653794203,160634,nan,2735.0,79.0,250.81,52.0,nvidia-smi
burgers_1d,jax_conjugate_grad,train_and_inference,interval,1778103142.4615216,112.66338676994201,160634,nan,2735.0,78.0,252.0,52.0,nvidia-smi
burgers_1d,jax_conjugate_grad,train_and_inference,interval,1778103143.5735776,113.77544282597955,160634,nan,2735.0,79.0,252.93,52.0,nvidia-smi
burgers_1d,jax_conjugate_grad,train_and_inference,interval,1778103144.6869175,114.88878286094405,160634,nan,2735.0,77.0,242.32,52.0,nvidia-smi
burgers_1d,jax_conjugate_grad,train_and_inference,interval,1778103145.8002427,116.0021081250161,160634,nan,2735.0,77.0,245.12,52.0,nvidia-smi
burgers_1d,jax_conjugate_grad,train_and_inference,interval,1778103146.9128423,117.1147076409543,160634,nan,2735.0,78.0,252.34,52.0,nvidia-smi
burgers_1d,jax_conjugate_grad,train_and_inference,interval,1778103148.0293775,118.23124284192454,160634,nan,2735.0,77.0,249.63,52.0,nvidia-smi
burgers_1d,jax_conjugate_grad,train_and_inference,interval,1778103149.1605551,119.36242006602697,160634,nan,2735.0,75.0,248.36,52.0,nvidia-smi
burgers_1d,jax_conjugate_grad,train_and_inference,interval,1778103150.2731318,120.47499691101257,160634,nan,2735.0,78.0,248.36,52.0,nvidia-smi
burgers_1d,jax_conjugate_grad,train_and_inference,interval,1778103151.389013,121.59087882295717,160634,nan,2735.0,72.0,238.43,52.0,nvidia-smi
burgers_1d,jax_conjugate_grad,train_and_inference,interval,1778103152.498478,122.70034331199713,160634,nan,2735.0,76.0,240.53,52.0,nvidia-smi
burgers_1d,jax_conjugate_grad,train_and_inference,interval,1778103153.590149,123.79201482096687,160634,nan,2735.0,75.0,235.36,52.0,nvidia-smi
burgers_1d,jax_conjugate_grad,train_and_inference,interval,1778103154.7266612,124.92852656892501,160634,nan,2735.0,76.0,240.8,52.0,nvidia-smi
burgers_1d,jax_conjugate_grad,train_and_inference,interval,1778103155.8380084,126.03987389593385,160634,nan,2735.0,78.0,241.72,52.0,nvidia-smi
burgers_1d,jax_conjugate_grad,train_and_inference,interval,1778103156.9499023,127.15176784200594,160634,nan,2735.0,79.0,258.7,52.0,nvidia-smi
burgers_1d,jax_conjugate_grad,train_and_inference,interval,1778103158.0633204,128.26518644602038,160634,nan,2735.0,80.0,258.7,52.0,nvidia-smi
burgers_1d,jax_conjugate_grad,train_and_inference,interval,1778103159.1590931,129.36095835093874,160634,nan,2735.0,81.0,242.05,52.0,nvidia-smi
burgers_1d,jax_conjugate_grad,train_and_inference,interval,1778103160.2956781,130.49754355894402,160634,nan,2735.0,79.0,232.31,52.0,nvidia-smi
burgers_1d,jax_conjugate_grad,train_and_inference,interval,1778103161.40191,131.60377507202793,160634,nan,2735.0,80.0,257.17,52.0,nvidia-smi
burgers_1d,jax_conjugate_grad,train_and_inference,interval,1778103162.5183654,132.72023081302177,160634,nan,2735.0,80.0,248.36,52.0,nvidia-smi
burgers_1d,jax_conjugate_grad,train_and_inference,interval,1778103163.6559532,133.85781853902154,160634,nan,2735.0,77.0,248.36,52.0,nvidia-smi
burgers_1d,jax_conjugate_grad,train_and_inference,interval,1778103164.7980525,134.99991821195,160634,nan,2735.0,73.0,217.78,52.0,nvidia-smi
burgers_1d,jax_conjugate_grad,train_and_inference,interval,1778103165.9084103,136.11027519998606,160634,nan,2735.0,79.0,232.91,52.0,nvidia-smi
burgers_1d,jax_conjugate_grad,train_and_inference,interval,1778103167.0202177,137.2220825459808,160634,nan,2735.0,79.0,236.55,52.0,nvidia-smi
burgers_1d,jax_conjugate_grad,train_and_inference,interval,1778103168.1284084,138.33027330599725,160634,nan,2735.0,77.0,230.19,52.0,nvidia-smi
burgers_1d,jax_conjugate_grad,train_and_inference,interval,1778103169.2509115,139.45277660991997,160634,nan,2735.0,77.0,239.93,52.0,nvidia-smi
burgers_1d,jax_conjugate_grad,train_and_inference,interval,1778103170.4023528,140.60421865200624,160634,nan,2735.0,67.0,215.99,51.0,nvidia-smi
burgers_1d,jax_conjugate_grad,train_and_inference,interval,1778103171.560049,141.7619151850231,160634,nan,2735.0,67.0,226.28,51.0,nvidia-smi
burgers_1d,jax_conjugate_grad,train_and_inference,interval,1778103172.6728842,142.87475018994883,160634,nan,2735.0,74.0,242.05,52.0,nvidia-smi
burgers_1d,jax_conjugate_grad,train_and_inference,interval,1778103173.8297005,144.03156593593303,160634,nan,2735.0,71.0,233.24,52.0,nvidia-smi
burgers_1d,jax_conjugate_grad,train_and_inference,interval,1778103174.9182901,145.12015564797912,160634,nan,2735.0,71.0,223.83,51.0,nvidia-smi
burgers_1d,jax_conjugate_grad,train_and_inference,interval,1778103176.0662947,146.26815994398203,160634,nan,2735.0,72.0,224.15,51.0,nvidia-smi
burgers_1d,jax_conjugate_grad,train_and_inference,interval,1778103177.1940446,147.39590980194043,160634,nan,2735.0,68.0,208.7,51.0,nvidia-smi
burgers_1d,jax_conjugate_grad,train_and_inference,interval,1778103178.3499424,148.55180798796937,160634,nan,2735.0,64.0,202.06,51.0,nvidia-smi
burgers_1d,jax_conjugate_grad,train_and_inference,interval,1778103179.461438,149.66330325393938,160634,nan,2735.0,74.0,243.84,52.0,nvidia-smi
burgers_1d,jax_conjugate_grad,train_and_inference,interval,1778103180.5572453,150.7591103989398,160634,nan,2735.0,77.0,243.52,52.0,nvidia-smi
burgers_1d,jax_conjugate_grad,train_and_inference,interval,1778103181.665654,151.86751936899964,160634,nan,2735.0,77.0,252.34,52.0,nvidia-smi
burgers_1d,jax_conjugate_grad,train_and_inference,interval,1778103182.763209,152.96507407200988,160634,nan,2735.0,70.0,231.72,51.0,nvidia-smi
burgers_1d,jax_conjugate_grad,train_and_inference,interval,1778103183.8948226,154.09668810502626,160634,nan,2735.0,75.0,244.17,52.0,nvidia-smi
burgers_1d,jax_conjugate_grad,train_and_inference,interval,1778103185.0153167,155.21718277200125,160634,nan,2735.0,78.0,244.44,52.0,nvidia-smi
burgers_1d,jax_conjugate_grad,train_and_inference,interval,1778103186.1377175,156.33958282601088,160634,nan,2735.0,79.0,256.25,52.0,nvidia-smi
burgers_1d,jax_conjugate_grad,train_and_inference,interval,1778103187.2260025,157.42786777892616,160634,nan,2735.0,78.0,254.13,52.0,nvidia-smi
burgers_1d,jax_conjugate_grad,train_and_inference,interval,1778103188.3922524,158.5941182730021,160634,nan,2735.0,77.0,244.77,52.0,nvidia-smi
burgers_1d,jax_conjugate_grad,train_and_inference,interval,1778103189.523576,159.72544112696778,160634,nan,2735.0,79.0,237.81,52.0,nvidia-smi
burgers_1d,jax_conjugate_grad,train_and_inference,interval,1778103190.683042,160.88490713993087,160634,nan,2735.0,77.0,223.22,52.0,nvidia-smi
burgers_1d,jax_conjugate_grad,train_and_inference,interval,1778103191.783665,161.98553030902985,160634,nan,2735.0,79.0,246.89,52.0,nvidia-smi
burgers_1d,jax_conjugate_grad,train_and_inference,interval,1778103192.9149282,163.11679298302624,160634,nan,2735.0,75.0,235.68,52.0,nvidia-smi
burgers_1d,jax_conjugate_grad,train_and_inference,interval,1778103194.0106654,164.21253108698875,160634,nan,2735.0,77.0,252.93,52.0,nvidia-smi
burgers_1d,jax_conjugate_grad,train_and_inference,interval,1778103195.108878,165.31074318895116,160634,nan,2735.0,74.0,236.88,52.0,nvidia-smi
burgers_1d,jax_conjugate_grad,train_and_inference,interval,1778103196.2258852,166.42775027896278,160634,nan,2735.0,76.0,249.28,52.0,nvidia-smi
burgers_1d,jax_conjugate_grad,train_and_inference,interval,1778103197.33684,167.538705095998,160634,nan,2735.0,78.0,260.49,52.0,nvidia-smi
burgers_1d,jax_conjugate_grad,train_and_inference,interval,1778103198.4832935,168.68515842303168,160634,nan,2735.0,77.0,254.46,52.0,nvidia-smi
burgers_1d,jax_conjugate_grad,train_and_inference,interval,1778103199.674656,169.87652209901717,160634,nan,2735.0,79.0,261.69,52.0,nvidia-smi
burgers_1d,jax_conjugate_grad,train_and_inference,interval,1778103200.853657,171.0555231689941,160634,nan,2735.0,80.0,257.77,52.0,nvidia-smi
burgers_1d,jax_conjugate_grad,train_and_inference,interval,1778103202.0145533,172.21641935000662,160634,nan,2735.0,76.0,254.45,52.0,nvidia-smi
burgers_1d,jax_conjugate_grad,train_and_inference,interval,1778103203.1560376,173.35790390195325,160634,nan,2735.0,78.0,247.76,52.0,nvidia-smi
burgers_1d,jax_conjugate_grad,train_and_inference,interval,1778103204.289817,174.49168336298317,160634,nan,2735.0,75.0,244.19,52.0,nvidia-smi
burgers_1d,jax_conjugate_grad,train_and_inference,interval,1778103205.4435441,175.64540946192574,160634,nan,2735.0,76.0,242.92,52.0,nvidia-smi
burgers_1d,jax_conjugate_grad,train_and_inference,interval,1778103206.5923822,176.79424714599736,160634,nan,2735.0,73.0,255.05,52.0,nvidia-smi
burgers_1d,jax_conjugate_grad,train_and_inference,interval,1778103207.7111351,177.9130011940142,160634,nan,2735.0,77.0,247.5,52.0,nvidia-smi
burgers_1d,jax_conjugate_grad,train_and_inference,interval,1778103208.802822,179.0046871539671,160634,nan,2735.0,77.0,250.21,52.0,nvidia-smi
burgers_1d,jax_conjugate_grad,train_and_inference,interval,1778103209.9348805,180.13674536696635,160634,nan,2735.0,77.0,251.14,52.0,nvidia-smi
burgers_1d,jax_conjugate_grad,train_and_inference,interval,1778103211.0352907,181.23715638602152,160634,nan,2735.0,76.0,249.88,52.0,nvidia-smi
burgers_1d,jax_conjugate_grad,train_and_inference,interval,1778103212.146033,182.34789911401458,160634,nan,2735.0,79.0,249.88,52.0,nvidia-smi
burgers_1d,jax_conjugate_grad,train_and_inference,interval,1778103213.277501,183.47936604800634,160634,nan,2735.0,40.0,89.16,48.0,nvidia-smi
burgers_1d,jax_conjugate_grad,train_and_inference,interval,1778103214.408751,184.61061677196994,160634,nan,2735.0,0.0,86.71,45.0,nvidia-smi
burgers_1d,jax_conjugate_grad,train_and_inference,interval,1778103215.5150282,185.7168916639639,160634,nan,2735.0,0.0,70.03,43.0,nvidia-smi
burgers_1d,jax_conjugate_grad,train_and_inference,end,1778103215.8161108,186.01797685201745,160634,nan,2735.0,0.0,69.71,43.0,nvidia-smi
