batch_size,case,forward_seconds,framework,global_gpu_after_mib,global_gpu_before_mib,global_gpu_peak_delta_mib,global_gpu_peak_mib,mae,mse,relative_l2,rep,rmse,run_kind,sample_indices,torch_peak_allocated_mib,torch_peak_reserved_mib
8,ns_2d,0.29657116101589054,pytorch,1241.0,449.0,792.0,1241.0,0.12026709318161011,0.0391530767083168,0.12830591201782227,0,0.19787136404320055,first_compile_or_warmup,"[1, 3, 14, 20, 35, 43, 44, 49]",514.67919921875,724.0
8,ns_2d,0.06625838903710246,pytorch,1241.0,1241.0,0.0,1241.0,0.12026709318161011,0.0391530767083168,0.12830591201782227,1,0.19787136404320055,steady,"[1, 3, 14, 20, 35, 43, 44, 49]",534.67919921875,724.0
8,ns_2d,0.06568963907193393,pytorch,1241.0,1241.0,0.0,1241.0,0.12026709318161011,0.0391530767083168,0.12830591201782227,2,0.19787136404320055,steady,"[1, 3, 14, 20, 35, 43, 44, 49]",534.67919921875,724.0
8,ns_2d,0.06613630906213075,pytorch,1241.0,1241.0,0.0,1241.0,0.12026709318161011,0.0391530767083168,0.12830591201782227,3,0.19787136404320055,steady,"[1, 3, 14, 20, 35, 43, 44, 49]",534.67919921875,724.0
8,ns_2d,0.06590276898350567,pytorch,1241.0,1241.0,0.0,1241.0,0.12026709318161011,0.0391530767083168,0.12830591201782227,4,0.19787136404320055,steady,"[1, 3, 14, 20, 35, 43, 44, 49]",534.67919921875,724.0
8,ns_2d,0.0661117989802733,pytorch,1241.0,1241.0,0.0,1241.0,0.12026709318161011,0.0391530767083168,0.12830591201782227,5,0.19787136404320055,steady,"[1, 3, 14, 20, 35, 43, 44, 49]",534.67919921875,724.0
8,ns_2d,0.06624450895469636,pytorch,1241.0,1241.0,0.0,1241.0,0.12026709318161011,0.0391530767083168,0.12830591201782227,6,0.19787136404320055,steady,"[1, 3, 14, 20, 35, 43, 44, 49]",534.67919921875,724.0
8,ns_2d,0.0660299489973113,pytorch,1241.0,1241.0,0.0,1241.0,0.12026709318161011,0.0391530767083168,0.12830591201782227,7,0.19787136404320055,steady,"[1, 3, 14, 20, 35, 43, 44, 49]",534.67919921875,724.0
8,ns_2d,0.06488725007511675,pytorch,1241.0,1241.0,0.0,1241.0,0.12026709318161011,0.0391530767083168,0.12830591201782227,8,0.19787136404320055,steady,"[1, 3, 14, 20, 35, 43, 44, 49]",534.67919921875,724.0
8,ns_2d,0.06103910400997847,pytorch,1241.0,1241.0,0.0,1241.0,0.12026709318161011,0.0391530767083168,0.12830591201782227,9,0.19787136404320055,steady,"[1, 3, 14, 20, 35, 43, 44, 49]",534.67919921875,724.0
8,ns_2d,0.06082695408258587,pytorch,1241.0,1241.0,0.0,1241.0,0.12026709318161011,0.0391530767083168,0.12830591201782227,10,0.19787136404320055,steady,"[1, 3, 14, 20, 35, 43, 44, 49]",534.67919921875,724.0
8,ns_2d,0.060964773991145194,pytorch,1241.0,1241.0,0.0,1241.0,0.12026709318161011,0.0391530767083168,0.12830591201782227,11,0.19787136404320055,steady,"[1, 3, 14, 20, 35, 43, 44, 49]",534.67919921875,724.0
8,ns_2d,0.06096002401318401,pytorch,1241.0,1241.0,0.0,1241.0,0.12026709318161011,0.0391530767083168,0.12830591201782227,12,0.19787136404320055,steady,"[1, 3, 14, 20, 35, 43, 44, 49]",534.67919921875,724.0
8,ns_2d,0.0608189650811255,pytorch,1241.0,1241.0,0.0,1241.0,0.12026709318161011,0.0391530767083168,0.12830591201782227,13,0.19787136404320055,steady,"[1, 3, 14, 20, 35, 43, 44, 49]",534.67919921875,724.0
8,ns_2d,0.06122203392442316,pytorch,1241.0,1241.0,0.0,1241.0,0.12026709318161011,0.0391530767083168,0.12830591201782227,14,0.19787136404320055,steady,"[1, 3, 14, 20, 35, 43, 44, 49]",534.67919921875,724.0
8,ns_2d,0.06122186395805329,pytorch,1241.0,1241.0,0.0,1241.0,0.12026709318161011,0.0391530767083168,0.12830591201782227,15,0.19787136404320055,steady,"[1, 3, 14, 20, 35, 43, 44, 49]",534.67919921875,724.0
8,ns_2d,0.06101372395642102,pytorch,1241.0,1241.0,0.0,1241.0,0.12026709318161011,0.0391530767083168,0.12830591201782227,16,0.19787136404320055,steady,"[1, 3, 14, 20, 35, 43, 44, 49]",534.67919921875,724.0
8,ns_2d,0.061251683975569904,pytorch,1241.0,1241.0,0.0,1241.0,0.12026709318161011,0.0391530767083168,0.12830591201782227,17,0.19787136404320055,steady,"[1, 3, 14, 20, 35, 43, 44, 49]",534.67919921875,724.0
8,ns_2d,0.06253691297024488,pytorch,1241.0,1241.0,0.0,1241.0,0.12026709318161011,0.0391530767083168,0.12830591201782227,18,0.19787136404320055,steady,"[1, 3, 14, 20, 35, 43, 44, 49]",534.67919921875,724.0
8,ns_2d,0.06318428192753345,pytorch,1241.0,1241.0,0.0,1241.0,0.12026709318161011,0.0391530767083168,0.12830591201782227,19,0.19787136404320055,steady,"[1, 3, 14, 20, 35, 43, 44, 49]",534.67919921875,724.0
8,ns_2d,0.06456685008015484,pytorch,1241.0,1241.0,0.0,1241.0,0.12026709318161011,0.0391530767083168,0.12830591201782227,20,0.19787136404320055,steady,"[1, 3, 14, 20, 35, 43, 44, 49]",534.67919921875,724.0
8,ns_2d,7.646910054027103,jax_real_imag,1533.0,467.0,1066.0,1533.0,0.12078645080327988,0.03939966484904289,0.12870360910892487,0,0.19849348817793216,first_compile_or_warmup,"[1, 3, 14, 20, 35, 43, 44, 49]",nan,nan
8,ns_2d,0.05362765199970454,jax_real_imag,1533.0,1533.0,0.0,1533.0,0.12078645080327988,0.03939966484904289,0.12870360910892487,1,0.19849348817793216,steady,"[1, 3, 14, 20, 35, 43, 44, 49]",nan,nan
8,ns_2d,0.053554901969619095,jax_real_imag,1533.0,1533.0,0.0,1533.0,0.12078645080327988,0.03939966484904289,0.12870360910892487,2,0.19849348817793216,steady,"[1, 3, 14, 20, 35, 43, 44, 49]",nan,nan
8,ns_2d,0.05386005202308297,jax_real_imag,1533.0,1533.0,0.0,1533.0,0.12078645080327988,0.03939966484904289,0.12870360910892487,3,0.19849348817793216,steady,"[1, 3, 14, 20, 35, 43, 44, 49]",nan,nan
8,ns_2d,0.05321440193802118,jax_real_imag,1533.0,1533.0,0.0,1533.0,0.12078645080327988,0.03939966484904289,0.12870360910892487,4,0.19849348817793216,steady,"[1, 3, 14, 20, 35, 43, 44, 49]",nan,nan
8,ns_2d,0.05515910102985799,jax_real_imag,1533.0,1533.0,0.0,1533.0,0.12078645080327988,0.03939966484904289,0.12870360910892487,5,0.19849348817793216,steady,"[1, 3, 14, 20, 35, 43, 44, 49]",nan,nan
8,ns_2d,0.053704853053204715,jax_real_imag,1533.0,1533.0,0.0,1533.0,0.12078645080327988,0.03939966484904289,0.12870360910892487,6,0.19849348817793216,steady,"[1, 3, 14, 20, 35, 43, 44, 49]",nan,nan
8,ns_2d,0.05366559198591858,jax_real_imag,1533.0,1533.0,0.0,1533.0,0.12078645080327988,0.03939966484904289,0.12870360910892487,7,0.19849348817793216,steady,"[1, 3, 14, 20, 35, 43, 44, 49]",nan,nan
8,ns_2d,0.05373422196134925,jax_real_imag,1533.0,1533.0,0.0,1533.0,0.12078645080327988,0.03939966484904289,0.12870360910892487,8,0.19849348817793216,steady,"[1, 3, 14, 20, 35, 43, 44, 49]",nan,nan
8,ns_2d,0.053780391928739846,jax_real_imag,1533.0,1533.0,0.0,1533.0,0.12078645080327988,0.03939966484904289,0.12870360910892487,9,0.19849348817793216,steady,"[1, 3, 14, 20, 35, 43, 44, 49]",nan,nan
8,ns_2d,0.0537448120303452,jax_real_imag,1533.0,1533.0,0.0,1533.0,0.12078645080327988,0.03939966484904289,0.12870360910892487,10,0.19849348817793216,steady,"[1, 3, 14, 20, 35, 43, 44, 49]",nan,nan
8,ns_2d,0.05384122196119279,jax_real_imag,1533.0,1533.0,0.0,1533.0,0.12078645080327988,0.03939966484904289,0.12870360910892487,11,0.19849348817793216,steady,"[1, 3, 14, 20, 35, 43, 44, 49]",nan,nan
8,ns_2d,0.05372215202078223,jax_real_imag,1533.0,1533.0,0.0,1533.0,0.12078645080327988,0.03939966484904289,0.12870360910892487,12,0.19849348817793216,steady,"[1, 3, 14, 20, 35, 43, 44, 49]",nan,nan
8,ns_2d,0.053820922039449215,jax_real_imag,1533.0,1533.0,0.0,1533.0,0.12078645080327988,0.03939966484904289,0.12870360910892487,13,0.19849348817793216,steady,"[1, 3, 14, 20, 35, 43, 44, 49]",nan,nan
8,ns_2d,0.053762892028316855,jax_real_imag,1533.0,1533.0,0.0,1533.0,0.12078645080327988,0.03939966484904289,0.12870360910892487,14,0.19849348817793216,steady,"[1, 3, 14, 20, 35, 43, 44, 49]",nan,nan
8,ns_2d,0.05380942206829786,jax_real_imag,1533.0,1533.0,0.0,1533.0,0.12078645080327988,0.03939966484904289,0.12870360910892487,15,0.19849348817793216,steady,"[1, 3, 14, 20, 35, 43, 44, 49]",nan,nan
8,ns_2d,0.058228638023138046,jax_real_imag,1533.0,1533.0,0.0,1533.0,0.12078645080327988,0.03939966484904289,0.12870360910892487,16,0.19849348817793216,steady,"[1, 3, 14, 20, 35, 43, 44, 49]",nan,nan
8,ns_2d,0.05374993197619915,jax_real_imag,1533.0,1533.0,0.0,1533.0,0.12078645080327988,0.03939966484904289,0.12870360910892487,17,0.19849348817793216,steady,"[1, 3, 14, 20, 35, 43, 44, 49]",nan,nan
8,ns_2d,0.05459022102877498,jax_real_imag,1533.0,1533.0,0.0,1533.0,0.12078645080327988,0.03939966484904289,0.12870360910892487,18,0.19849348817793216,steady,"[1, 3, 14, 20, 35, 43, 44, 49]",nan,nan
8,ns_2d,0.053655631956644356,jax_real_imag,1533.0,1533.0,0.0,1533.0,0.12078645080327988,0.03939966484904289,0.12870360910892487,19,0.19849348817793216,steady,"[1, 3, 14, 20, 35, 43, 44, 49]",nan,nan
8,ns_2d,0.05323900294024497,jax_real_imag,1533.0,1533.0,0.0,1533.0,0.12078645080327988,0.03939966484904289,0.12870360910892487,20,0.19849348817793216,steady,"[1, 3, 14, 20, 35, 43, 44, 49]",nan,nan
