task,epoch,global_step,cuda_allocated_mb,cuda_reserved_mb,cuda_peak_allocated_mb
darcy,1,1,3624.24658203125,7364.0,5243.4853515625
darcy,2,2,3624.24658203125,8212.0,7628.923828125
darcy,3,3,3624.24658203125,8212.0,7629.2841796875
darcy,4,4,3624.24658203125,8212.0,7629.2841796875
darcy,5,5,3624.24658203125,8212.0,7629.2841796875
darcy,6,6,3624.24658203125,8212.0,7629.2841796875
darcy,7,7,3624.24658203125,8212.0,7629.2841796875
darcy,8,8,3624.24658203125,8212.0,7629.2841796875
darcy,9,9,3624.24658203125,8212.0,7629.2841796875
darcy,10,10,3624.24658203125,8212.0,7629.32470703125
darcy,11,11,3624.24658203125,8212.0,7629.32470703125
darcy,12,12,3624.24658203125,8212.0,7629.32470703125
darcy,13,13,3624.24658203125,8212.0,7629.32470703125
darcy,14,14,3624.24658203125,8212.0,7629.32470703125
darcy,15,15,3624.24658203125,8212.0,7629.32470703125
darcy,16,16,3624.24658203125,8212.0,7629.32470703125
darcy,17,17,3624.24658203125,8212.0,7629.32470703125
darcy,18,18,3624.24658203125,8212.0,7629.32470703125
darcy,19,19,3624.24658203125,8212.0,7629.32470703125
darcy,20,20,3624.24658203125,8212.0,7629.32470703125
darcy,21,21,3624.24658203125,8212.0,7629.32470703125
darcy,22,22,3624.24658203125,8212.0,7629.32470703125
darcy,23,23,3624.24658203125,8212.0,7629.32470703125
darcy,24,24,3624.24658203125,8212.0,7629.32470703125
darcy,25,25,3624.24658203125,8212.0,7629.32470703125
darcy,26,26,3624.24658203125,8212.0,7629.32470703125
darcy,27,27,3624.24658203125,8212.0,7629.32470703125
darcy,28,28,3624.24658203125,8212.0,7629.32470703125
darcy,29,29,3624.24658203125,8212.0,7629.32470703125
darcy,30,30,3624.24658203125,8212.0,7629.32470703125
darcy,31,31,3624.24658203125,8212.0,7629.32470703125
darcy,32,32,3624.24658203125,8212.0,7629.32470703125
darcy,33,33,3624.24658203125,8212.0,7629.32470703125
darcy,34,34,3624.24658203125,8212.0,7629.32470703125
darcy,35,35,3624.24658203125,8212.0,7629.32470703125
darcy,36,36,3624.24658203125,8212.0,7629.32470703125
darcy,37,37,3624.24658203125,8212.0,7629.32470703125
darcy,38,38,3624.24658203125,8212.0,7629.32470703125
darcy,39,39,3624.24658203125,8212.0,7629.32470703125
darcy,40,40,3624.24658203125,8212.0,7629.32470703125
darcy,41,41,3624.24658203125,8212.0,7629.32470703125
darcy,42,42,3624.24658203125,8212.0,7629.32470703125
darcy,43,43,3624.24658203125,8212.0,7629.32470703125
darcy,44,44,3624.24658203125,8212.0,7629.32470703125
darcy,45,45,3624.24658203125,8212.0,7629.32470703125
darcy,46,46,3624.24658203125,8212.0,7629.32470703125
darcy,47,47,3624.24658203125,8212.0,7629.32470703125
darcy,48,48,3624.24658203125,8212.0,7629.32470703125
darcy,49,49,3624.24658203125,8212.0,7629.32470703125
darcy,50,50,3624.24658203125,8212.0,7629.32470703125
darcy,51,51,3624.24658203125,8212.0,7629.32470703125
darcy,52,52,3624.24658203125,8212.0,7629.32470703125
darcy,53,53,3624.24658203125,8212.0,7629.32470703125
darcy,54,54,3624.24658203125,8212.0,7629.32470703125
darcy,55,55,3624.24658203125,8212.0,7629.32470703125
darcy,56,56,3624.24658203125,8212.0,7629.32470703125
darcy,57,57,3624.24658203125,8212.0,7629.32470703125
darcy,58,58,3624.24658203125,8212.0,7629.32470703125
darcy,59,59,3624.24658203125,8212.0,7629.32470703125
darcy,60,60,3624.24658203125,8212.0,7629.32470703125
darcy,61,61,3624.24658203125,8212.0,7629.32470703125
darcy,62,62,3624.24658203125,8212.0,7629.32470703125
darcy,63,63,3624.24658203125,8212.0,7629.32470703125
darcy,64,64,3624.24658203125,8212.0,7629.32470703125
darcy,65,65,3624.24658203125,8212.0,7629.32470703125
darcy,66,66,3624.24658203125,8212.0,7629.32470703125
darcy,67,67,3624.24658203125,8212.0,7629.32470703125
darcy,68,68,3624.24658203125,8212.0,7629.32470703125
darcy,69,69,3624.24658203125,8212.0,7629.32470703125
darcy,70,70,3624.24658203125,8212.0,7629.32470703125
darcy,71,71,3624.24658203125,8212.0,7629.32470703125
darcy,72,72,3624.24658203125,8212.0,7629.32470703125
darcy,73,73,3624.24658203125,8212.0,7629.32470703125
darcy,74,74,3624.24658203125,8212.0,7629.32470703125
darcy,75,75,3624.24658203125,8212.0,7629.32470703125
darcy,76,76,3624.24658203125,8212.0,7629.32470703125
darcy,77,77,3624.24658203125,8212.0,7629.32470703125
darcy,78,78,3624.24658203125,8212.0,7629.32470703125
darcy,79,79,3624.24658203125,8212.0,7629.32470703125
darcy,80,80,3624.24658203125,8212.0,7629.32470703125
darcy,81,81,3624.24658203125,8212.0,7629.32470703125
darcy,82,82,3624.24658203125,8212.0,7629.32470703125
darcy,83,83,3624.24658203125,8212.0,7629.32470703125
darcy,84,84,3624.24658203125,8212.0,7629.32470703125
darcy,85,85,3624.24658203125,8212.0,7629.32470703125
darcy,86,86,3624.24658203125,8212.0,7629.32470703125
darcy,87,87,3624.24658203125,8212.0,7629.32470703125
darcy,88,88,3624.24658203125,8212.0,7629.32470703125
darcy,89,89,3624.24658203125,8212.0,7629.32470703125
darcy,90,90,3624.24658203125,8212.0,7629.32470703125
darcy,91,91,3624.24658203125,8212.0,7629.32470703125
darcy,92,92,3624.24658203125,8212.0,7629.32470703125
darcy,93,93,3624.24658203125,8212.0,7629.32470703125
darcy,94,94,3624.24658203125,8212.0,7629.32470703125
darcy,95,95,3624.24658203125,8212.0,7629.32470703125
darcy,96,96,3624.24658203125,8212.0,7629.32470703125
darcy,97,97,3624.24658203125,8212.0,7629.32470703125
darcy,98,98,3624.24658203125,8212.0,7629.32470703125
darcy,99,99,3624.24658203125,8212.0,7629.32470703125
darcy,100,100,3624.24658203125,8212.0,7629.32470703125
