epoch,framework,train_relative_l2,test_relative_l2,train_mse,test_mse,seconds
1,jax,0.4711637769363545,0.3560833215713501,0.07233956375883685,0.037182266116142275,37.04591691691894
2,jax,0.34233402300764015,0.33736429969469706,0.032704986344884945,0.032486329277356465,1.6602432409999892
3,jax,0.32166828252651075,0.32047119696935017,0.029066152660935013,0.029263554364442824,0.11850975709967315
4,jax,0.32850242636821886,0.3180535399913788,0.030069769206974243,0.029145211006204288,0.10994758305605501
5,jax,0.28787256324732746,0.30206806778907774,0.023523442458223413,0.02588833657403787,0.10170513193588704
6,jax,0.29308933222735367,0.2849400448799133,0.024027136026157272,0.023491118624806403,0.09999435197096318
7,jax,0.2601155350164131,0.18912607411543528,0.019131795853652336,0.010160432383418082,0.09875451400876045
8,jax,0.1820147904643306,0.17641409277915954,0.009100238054438874,0.008790149639050166,0.09983909293077886
9,jax,0.18396551346337353,0.22799347579479218,0.009425965936647521,0.015029809027910233,0.10192044102586806
10,jax,0.19298038164774578,0.18432547132174174,0.010474757269300796,0.009670380987226963,0.09881162305828184
11,jax,0.19294938617282442,0.24771229843298595,0.010394463224543465,0.017956951558589937,0.09736945503391325
12,jax,0.20987915462917753,0.18781209607919058,0.012456818798349964,0.010106813038388889,0.098038605065085
13,jax,0.1960784011858481,0.19319098512331645,0.01074728332735874,0.010852346817652384,0.10363047895953059
14,jax,0.1836883153076525,0.16331523338953655,0.009549184302213016,0.007508318057904641,0.10711502598132938
15,jax,0.16311337835258907,0.1486539008220037,0.007353041707365601,0.00621914383644859,0.100387322017923
16,jax,0.16148866593837738,0.18332720359166463,0.007233931947913435,0.009558246930440268,0.10546766896732152
17,jax,0.1813757120459168,0.17031600137551625,0.009124400737109007,0.008259448185563088,0.11248500098008662
18,jax,0.18946778619730914,0.1794622927904129,0.010293591599911452,0.009310722711185614,0.11174994299653918
19,jax,0.15541833561879617,0.14200937787691753,0.00676794117661538,0.005772628467530012,0.11299730197060853
20,jax,0.1321708776884609,0.13173900067806243,0.004837014301231614,0.004927524278561274,0.11601191805675626
21,jax,0.12295931936414153,0.13001711249351502,0.004189252160765507,0.00481121726334095,0.11363220098428428
22,jax,0.14609843881041915,0.16135320882002513,0.005974317088171288,0.00732596505433321,0.11118692194577307
23,jax,0.14359162758897853,0.13159898897012076,0.005735709268461775,0.004888258532931408,0.10939472506288439
24,jax,0.15222401839715463,0.1664772818485896,0.00656065236363146,0.007544264905154705,0.11463932995684445
25,jax,0.14209833754433526,0.12386443793773651,0.0056364481737492264,0.0043678433013459046,0.11012076400220394
26,jax,0.11674327929814657,0.140101535320282,0.003787074275314808,0.005532639107356469,0.11259797203820199
27,jax,0.11442301642011714,0.1112689745426178,0.003645439749514615,0.00353524386882782,0.1123482920229435
28,jax,0.10351035605978083,0.11792262405157089,0.00298364854555715,0.003922664926697811,0.11195731302723289
29,jax,0.10261455482906766,0.09909644633531571,0.0029368217123879325,0.002773961431036393,0.1095815539592877
30,jax,0.09938423699802823,0.10432452321052552,0.0027537522789228847,0.0031254946316281954,0.10871799499727786
31,jax,0.12394587538860462,0.16851171175638835,0.004437257190131479,0.00832938089966774,0.10896480502560735
32,jax,0.16822301692432828,0.15263367275396983,0.008007614957513632,0.006608747821301222,0.10921089397743344
33,jax,0.14770326031578912,0.12989947328964868,0.0060945920108093155,0.004823910209039847,0.11147148301824927
34,jax,0.12393144885698955,0.11974670201539993,0.004304778321335713,0.004033513770749172,0.11246474098879844
35,jax,0.11207237797754782,0.10835217038790385,0.003512634371786758,0.003310660058632493,0.11201977194286883
36,jax,0.1037062238432743,0.10173331886529922,0.003000636129743523,0.0029299293334285417,0.10543152806349099
37,jax,0.09663315182482755,0.10308116306861241,0.0026101211230787967,0.0030420533443490665,0.09952807298395783
38,jax,0.09421198871400621,0.09339786003033321,0.0024858731021069817,0.002497076556707422,0.10187845106702298
39,jax,0.09425397745988986,0.09214397728443145,0.0024947741851900464,0.002426649893944462,0.1036351399961859
40,jax,0.0890746890394776,0.09474492440621059,0.002221069397335803,0.002610560320317745,0.10306276998016983
41,jax,0.08720820820993848,0.08155914773543675,0.0021396460153024505,0.001908815357213219,0.10149084206204861
42,jax,0.08056007747296934,0.09187325974305471,0.0018183782786406852,0.0024115133099257948,0.09829962404910475
43,jax,0.07919162679601599,0.08057748119036356,0.0017577408759475307,0.001866093024921914,0.09861848398577422
44,jax,0.07665941622522142,0.09584265122810999,0.0016532459230748592,0.002546808080126842,0.09993695304729044
45,jax,0.07983698938731794,0.08243884364763895,0.0017982629226106737,0.0019678813746819893,0.09704190504271537
46,jax,0.07395573470327589,0.07984809845685958,0.0015321362839528809,0.001850648665179809,0.09838835406117141
47,jax,0.0744116285443306,0.07869385987520218,0.0015570522267026481,0.001815617458584408,0.09773395408410579
48,jax,0.07547124099952203,0.07293912321329117,0.0016118177499070212,0.0015422595245763659,0.09925342397764325
49,jax,0.0737937135608108,0.07291641106208166,0.0015406459128415144,0.0015269845755149921,0.10435030807275325
50,jax,0.0687171510634599,0.07373367667198182,0.0013316406288908587,0.0015657215394700567,0.10459000896662474
51,jax,0.07333628869718975,0.10260001003742218,0.0015258121235227143,0.002912394202624758,0.12080353405326605
52,jax,0.08414913409286075,0.0746446246902148,0.002021118440768785,0.0015840759376684825,0.10073479195125401
53,jax,0.06554375252238026,0.07531892756621043,0.0012091689629273282,0.0016767987065638105,0.09836966497823596
54,jax,0.06399958637025621,0.07059606661399205,0.00115261971346896,0.0014697237887109319,0.10022047196980566
55,jax,0.06097870318977921,0.08682874192794164,0.0010477392416861323,0.0021784805754820505,0.09683550498448312
56,jax,0.06757112755819603,0.07470350354909897,0.0012980046288834678,0.0016088811758284767,0.09883529401849955
57,jax,0.06101864282731657,0.0794603431224823,0.0010498187842744367,0.0017874693094442288,0.09757345402613282
58,jax,0.06224364671442244,0.06531418497363727,0.0010937541530088141,0.0012378512136638166,0.0964765059761703
59,jax,0.06057543813078492,0.0686335908373197,0.0010365983002163747,0.0013643060795341928,0.09705566498450935
60,jax,0.0639750564650253,0.06610161085923513,0.0011656133093250294,0.0012889170475925008,0.09674972493667156
61,jax,0.05769657220001574,0.06645476778348287,0.0009474662147220915,0.0012682108860462905,0.09679413598496467
62,jax,0.05924951026837031,0.07212458898623784,0.0010005646814695663,0.0014882005689044794,0.09739014506340027
63,jax,0.05795023676421907,0.06505198289950688,0.0009515183913107548,0.0012237848698471983,0.09661632496863604
64,jax,0.06122288878317232,0.06812275568644206,0.0010799903733034928,0.0013455036235973238,0.09666965494398028
65,jax,0.05614447008680414,0.06377347360054651,0.0008994650024127353,0.0011671389468635121,0.09594959602691233
66,jax,0.056498960504929224,0.06543539663155874,0.0009078932237914866,0.00124897216912359,0.0965071760583669
67,jax,0.05460995760780794,0.06608632718523344,0.0008448271800039543,0.0012937418914710482,0.09700719499960542
68,jax,0.055005165851778455,0.06040310780207316,0.0008621477292574667,0.0010577672425036628,0.09791959507856518
69,jax,0.05095917702273086,0.07366058786710103,0.0007385625262503271,0.0015865557439004381,0.09810647403355688
70,jax,0.05537876171646295,0.08364696502685547,0.000876546882920795,0.0020449966254333656,0.09815219405572861
71,jax,0.06352090396262981,0.05879533628622691,0.0011789682980937262,0.0010009224417929848,0.09788148396182805
72,jax,0.05915746948233357,0.060594622244437533,0.0010048660936903347,0.0010852639190852642,0.09685926593374461
73,jax,0.05320513352199837,0.06751096288363138,0.0008029455181073259,0.0013074573874473571,0.09700886509381235
74,jax,0.05558834735993986,0.06719767491022746,0.000881696920496998,0.0013128575232500832,0.09794488409534097
75,jax,0.053429748901614435,0.05944611812631289,0.0008193858802594521,0.0010146635320658485,0.10105997195933014
76,jax,0.05523712933615402,0.0652523468931516,0.0008758804799678425,0.0012244140915572644,0.10107278090436012
77,jax,0.052115955821893836,0.07476372500260671,0.0007762598344642255,0.001644042880895237,0.10030231298878789
78,jax,0.05750356513592932,0.06605644931395849,0.000970100350074332,0.0012447617497916023,0.09975345199927688
79,jax,0.04987817804570551,0.06412061234315236,0.0007075106644037145,0.0011896748918419082,0.09673318592831492
80,jax,0.049464612150633774,0.07097362726926804,0.000693510884669161,0.0014585665846243501,0.09704797505401075
81,jax,0.05649010553404137,0.055265490412712094,0.0009201486403536465,0.0008827512183537086,0.09866784303449094
82,jax,0.04881476034168844,0.07338626176118851,0.0006784187404749294,0.0015500187842796245,0.09813621500506997
83,jax,0.06510777829973786,0.08992857307195663,0.0012512221906541123,0.0022751994989812373,0.0979188249912113
84,jax,0.06299722552851394,0.05771330192685127,0.0011484140465553435,0.0009689310689767202,0.09776071505621076
85,jax,0.04869756668806076,0.059753857254981994,0.0006733850271579017,0.0010345423330242434,0.09982909297104925
86,jax,0.04939085952661656,0.0680297726392746,0.0006982175000356855,0.0013402583093071977,0.10023460199590772
87,jax,0.05194516981641451,0.056965583016475044,0.0007658068122583683,0.0009442710597068071,0.10078675195109099
88,jax,0.047236716151237486,0.050692678292592365,0.0006366659075677119,0.000758690955893447,0.09952196304220706
89,jax,0.04415662662298591,0.05881552855173747,0.0005538836614815174,0.0010187325836159289,0.0976587450131774
90,jax,0.04682113991843329,0.05199306627114614,0.0006232041383541568,0.0007877441518940032,0.09866014297585934
91,jax,0.04314843377581349,0.0517081044614315,0.0005288686016057101,0.0007864302986611923,0.0987139439675957
92,jax,0.045348150984004694,0.05602612584829331,0.0005849554137913165,0.000928435285265247,0.09871492395177484
93,jax,0.047288669811354746,0.052444196740786236,0.0006401375492310358,0.0007941023888997734,0.09662916592787951
94,jax,0.04556496282418569,0.05207392235596975,0.0005908118168116306,0.0007915274573800465,0.1059258779278025
95,jax,0.050125165482362115,0.06374527131517728,0.0007239652811377137,0.0011556453304365278,0.10624587791971862
96,jax,0.05100293423290606,0.07798004219929378,0.000744933370259349,0.0017206574169298012,0.10087197099346668
97,jax,0.058996534800087964,0.04918471490343412,0.0010399896073741493,0.000707985085900873,0.09851409401744604
98,jax,0.04282049934069316,0.055480931649605436,0.0005199910951260891,0.0008936573083822926,0.09914618299808353
99,jax,0.04399038450585471,0.049558970977862674,0.0005530143887908371,0.0007213609207731982,0.097305194940418
100,jax,0.04336036183767848,0.04924260462323825,0.0005369292355694429,0.0007049658832450708,0.09757047507446259
101,jax,0.040762705758765894,0.06670660108327865,0.0004724967005421166,0.0012706446694210171,0.0977732939645648
102,jax,0.04809212740924623,0.05134714583555857,0.0006677044271405234,0.0007767341309227049,0.09746012499090284
103,jax,0.044091554250982073,0.04760867749651273,0.0005560204537619871,0.000664399436985453,0.09698197501711547
104,jax,0.038947671364854886,0.04885363668203354,0.00043069602818124824,0.0007163291145116091,0.09727063507307321
105,jax,0.04042927696749016,0.055220014452934264,0.0004678847342815802,0.0008831931798097988,0.09806276392191648
106,jax,0.05817639191945394,0.0557976104815801,0.0010015227931931064,0.0009177003327446679,0.10075191198848188
107,jax,0.047345328524156856,0.047577486832936604,0.0006567771118824128,0.0006681506102904677,0.10136931098531932
108,jax,0.041070478464718216,0.04996405348181725,0.0004836814822974028,0.0007453123123074572,0.1012333519756794
109,jax,0.04083568964291502,0.04855197836955388,0.0004757416053433661,0.0006972092444387575,0.101198471034877
110,jax,0.0409156698540405,0.06544654270013174,0.0004797353358352902,0.0012335396744310855,0.09939207299612463
111,jax,0.04139500582107791,0.047385740081469216,0.0004940611024007753,0.0006675429502502084,0.09837164403870702
112,jax,0.04266085062865858,0.0494249035914739,0.0005215235447718037,0.0007132102634447317,0.09868398401886225
113,jax,0.040703056747162784,0.045934979369242984,0.0004770077466619787,0.0006182544895758232,0.09906482207588851
114,jax,0.04118100142589322,0.05162725994984309,0.0004887709103059024,0.000789151058997959,0.09802505502011627
115,jax,0.04878315846125285,0.057199352532625196,0.0006981107320084616,0.0009471968289775153,0.09876432304736227
116,jax,0.04578152769141727,0.053115188330411914,0.0006126305665303435,0.0008328893307286004,0.1008881819434464
117,jax,0.043301549162025804,0.04676981950799624,0.0005375397771045014,0.0006632321452101072,0.10359404899645597
118,jax,0.03882977390730823,0.05190087492267291,0.0004315546651681264,0.0007989313476718962,0.10409960907418281
119,jax,0.04038380439634676,0.049675003041823707,0.00046705238835851627,0.0007269361102953553,0.1036963399965316
120,jax,0.04265447289855392,0.04588496948281924,0.0005301070714334923,0.0006343706844684978,0.10240425996016711
121,jax,0.04090044748451974,0.04777539516488711,0.000483748142098732,0.0006792469966846208,0.10148847103118896
122,jax,0.038996434851928996,0.053860881874958674,0.00043258522762227116,0.0008496715609605114,0.10396072908770293
123,jax,0.038205290800995294,0.04705915361642837,0.00041896797858902976,0.0006975605571642518,0.10541506798472255
124,jax,0.03842674100840533,0.05358064075311025,0.0004250467283202818,0.0008527084952220321,0.1048565279925242
125,jax,0.04188988659668852,0.04340015505750974,0.0005081479626069604,0.0005603176960721612,0.10354460892267525
126,jax,0.03920739667835059,0.04332060476144155,0.00044190362121702894,0.0005702040918792288,0.10291244008112699
127,jax,0.03907861603630913,0.045221160451571145,0.00044015903077605697,0.0006018458842299879,0.1032085899496451
128,jax,0.037854813604995055,0.04453584094842275,0.00041296340477721833,0.0005977010579469303,0.10203645995352417
129,jax,0.03662153670081386,0.04850570365786552,0.00038620269615893013,0.0007147982250899076,0.10364795906934887
130,jax,0.03799968503415584,0.055475134899218875,0.0004144168571413805,0.0008982837595976889,0.10310241999104619
131,jax,0.04256290967265765,0.05065636878212293,0.0005339260215664075,0.0007537222381991645,0.10185598104726523
132,jax,0.038324367304642996,0.05200955872734388,0.00042478984152829205,0.0007970054300191502,0.10183802002575248
133,jax,0.038290000530304735,0.042652510851621625,0.00042578814206299957,0.0005478376561465363,0.09985390293877572
134,jax,0.03738220829654623,0.04896939506133397,0.0004032311930010716,0.0007461364815632502,0.09947783302050084
135,jax,0.04247111822168032,0.045866507937510806,0.0005261201739604413,0.0006405082368291915,0.10021998197771609
136,jax,0.03628981827585785,0.062675751298666,0.0003816932090558112,0.0011734735686331987,0.10014571191277355
137,jax,0.046038733500021474,0.05678985352317492,0.0006243500244562273,0.0010017585195600987,0.09975265304092318
138,jax,0.040774837075560184,0.04159274061520894,0.0004797102710990994,0.0005168557539582253,0.09985613299068063
139,jax,0.03609898699102578,0.055019646733999256,0.00037109792633499534,0.0009028586753023168,0.10370262898504734
140,jax,0.04302784266847151,0.04198907723029455,0.00053995847331222,0.0005379339420081427,0.10959661402739584
141,jax,0.03740211776561207,0.04407024522622426,0.00039911428164621747,0.000592597359791398,0.1018328599166125
142,jax,0.036790304217073654,0.040894823471705116,0.0003887971480273538,0.0005041249996672074,0.09644462610594928
143,jax,0.03548051898678144,0.04111792494853338,0.0003622364342919792,0.0005216720964138706,0.09531811601482332
144,jax,0.03482195571616844,0.04006425296266874,0.0003486353376690574,0.00048151179566048087,0.09577766596339643
145,jax,0.03323730660809411,0.047456900080045064,0.00031670471416199924,0.0006779122321556012,0.09501845703925937
146,jax,0.042599041450906684,0.04214284469683965,0.0005309861785025094,0.0005316465479942659,0.09601772599853575
147,jax,0.03631636163702717,0.04438161840041478,0.0003800511311015321,0.0006107885871703426,0.09691459499299526
148,jax,0.035742325203286275,0.04373026857773463,0.0003684029690662606,0.0005868596575843791,0.1026813299395144
149,jax,0.03617658569029084,0.04321330760916074,0.0003778349843600558,0.0005920273096611102,0.10646274697501212
150,jax,0.03685286442990656,0.04207022065917651,0.00039423817699706115,0.0005202598365334173,0.10643194697331637
151,jax,0.038311914923014466,0.04298182805379232,0.00043273975305190243,0.000561597558359305,0.11121913196984679
152,jax,0.03647447939824175,0.043189919342597326,0.00038580576811606687,0.0005439604333757112,0.10709171695634723
153,jax,0.03635544424807584,0.044430625289678574,0.0003802710750002276,0.0006092426972463727,0.10621729702688754
154,jax,0.038685519855331495,0.047236661513646444,0.00043359428200077406,0.0006642909596363704,0.09864071395713836
155,jax,0.037721830705801644,0.04305346265435219,0.00041401413256405954,0.0005718382548851272,0.09940318297594786
156,jax,0.037470953875669726,0.04714627752701441,0.0004077124692439274,0.0006508928576173882,0.09893498290330172
157,jax,0.036226091004080245,0.03882657607396444,0.000381443511556696,0.0004566471903429677,0.09819069399964064
158,jax,0.035215983106582256,0.04272665436069171,0.0003578561446112063,0.0005493463265399139,0.09840154403354973
159,jax,0.0337157821379326,0.03775953993201256,0.00032947898109408994,0.0004318976510937015,0.09825927403289825
160,jax,0.031094765067100526,0.03862461775541306,0.0002769082613263486,0.00045592451662135623,0.09793093393091112
161,jax,0.03314265458672135,0.041926659792661664,0.00031801578304212956,0.0005212345459343244,0.09763596497941762
162,jax,0.03384155220455594,0.0413670260210832,0.00032706385913856877,0.0005010769958607853,0.09808510402217507
163,jax,0.034998498062292736,0.03851460665464401,0.0003559074677630431,0.00044382177099275093,0.09824679407756776
164,jax,0.03445329204753593,0.03996207063396772,0.00033979070372879504,0.0004764785598187397,0.09809277392923832
165,jax,0.0389744468971535,0.03937514290213585,0.00044800137303321175,0.0004726909597714742,0.09926901303697377
166,jax,0.03991725917491648,0.05063749233881632,0.0004693836995607449,0.0007906043048327168,0.09820069500710815
167,jax,0.036299497631412964,0.04407138908902804,0.00037891469917398086,0.0005602892600776007,0.09800254402216524
168,jax,0.03585291475057602,0.03959241772691409,0.00037157410859233803,0.0004732802572349707,0.09810401394497603
169,jax,0.03252167600724432,0.047137950162092844,0.00030630292521824164,0.0006432882758478323,0.09796349401585758
170,jax,0.036154807955026624,0.03757744049032529,0.0003767373848758224,0.0004348686725522081,0.09913151303771883
171,jax,0.031822453430957263,0.03917298739155133,0.00029159077050819717,0.00046597987840262553,0.09881668305024505
172,jax,0.03158946604916343,0.04653978611032168,0.0002879715035238338,0.0006512478723501166,0.10001689300406724
173,jax,0.03519949785261242,0.04037320837378502,0.00035892435698769987,0.000497763999349748,0.09927508304826915
174,jax,0.037138945245080525,0.05579265187184016,0.00040724760680286974,0.0008889666471319894,0.09876974299550056
175,jax,0.039437346585370875,0.036117012401421865,0.00045598167408671646,0.00039402940504563354,0.09950724302325398
176,jax,0.030328323040847423,0.04519636705517769,0.00026490462504120336,0.0006008965677271286,0.09954248298890889
177,jax,0.03612423558478002,0.04924655189116796,0.0003776183957665193,0.0006970679170141618,0.09846838400699198
178,jax,0.039227388964758976,0.04317554737130801,0.00045103537681926456,0.0005584125973594685,0.09699777397327125
179,jax,0.035535990231566957,0.0413913394510746,0.0003688378262988947,0.000519450333279868,0.09697882598266006
180,jax,0.03686436822017034,0.03725744699438413,0.0003978388581459445,0.0004180049834152063,0.09844317298848182
181,jax,0.03142021736061131,0.05598856513698896,0.00028542488485712697,0.0009045147934618095,0.09904824395198375
182,jax,0.03939165230702471,0.03584209466973941,0.00046140972567998146,0.0003759933651114504,0.09968696197029203
183,jax,0.030638038011060822,0.0418194791674614,0.00027106904780440445,0.0005220076798771819,0.10005474195349962
184,jax,0.03500486869778898,0.047573065608739855,0.0003613941070054554,0.0007029404343726735,0.09990496293175966
185,jax,0.03305344209626869,0.042310448189576466,0.00031768497907453113,0.0005452842637896538,0.10002167208585888
186,jax,0.03293899039427439,0.0362897053360939,0.00031596226430135883,0.00040140781706819934,0.10037904209457338
187,jax,0.03140134750141038,0.03953043098251025,0.00028518360672967025,0.0004730962523414443,0.09925877396017313
188,jax,0.036639468084882804,0.03563407788674037,0.0003932561333877621,0.0003755067839908103,0.09875680296681821
189,jax,0.038654656459887825,0.04058165813485781,0.0004422002344357747,0.0004917709661337237,0.09855704300571233
190,jax,0.03545497470707805,0.04392174884676933,0.00037361324456503133,0.0005880912005280455,0.09925709292292595
191,jax,0.03270652457519814,0.04845304891467094,0.00031495688440002226,0.0007088602334260941,0.09769480500835925
192,jax,0.047576865553855895,0.05708599463105202,0.000669439192775085,0.0009616260253824294,0.09678804501891136
193,jax,0.04796503572552292,0.04828770816326142,0.0006692807849807044,0.0006982114833469193,0.09696568502113223
194,jax,0.036403514646269654,0.046295320391654966,0.0003953343568180032,0.0006208896023842196,0.10032874206081033
195,jax,0.04426216336312117,0.04758067031701406,0.0005761098042475404,0.000687221964665999,0.09975063300225884
196,jax,0.03990165448299161,0.04517564296722412,0.000474511611327115,0.0006053547320577006,0.09802501508966088
197,jax,0.03571831137493805,0.03739461402098338,0.00036860323049714444,0.00041727148306866486,0.09718728601001203
198,jax,0.030837626876654447,0.03840309724211693,0.0002745328102847216,0.0004577881082271536,0.09704442392103374
199,jax,0.03042115330144211,0.03670795574784279,0.00026698436437140187,0.0003996749528838942,0.09651548601686954
200,jax,0.030775572039462903,0.035955474476019544,0.0002758032942828895,0.0003892854182049632,0.09755864401813596
201,jax,0.030485783644296504,0.04598676234483719,0.0002678021285424216,0.0006129053972351054,0.09649763500783592
202,jax,0.0346668519741959,0.0407154359916846,0.00035369327378079846,0.0005040787897693614,0.09860241389833391
203,jax,0.032161193793570554,0.05115669474005699,0.00030086057596943443,0.0007550866754415135,0.10058965196367353
204,jax,0.044008787633092315,0.0709136418501536,0.0005745840783627635,0.001462843834112088,0.1003528319997713
205,jax,0.045473057842916914,0.039793959259986876,0.0006327454591411408,0.00046262997396600745,0.10069347207900137
206,jax,0.03135369879504045,0.03754147633910179,0.0002818648738105333,0.00041962622432038186,0.10052417195402086
207,jax,0.02947402102527795,0.04404704873760541,0.0002514433854311291,0.0005600167186154674,0.10646838590037078
208,jax,0.031083220574590894,0.03538023961087068,0.00028201815090142193,0.0003814347790709386,0.1054251380264759
209,jax,0.030934172482402236,0.03700894773006439,0.00027816866127843107,0.000403652557094271,0.10360768903046846
210,jax,0.029861631525887382,0.051093018700679144,0.00025644914980080946,0.0008019812870770693,0.10426263802219182
211,jax,0.04130243139134513,0.04006703992684682,0.0005054381962313696,0.0004712598662202557,0.10297538002487272
212,jax,0.03227536152358408,0.04145750497778257,0.0003068681853754377,0.0005327511943566302,0.10459251806605607
213,jax,0.034567812339023306,0.03591157252589861,0.00035338036103725986,0.0003960043207431833,0.10264016001019627
214,jax,0.0321672840140484,0.03438373585542043,0.00030110671710981813,0.00035942338523454965,0.10341833904385567
215,jax,0.029118717770885538,0.033105072205265366,0.00024345941449239574,0.00032078039987633626,0.1068960459670052
216,jax,0.027270269167644006,0.033047128841280936,0.00021337702999719315,0.00032749986508861183,0.10837136500049382
217,jax,0.03139253828260634,0.03659257600704829,0.00028385664905524914,0.00040458319243043663,0.10650517710018903
218,jax,0.0319020318377901,0.04791817103823026,0.0002977025663238709,0.0006461469153873623,0.10639026598073542
219,jax,0.03212217918148747,0.03535883605480194,0.0003009879288125645,0.00036757156214055917,0.10856652492657304
220,jax,0.0293315967199979,0.04321444968382517,0.0002507165290147963,0.0005701126003017028,0.1075091459788382
221,jax,0.031998640878332985,0.03349224726359049,0.00030197671032510697,0.0003252935397904366,0.10343370900955051
222,jax,0.0314022874225069,0.03579519967238108,0.0002881723782047629,0.0003780083932603399,0.10396549897268414
223,jax,0.030989855803825236,0.03537232960263888,0.0002776686366457768,0.0003672645221619556,0.1045437379507348
224,jax,0.033439688605290875,0.039122978250185646,0.00032838930470730973,0.00043827021300482254,0.10530789801850915
225,jax,0.030932026651722414,0.03466674238443375,0.00027519709344401406,0.00034960015832136073,0.1041917580878362
226,jax,0.031123437456510684,0.03748141452670097,0.00028038646529980556,0.00042159906898935637,0.1065171470399946
227,jax,0.030527361730734507,0.0357686064640681,0.00026834282758904414,0.0003882527739430467,0.10451149800792336
228,jax,0.032277791836747415,0.0362635829548041,0.00030317690451974393,0.0003908833935080717,0.1071499059908092
229,jax,0.03108562213955102,0.03617052455743154,0.0002816120325156522,0.0003912615527709325,0.10484295792412013
230,jax,0.029664427627016,0.0412044221162796,0.0002547136921418348,0.000498744185315445,0.10394553898368031
231,jax,0.03630327098899418,0.0365828034778436,0.0003834327604380195,0.00039907740506653984,0.10525646700989455
232,jax,0.04341554045677185,0.039611294915278754,0.0005603053868334327,0.0004545511130709201,0.10235415096394718
233,jax,0.04137737032439973,0.037593058347702026,0.0005080980316011442,0.00040575466584414244,0.10401442903093994
234,jax,0.038788261700559545,0.04303252120812734,0.00044550749184391286,0.0005427295745660862,0.10516689799260348
235,jax,0.03300989387487924,0.046209740042686465,0.00031761006697908874,0.0006196684925816954,0.10733250598423183
236,jax,0.03290627220162639,0.03593577558795611,0.0003202552063804534,0.0003807288776927938,0.10327826894354075
237,jax,0.030073909243499793,0.03804002741972606,0.00026153645497591543,0.0004203812397706012,0.10712778603192419
238,jax,0.028836594833819954,0.035061359653870264,0.00024252387940780157,0.00037388879844608405,0.10505611798726022
239,jax,0.02831953949674412,0.033990199019511544,0.00023283702825816968,0.00034512489878882964,0.10239885002374649
240,jax,0.029858806961112552,0.03635429883996646,0.000259436063847884,0.00039912192577806614,0.10294328897725791
241,jax,0.0286128259367413,0.034412015651663144,0.00023646501673351008,0.00036150661064311864,0.10443582898005843
242,jax,0.030264710198949885,0.03620690628886223,0.00026325228361033455,0.00039497917712045215,0.10375263902824372
243,jax,0.030899695814759643,0.03410337415834268,0.000277925966117807,0.00034507291469102104,0.10270066000521183
244,jax,0.027979411805669468,0.0354597894102335,0.00022617260004928404,0.00039216106136639913,0.10045372101012617
245,jax,0.026587180235871564,0.037616372505823774,0.0002053730789123586,0.0004202434564164529,0.10615588701330125
246,jax,0.03143691992870083,0.035296113938093183,0.00028943851038261696,0.00036627294379286467,0.10546073806472123
247,jax,0.03009374492146351,0.042171680331230164,0.00026139913747708,0.0005255663255229593,0.10488136799540371
248,jax,0.03012083710619697,0.031028995513916014,0.00026030008323249163,0.0002819948270916939,0.10127709002699703
249,jax,0.027399204836951362,0.034681637932856876,0.0002154065358573226,0.0003550437341133753,0.10529347800184041
250,jax,0.027686988567864453,0.03200416006147862,0.0002228837664221862,0.0002993108650359015,0.10285887005738914
251,jax,0.02770251987432992,0.03569027905662855,0.00022126697633346475,0.00036717913773221276,0.10461469797883183
252,jax,0.04371571864242907,0.044335955927769344,0.000579793740288113,0.0006165922192546228,0.10245964000932872
253,jax,0.0373194172674859,0.03877142702539762,0.0004150205564736906,0.00043952459663463135,0.10444632801227272
254,jax,0.030619127319918737,0.03417068123817444,0.0002732180937245074,0.000345678225858137,0.10764081601519138
255,jax,0.0319358057335571,0.039298289815584815,0.00029756238563331187,0.00045933770520302156,0.10639486601576209
256,jax,0.034170615408155657,0.04640623311201731,0.00034198695146996116,0.000655855885706842,0.1036211890168488
257,jax,0.028672742821552136,0.031659579301873846,0.00024121368989451892,0.0002946996506458769,0.10572826792486012
258,jax,0.02897548626418467,0.03394307225942612,0.00024278655001479718,0.00034348085483846565,0.10520126693882048
259,jax,0.030450310232462707,0.031271081790328024,0.000273612804831592,0.00028766047403526804,0.10320475895423442
260,jax,0.02632357169356611,0.03228485810259978,0.00020214860045126881,0.00031217295754080017,0.10791063599754125
261,jax,0.027101770752558003,0.03088250959912936,0.00021167553642212792,0.0002799936488736421,0.10742673499044031
262,jax,0.027970557941330805,0.03272913383940856,0.0002301318363364165,0.00031292523723095653,0.10873119498137385
263,jax,0.027397910105409446,0.03695885126789411,0.00021710875961515638,0.00042515625711530446,0.10601754696108401
264,jax,0.028134862162448742,0.04921905020872752,0.0002319055882981047,0.000754026152814428,0.10405458800960332
265,jax,0.031225428705414136,0.03528095697363218,0.00028771950432133895,0.00037399456719867886,0.10408530896529555
266,jax,0.029053592599100536,0.03350138356288274,0.00024646101950633303,0.0003403642657212913,0.10924303403589875
267,jax,0.029148209348872856,0.03176343192656835,0.00024678859674302794,0.00029772667524715263,0.10511551797389984
268,jax,0.027377432965570027,0.041540173639853795,0.00021960994047630163,0.0005266164181133112,0.1063765959115699
269,jax,0.02737919033953437,0.04289323389530182,0.00021852068846648628,0.000560035991948098,0.10581938701216131
270,jax,0.028339506062092606,0.034553612470626834,0.00023499299364630134,0.00035811211875018975,0.10426071903202683
271,jax,0.027715315700129226,0.0330182213584582,0.00022184168855245742,0.0003178906817144404,0.1061812259722501
272,jax,0.029215426202173586,0.04136210784316063,0.00024955148161906335,0.0005092787746495257,0.10510076791979373
273,jax,0.028460791149625072,0.0330799991885821,0.00023797418956679326,0.0003163224633317441,0.10724683594889939
274,jax,0.026958004305208172,0.03229818070928256,0.00020892075336262307,0.0003063252366458376,0.1072152660926804
275,jax,0.027478631480976387,0.030351380233963332,0.00021871212854791708,0.00027444251308528087,0.10594822803977877
276,jax,0.028563743195048084,0.040007658898830414,0.00023660942584414173,0.0004768971602121989,0.1076811149250716
277,jax,0.02768339042586309,0.03188671936591466,0.0002249168453919184,0.0003075612639077008,0.09757361491210759
278,jax,0.029082369594662278,0.034137822836637494,0.0002498099395867299,0.0003387219788661848,0.09599923505447805
279,jax,0.027248869129904995,0.03429161126414935,0.00021932488988602052,0.00036229188980845114,0.09553228598088026
280,jax,0.027116072820844474,0.03877449497580528,0.00021399143585262614,0.0004599870539580782,0.0956261259270832
281,jax,0.030591560822946055,0.036183363844950994,0.00027076455697641464,0.0003846072203790148,0.09523317590355873
282,jax,0.02720523186303951,0.04187428042292595,0.00021520207562759794,0.0005163238255772739,0.09615983604453504
283,jax,0.029711732591191926,0.03307514101266861,0.00026011936940011326,0.0003222635198229303,0.09567682608030736
284,jax,0.027828244776637465,0.03311303046842416,0.00022464646414543192,0.00033464617561548946,0.09534586605150253
285,jax,0.025848132763747814,0.030540528297424315,0.00019366609476963748,0.0002806395010945077,0.09697468497324735
286,jax,0.027117140977470963,0.03894384801387787,0.00021138016397512897,0.0004501520353369415,0.09564931597560644
287,jax,0.02650496144261625,0.035231909304857256,0.00020427221296510348,0.00036486628387744226,0.0965694549959153
288,jax,0.028298844474333305,0.03242734303077062,0.0002327036630810687,0.0003096075130937,0.09662119508720934
289,jax,0.03034552596785404,0.06343230143189431,0.0002727345052537405,0.0012198939205457766,0.09789533505681902
290,jax,0.046991043002517136,0.043270159910122556,0.0006482364893545984,0.000569674769261231,0.09696328500285745
291,jax,0.03566962805611116,0.03553588892022769,0.00037924585178390974,0.000367921741756921,0.09553726599551737
292,jax,0.027067269972629017,0.04074924821654956,0.0002110831237277361,0.0005075799417681992,0.09548636595718563
293,jax,0.032401550127952185,0.03369432794551055,0.0003149535441426215,0.0003445759656218191,0.09671339497435838
294,jax,0.026234893779511805,0.028153121024370193,0.00019898748077038262,0.00023228613698544602,0.09662994497921318
295,jax,0.025545052025053236,0.03223652164141337,0.00018909674961361343,0.00030131670219513276,0.09694795496761799
296,jax,0.029888771419171935,0.03409217377503713,0.000259388454163585,0.0003274248179513961,0.09733237395994365
297,jax,0.026738340429685734,0.036289592534303666,0.00020747203149194658,0.0003923813862881313,0.1004771119914949
298,jax,0.027164157369622476,0.03689631586273511,0.00021727329648220568,0.00039973491143124797,0.10123827098868787
299,jax,0.027903711279785193,0.030732533584038418,0.00022443666161658864,0.0002798760550407072,0.09836219402495772
300,jax,0.028088139118971647,0.040873500754435854,0.00023141394602134823,0.0004905457053488741,0.09855040290858597
301,jax,0.02576537514726321,0.04059113477667173,0.00019524544677955823,0.0005209546163678169,0.09775717393495142
302,jax,0.02751020911667082,0.03051947938899199,0.0002222814696358034,0.0002760839565113808,0.09673529502470046
303,jax,0.025181118365791108,0.043704583495855334,0.00018470067720584296,0.0005732342003223797,0.09751963499002159
304,jax,0.028526023549062234,0.03630599737167359,0.00023790084963871372,0.00039247500360943376,0.09804206306580454
305,jax,0.028017305886303936,0.040372570951779686,0.0002290583290245936,0.00047996763644429547,0.09623422601725906
306,jax,0.03509724855974868,0.03206297914187113,0.00036134952610289607,0.000304676784047236,0.0962402259465307
307,jax,0.026802518536095266,0.03777065058549245,0.00020922561057550073,0.00042867228349981206,0.09757633495610207
308,jax,0.03054748237684921,0.029799801136056583,0.0002730967498091222,0.00026164121033313373,0.09892497304826975
309,jax,0.026318481200271183,0.03914921040336291,0.00020081554388592915,0.0004486033498930434,0.09741594397928566
310,jax,0.03329543364268762,0.04346351519227028,0.000327988288438603,0.0005816352860225986,0.09841894404962659
311,jax,0.030588858955436282,0.03546936869621277,0.00027498913933178066,0.00039400707852716246,0.09634969499893486
312,jax,0.026358180073676286,0.0403147754073143,0.00020207205175042705,0.00048521044159618515,0.09650871506892145
313,jax,0.02679714407633852,0.032586241190632186,0.00021291178051830717,0.0003158497375746568,0.09650301502551883
314,jax,0.026410912954145008,0.028228561754028002,0.00020300705335102976,0.00023677994186679523,0.0970566050382331
315,jax,0.024091211557388307,0.029609718720118205,0.00016847818919578223,0.00026096170457700886,0.099387212889269
316,jax,0.027104914566432988,0.026923366511861484,0.00021544260595907904,0.00021393491052246343,0.10045081202406436
317,jax,0.024849958993770457,0.029134896645943324,0.00017785059245027326,0.000252932672156021,0.10110582108609378
318,jax,0.02567776639152456,0.02929158921043078,0.00019178734361452774,0.00025836105613658825,0.10066483204718679
319,jax,0.025576953959685785,0.044478922535975775,0.00018941485723997985,0.0005797421225967506,0.10093350207898766
320,jax,0.0404906384702082,0.06700014074643452,0.0004891179241584959,0.0013456490077078343,0.1019880500389263
321,jax,0.04452574179128364,0.03395246838529905,0.0006119252458921875,0.00033664456258217495,0.10056865203659981
322,jax,0.027505094596633205,0.04887699504693349,0.00022079616543595437,0.0007155748239407937,0.09827295399736613
323,jax,0.03585677598085668,0.03031474587817987,0.0003884681232415864,0.00028126791041965284,0.11981985403690487
324,jax,0.023414618488815094,0.0320704663793246,0.00015851134833172654,0.00031271609594114125,0.12113603402394801
325,jax,0.025377965072790783,0.02929742937286695,0.0001883084418821252,0.0002579146035714075,0.12018180405721068
326,jax,0.0241886282408679,0.03177969453235467,0.00016965360660968278,0.0002899600437376648,0.11765009700320661
327,jax,0.02810547546380096,0.03828844889998436,0.0002341496383909274,0.0004587292675084124,0.11632692790590227
328,jax,0.029797909530224622,0.03260430244108041,0.000262832542540747,0.00031899452791549264,0.10796530602965504
329,jax,0.03725616809670572,0.03977614859739939,0.0004101489359702639,0.00048622710591492553,0.10840763500891626
330,jax,0.03112658383945624,0.03222576610744,0.0002839299257741206,0.00031354975576202077,0.11409081995952874
331,jax,0.023673716877345687,0.026935441096623738,0.0001625095225042767,0.0002154760929988697,0.11180708196479827
332,jax,0.024526426036048817,0.033051429986953734,0.00017340815940837341,0.00033185979545426864,0.11143397202249616
333,jax,0.026624297427910344,0.034544218778610226,0.00020713775612724323,0.00034895046963356435,0.11139802203979343
334,jax,0.029570096212404747,0.030219343875845274,0.00025536771393725995,0.00026519460525984567,0.10635474603623152
335,jax,0.02674469840747339,0.02894934728741646,0.00020866364880930632,0.0002449445554520935,0.09882710303645581
336,jax,0.025713048511081273,0.029766890133420626,0.0001931121096411651,0.00026096540891254943,0.09787853399757296
337,jax,0.02647166901440532,0.03787855962912241,0.00020299164733539026,0.0004208738236532857,0.09666269493754953
338,jax,0.028437594213971386,0.02889797754585743,0.00023732047226210988,0.0002521612762939185,0.09697931504342705
339,jax,0.0243003621145531,0.028395374566316606,0.0001708327432667526,0.0002369606157299131,0.09715689497534186
340,jax,0.025632006250045917,0.035055119544267654,0.00019079990072727755,0.0003678312765744825,0.09875549306161702
341,jax,0.02696669469828959,0.0273522786796093,0.00021305377614529183,0.00021784561278764158,0.09865571302361786
342,jax,0.023786644543762562,0.02947126142680645,0.00016222129215883021,0.0002578421847041075,0.1073410960379988
343,jax,0.025426659865511788,0.029653860330581663,0.00018798966816609242,0.00025378485540083297,0.10899329499807209
344,jax,0.024705003844919027,0.02750766510764758,0.0001750560896471143,0.00021876775252167136,0.10680202604271472
345,jax,0.02602945438965603,0.02836077297727267,0.0001979570985444028,0.00023377911866797756,0.1042198280338198
346,jax,0.02316408720833284,0.028724759916464487,0.00015566061526812888,0.00024474006747671716,0.10845437494572252
347,jax,0.024665586440651505,0.02803017646074295,0.00017834001358736445,0.00023725182943356535,0.112165721016936
348,jax,0.02746841840170048,0.033234560837348305,0.00022417254465701127,0.0003313876090881725,0.10961063392460346
349,jax,0.027657455222474203,0.02869865857064724,0.00022917146809588843,0.00024317596631590277,0.10933899297378957
350,jax,0.0238929149536071,0.028187004427115123,0.00016503798091973832,0.0002337897871620953,0.10687677701935172
351,jax,0.02675720406903161,0.02815982033809026,0.00021196574697064028,0.00023734929990799477,0.105808116029948
352,jax,0.030167139128402427,0.03407266557216644,0.00027033284151305756,0.0003513080634487172,0.10703892703168094
353,jax,0.02649728885403386,0.0414308862388134,0.0002042613161676046,0.0005217609038421264,0.11013605399057269
354,jax,0.027402221692932976,0.032041547745466234,0.00022275955985403723,0.00030316235536398986,0.1102881629485637
355,jax,0.027853710921826185,0.04891963099439939,0.00022444723872467877,0.0006815032032318414,0.1055908480193466
356,jax,0.03931878066725201,0.044192893505096434,0.00046342634388970005,0.0005809137465742727,0.10609787690918893
357,jax,0.032205166841546694,0.03097684254248937,0.00031057620731492837,0.0002862888376694173,0.1056469869799912
358,jax,0.02472221044478593,0.027865014498432476,0.00017750167617729555,0.00022866249918782462,0.10562005697283894
359,jax,0.025873791305003342,0.02947061337530613,0.00019636274972947796,0.000256626326784802,0.10636224702466279
360,jax,0.02718420195358771,0.028170770506064098,0.00021665092768940938,0.00023912338559360554,0.10556554701179266
361,jax,0.023891193083039036,0.03334207018216451,0.0001653619076521998,0.00034219716869605087,0.10590501700062305
362,jax,0.02606825527217653,0.026457357729474704,0.00019873872538381774,0.00020915893740796793,0.10927015403285623
363,jax,0.025418088538227256,0.026370837688446044,0.00018983079275737205,0.00020570362044963986,0.10565868800040334
364,jax,0.023855446681932166,0.026368104567130405,0.00016466589286681955,0.00021000404163108518,0.10882269404828548
365,jax,0.025197883369746033,0.032915174663066864,0.00018571341837135454,0.00032322224928066134,0.11119673203211278
366,jax,0.029704330971947423,0.02843990201751391,0.0002636142877896351,0.00024480283337955673,0.10547703702468425
367,jax,0.024232533552028514,0.031476366817951205,0.00017269391066360252,0.00029077783420992394,0.10568348702508956
368,jax,0.024190531367505038,0.03229308490951856,0.00016991324841338039,0.00031772333197295667,0.10590203700121492
369,jax,0.025031674907163338,0.02842807024717331,0.00018440019201349328,0.00023882915013624976,0.1050601180177182
370,jax,0.025555041059851645,0.02955909493068854,0.00018932845065137372,0.0002528497929840038,0.1082020050380379
371,jax,0.02549411281667374,0.03638683373729388,0.00018945214066964884,0.0003959419783980896,0.1100140840280801
372,jax,0.036506431820216005,0.05284083515405655,0.00040130139587240084,0.0007951354631222785,0.1086157449753955
373,jax,0.03677874556294194,0.05513125240802765,0.00040333799845366564,0.0008680904742019872,0.11239187093451619
374,jax,0.03830059120224582,0.03261643275618553,0.0004396662474351211,0.00031730278201090795,0.10779808508232236
375,jax,0.02505004102985064,0.030280843550960224,0.00018269730270495293,0.00028379158892979223,0.10472951806150377
376,jax,0.025344484327016054,0.03366378769278526,0.00018806650210603107,0.00035726392176002266,0.10924467409495264
377,jax,0.025938212576287763,0.0277809106806914,0.00019689269639827588,0.0002311115867147843,0.10696594603359699
378,jax,0.02526667301301603,0.03684633607665698,0.00018631720130711242,0.000394913930989181,0.10808218398597091
379,jax,0.029629488601176826,0.029638524726033212,0.00026077865023614355,0.0002644509127518783,0.10892391507513821
380,jax,0.02435274795801551,0.03809835677345594,0.00017128908015028745,0.0004227204822624723,0.10754111502319574
381,jax,0.02734464035541923,0.036085427850484846,0.00021868456978592333,0.0003756027742444227,0.10617346595972776
382,jax,0.02896638130700147,0.028596432581543922,0.0002471314378393193,0.0002388118195813149,0.10726023593451828
383,jax,0.03404555223606251,0.027627714003125827,0.0003450339504828056,0.00023065680055879057,0.11358374997507781
384,jax,0.02443937341924067,0.03050850031276544,0.00017463171286551558,0.0002723008262303968,0.10791495605371892
385,jax,0.028062035275830163,0.029950464218854903,0.00023401626808292888,0.00026359607776006065,0.10919978399761021
386,jax,0.02333736015138803,0.02650429216523965,0.00015825159916723217,0.0002057246792052562,0.10884153400547802
387,jax,0.021757848836757517,0.028307970066865286,0.0001369783005901371,0.000232902859376433,0.10894769406877458
388,jax,0.022778072544821986,0.0277828374505043,0.00015038662784111996,0.00023042241014384975,0.11171325203031301
389,jax,0.022867253110916527,0.03055971935391426,0.00015323973563715333,0.0002735891901344682,0.11214907106477767
390,jax,0.022592666298151015,0.03354703823725382,0.0001490776161490767,0.00036858082593729097,0.10709403594955802
391,jax,0.02557413353136292,0.03253074328104655,0.00019530813367088775,0.0003159805511434873,0.1073153659235686
392,jax,0.025979448570697394,0.04120946248372396,0.0001955255339163597,0.00048573436215519904,0.10425005794968456
393,jax,0.03299975333942307,0.030307447413603465,0.0003296633107432475,0.00026747953651162483,0.10534305695910007
394,jax,0.023829961076930715,0.025028316229581835,0.00016450999610781393,0.00018616414008041222,0.10138865106273443
395,jax,0.021634760269964182,0.02981473093231519,0.0001352596293953765,0.0002613928176773091,0.09679779491852969
396,jax,0.02525618522255509,0.032403375282883645,0.00018620998426168052,0.00030830506701022385,0.09741554409265518
397,jax,0.025278157393137615,0.026859832604726155,0.0001877999505786984,0.00021668051738136759,0.09653705498203635
398,jax,0.024221838075253698,0.03329381172855695,0.0001705741329567024,0.0003375124438510587,0.09834447398316115
399,jax,0.024484569468983898,0.03236163819829623,0.00017670841212815572,0.0003030025518576925,0.09888663305900991
400,jax,0.026524905816272454,0.02812581884364287,0.00020455221404080037,0.00023390052917723853,0.0981946230167523
401,jax,0.024184234236125594,0.025828676919142406,0.00017021078827652943,0.00019413207075558603,0.09653118497226387
402,jax,0.024467211567141392,0.03176067503790061,0.00017334168181858128,0.00029455582902301105,0.09769263409543782
403,jax,0.028405677943869872,0.032305819243192674,0.0002356202679651755,0.0003106784886525323,0.09846261306665838
404,jax,0.026075718546355212,0.02476680320998033,0.00019948434944833734,0.00018744052154943348,0.09881672402843833
405,jax,0.022600394592241006,0.024772179424762727,0.00014885290775930993,0.00018856352117533484,0.10009190300479531
406,jax,0.032541124434382826,0.0465494138499101,0.000341036387382903,0.0006546372586550812,0.10183824005071074
407,jax,0.03410744251476394,0.048912526667118074,0.0003552572267492198,0.0006763189875831206,0.10236959997564554
408,jax,0.031210722691482968,0.03026937872171402,0.000297572514542413,0.00027573004675408207,0.10223340999800712
409,jax,0.026438387974544807,0.026916071449716885,0.00020765247653428188,0.00021657096784717092,0.10568333696573973
410,jax,0.022834975440745,0.028373004297415415,0.00015177919503508343,0.00023441241840676714,0.10155092994682491
411,jax,0.02354304238601967,0.03262055039405823,0.0001595800019007314,0.00031017941849616665,0.10201731999404728
412,jax,0.022718387836659398,0.02430360600352287,0.00015025878307858,0.00017554814888474842,0.10612650704570115
413,jax,0.02345656221939458,0.025613086943825084,0.0001604159944906348,0.00019361272997533283,0.10174922994337976
414,jax,0.024354159230435338,0.027706187516450882,0.00017183299366108797,0.00023306914663407953,0.10280392004642636
415,jax,0.023610747947737022,0.027316496421893436,0.00016099706313710797,0.00022321283254617203,0.10136294108815491
416,jax,0.022805410813954142,0.024702075719833374,0.00015073069668788876,0.00018491770102021596,0.10116195201408118
417,jax,0.021669573356155995,0.031205430353681247,0.00013570195237493695,0.00029668493079952895,0.10567296599037945
418,jax,0.023133287857528086,0.024940655951698622,0.00015605337191286877,0.0001854828962435325,0.10239310003817081
419,jax,0.020618544538263922,0.0230690931280454,0.00012194032117905509,0.00016239822919790944,0.10141660098452121
420,jax,0.02224262224579299,0.03320538540681203,0.0001428735037269588,0.00033707007920990385,0.09959650202654302
421,jax,0.02437693202937091,0.026020742133259774,0.0001747629075436163,0.00020091031406385205,0.09943212301004678
422,jax,0.0233455794552962,0.03286028993626436,0.00015938715905778938,0.00032251976236390573,0.09958789206575602
423,jax,0.024598710175465655,0.02883927750090758,0.00017709264173862283,0.000245342751344045,0.09852473298087716
424,jax,0.023554664223834322,0.03804435526331266,0.00016314506353982895,0.00042033708149877687,0.0998037529643625
425,jax,0.025155247179446397,0.02752141502996286,0.00018805480064151603,0.00022149605385493487,0.09726747393142432
426,jax,0.022510030076459603,0.025634822075565656,0.00014584217809088942,0.000200495573420388,0.09738011402077973
427,jax,0.022810839409077608,0.03041028934220473,0.00014978849947780234,0.0002843768254388124,0.09683346503879875
428,jax,0.024916719639742815,0.03734002321958542,0.00018116228825723133,0.0003960816942465802,0.09685928502585739
429,jax,0.02561604482708154,0.02572963645060857,0.00019236216838988994,0.00019798738261063895,0.09694095409940928
430,jax,0.025823049186556427,0.029492944478988647,0.00019332570758975905,0.0002702326843670259,0.09752518392633647
431,jax,0.025095258804934996,0.026237447609504062,0.00018172519421636092,0.00020125477807596325,0.09675323497503996
432,jax,0.02312559130843039,0.050803180783987045,0.00015589140573326775,0.0007537787834492822,0.10658276593312621
433,jax,0.03262779255432111,0.02631602848569552,0.00033019145547533065,0.00020500132523011417,0.10164264100603759
434,jax,0.020722980074308537,0.025505344197154046,0.00012388081611047877,0.00019707651808857917,0.09811980393715203
435,jax,0.02429557594160239,0.02572685363392035,0.00017303444936664567,0.00019296392158139498,0.09750873409211636
436,jax,0.02198712299819346,0.030564156274000803,0.0001401275710345039,0.0002694383185977737,0.09763886407017708
437,jax,0.023735454435701724,0.029560899659991265,0.00016405281634501148,0.0002636581240221858,0.09741290402598679
438,jax,0.025992506908045873,0.04341264113783836,0.00019965448850093202,0.0005513056910907229,0.09769816405605525
439,jax,0.03669033564903118,0.03187035610278448,0.0004091593920667138,0.0003015105240046978,0.09762940392829478
440,jax,0.025029938921884255,0.024238238483667372,0.00018792534712702035,0.00017513420180572818,0.10048653197009116
441,jax,0.02426309857379507,0.02801773282388846,0.00017359634382753736,0.00023287806698742012,0.09816432290244848
442,jax,0.021377582803920464,0.0247295489658912,0.0001312328993204843,0.00017977297655306758,0.11639528803061694
443,jax,0.02211823301734748,0.02596519947052002,0.000142566740310199,0.00020462988313132277,0.126342318020761
444,jax,0.02441444389798023,0.024791765337189037,0.00017553965575104854,0.00019115453741202752,0.1321896540466696
445,jax,0.024945312465230626,0.030372904563943544,0.00018213676756541073,0.00028273382883829375,0.12396412098314613
446,jax,0.023668297730662206,0.040030314276615776,0.0001637387031223625,0.00047490448923781514,0.13072190410457551
447,jax,0.03789103605129101,0.045316125005483626,0.0004314658803977417,0.000587398362501214,0.13269267289433628
448,jax,0.031028335055819263,0.032108046064774194,0.00029074192592546484,0.00031330990643861395,0.13675921002868563
449,jax,0.023616824072820168,0.03024538832406203,0.00016391885253445556,0.0002737196461142351,0.13784463796764612
450,jax,0.0230364539998549,0.03666803032159805,0.0001537379392646943,0.0004070124899347623,0.11378508002962917
451,jax,0.02593434770350103,0.02847757818798224,0.0001977118984925457,0.00024290599608017753,0.10358683904632926
452,jax,0.022820295928804964,0.034283704857031506,0.0001500829810673302,0.0003367956498793016,0.10413447790779173
453,jax,0.03246494589028535,0.026974709555506706,0.0003106281800299055,0.00021624837322936703,0.10368557891342789
454,jax,0.03374212235212326,0.03120559131105741,0.00034016714120904603,0.000283475504644836,0.10341031802818179
455,jax,0.026512075535677096,0.031033976972103118,0.0002050787575016902,0.0002895559079479426,0.1028061299584806
456,jax,0.023091281158504662,0.03237204109628995,0.00015528348328424963,0.00029975055949762466,0.10374112904537469
457,jax,0.02403326563537121,0.028799728577335676,0.0001690964836894569,0.00025340382533613594,0.10288637899793684
458,jax,0.023508447000273953,0.03266379162669182,0.00016095360518967802,0.0003173371835146099,0.10227270005270839
459,jax,0.02441421768731541,0.028767681221167248,0.00017706610861717274,0.00026243919545474153,0.10921013390179724
460,jax,0.025150889061667302,0.02928663616379102,0.0001858300105151203,0.00026205717003904285,0.11717601597774774
461,jax,0.022146265873754466,0.03213712838788827,0.0001418954913970083,0.0003214973754559954,0.11862853600177914
462,jax,0.022687550341641462,0.03089605731268724,0.00015147894310454528,0.00027894251863472166,0.11828030599281192
463,jax,0.02216643135028857,0.027820016245047253,0.00014448602442388182,0.0002270650235004723,0.11785650695674121
464,jax,0.02302144319370941,0.023256631592909496,0.00015494196671406152,0.0001614230601505066,0.11255905008874834
465,jax,0.021819038073773736,0.02556248503426711,0.00013778338726196023,0.0001952277934954812,0.11534195893909782
466,jax,0.02146888795550223,0.02540524644156297,0.00013269865505949216,0.0001970257672170798,0.11430184892378747
467,jax,0.02360043598545922,0.026929580469926197,0.00016343338084105332,0.00022332398608947794,0.11694531701505184
468,jax,0.021662324586952175,0.023038425147533417,0.00013601717341872347,0.0001595047805070256,0.11545904807280749
469,jax,0.023494578031478103,0.03602983733018239,0.000165178141129824,0.0003930707268106441,0.11380823992658406
470,jax,0.024805127280177895,0.024395105515917143,0.0001799826862083541,0.00017904141238735369,0.10698688600677997
471,jax,0.023232182090481123,0.02368717111647129,0.0001589678778502814,0.000170159555079105,0.10750500590074807
472,jax,0.021289644793227865,0.03721422061324119,0.00013056179581865394,0.0004132449739457419,0.11202423099894077
473,jax,0.026109108916587298,0.025063523724675178,0.00020456939927060848,0.0001892206350263829,0.1071668949443847
474,jax,0.023384660725240355,0.026178516099850335,0.00015985298170966822,0.00020634509040974081,0.11193710193037987
475,jax,0.023446747660636903,0.03391794428229332,0.00015959578376539328,0.00033071111732472976,0.11487226793542504
476,jax,0.023061526067279004,0.02670558380583922,0.00015671130814115276,0.00021873925831944992,0.11402572004590183
477,jax,0.023380937189967543,0.028497749840219817,0.0001602861434393735,0.00024240324331913142,0.11052620294503868
478,jax,0.024000639264230374,0.023193836286664007,0.00017007445987676166,0.00016002951907770086,0.10896878503262997
479,jax,0.021570713762883786,0.03019434613486131,0.00013501758799301804,0.000267928596585989,0.11311756004579365
480,jax,0.02252910007481222,0.038649214257796605,0.00014849251854078224,0.0004386269557289779,0.11074633302632719
481,jax,0.0335066446248028,0.04523263091842333,0.0003392110479116026,0.0005817249557003379,0.11270194093231112
482,jax,0.028220614675018522,0.02671477310359478,0.0002515580901914897,0.0002174322532179455,0.1091758229304105
483,jax,0.020500281546954754,0.024048904627561568,0.00012092243256995938,0.00017782785386467973,0.11252562096342444
484,jax,0.020123560577630997,0.024003936474521956,0.000117327550111373,0.00017729192836365352,0.10704291600268334
485,jax,0.021852797600958082,0.03268237441778183,0.00013906322821707431,0.0003129609996297707,0.11199130094610155
486,jax,0.022721460229820675,0.026816606496771176,0.00015170485499159744,0.00021793177875224502,0.10875747399404645
487,jax,0.02161592129893877,0.027716607302427292,0.00013465899016915097,0.00023145066516008228,0.10912219400051981
488,jax,0.022570086932844586,0.03986815646290779,0.00014956263307895927,0.0004881756395722429,0.10486434795893729
489,jax,0.026673781551696637,0.02613311489423116,0.00021983768907375635,0.00020919739249317595,0.1022572600049898
490,jax,0.022230319535290755,0.023419649625817936,0.00014596970346583812,0.00016536239825654776,0.10739454498980194
491,jax,0.020496631220534994,0.02631295512119929,0.0001240471753623785,0.00020243276803133387,0.11200312105938792
492,jax,0.030874919096628824,0.02609311155974865,0.0002954057656676957,0.0002064551286942636,0.10455458902288228
493,jax,0.021737449503055326,0.023190764461954436,0.00013794388650071427,0.00016388704709243028,0.10884117498062551
494,jax,0.02005019356807073,0.02526413915057977,0.00011707020803846212,0.0001893559074960649,0.10882669396232814
495,jax,0.021712855423490208,0.026379288857181868,0.00013591378707335228,0.000207390813739039,0.10932192404288799
496,jax,0.020834004012522875,0.030904699116945267,0.00012560534517332497,0.0002809823382024964,0.11015473294537514
497,jax,0.022875609988415684,0.026828289926052094,0.00015172246705602718,0.00021557653419828664,0.11510878801345825
498,jax,0.021923818436485748,0.03404146964351336,0.0001399348454799986,0.00033602592535316947,0.10702382598537952
499,jax,0.023511820261677106,0.025139106387893358,0.0001630918390152079,0.00019308594734563183,0.10734539502300322
500,jax,0.02065579911073049,0.023790976330637932,0.00012472566700092068,0.0001673145970562473,0.11288789100944996
