model,split,clean_dataset_count,clean_mean_relative_l2,clean_median_relative_l2,clean_mean_rmse,training_objective,trained_epochs,checkpoint,attack20_dataset_count,attack20_sample_count,attack_steps,epsilon_fraction,mean_clean_loss,mean_adv_loss,mean_attack_loss_gain,mean_attack_loss_gain_relative,relative_gain_from_means,median_attack_loss_gain,median_attack_loss_gain_relative,mean_delta_l2_rms,mean_delta_linf,mean_delta_flip_fraction
baseline,all,,,,,baseline,500,2D_Darcy_FNO2d/saved_models/2D/darcy_N1500_nx85_m64_w60_e500_20260528/best.pt,52,2600,20,0.025,7.691295706983954e-07,5.203437773145717e-06,4.434308199845642e-06,17.353870111061976,5.76535914283054,4.829125145988655e-06,7.555186986923218,3.850709495819532,9.0,0.1854452971053811
baseline,generalization,50.0,0.091336900879252,0.0924669057410219,0.0009723511633336,baseline,500,2D_Darcy_FNO2d/saved_models/2D/darcy_N1500_nx85_m64_w60_e500_20260528/best.pt,50,2500,20,0.025,7.991725432503926e-07,5.351439781225054e-06,4.552267235305862e-06,14.01742693067789,5.6962257730473205,4.858542979491176e-06,7.452256202697754,3.837899699783325,9.0,0.1840195936650037
baseline,test,1.0,0.0225357772960314,0.0225357772960314,0.0001557867109959,baseline,500,2D_Darcy_FNO2d/saved_models/2D/darcy_N1500_nx85_m64_w60_e500_20260528/best.pt,1,50,20,0.025,2.082322378527124e-08,1.695401687484832e-06,1.6745784679983443e-06,102.92084652125835,80.4187901435334,1.560785776177909e-07,13.463923454284668,4.214597845077515,9.0,0.2264802712202072
baseline,train,1.0,0.0191322384656828,0.0191322384656828,0.0001322771477515,baseline,500,2D_Darcy_FNO2d/saved_models/2D/darcy_N1500_nx85_m64_w60_e500_20260528/best.pt,1,50,20,0.025,1.5287290011656295e-08,1.3113734548397816e-06,1.2960861586819305e-06,98.60905272006988,84.78194394427541,1.262848954297624e-07,12.712827682495115,4.127310948371887,9.0,0.2156954950094223
loss1,all,,,,,loss1,1000,adversarial_training_runs/darcy_binary_loss3targeted_loss1_1000ep_full50_timematched_20260612_full50_timematched_1000c/darcy/checkpoints/darcy_epoch1000_step001000.pt,52,2600,20,0.025,9.382394290991824e-07,5.714139329368296e-06,4.775899896619042e-06,18.91986077034416,5.0902784003167785,4.97660198561789e-06,6.3652942180633545,3.782565043889559,9.0,0.1794323081250947
loss1,generalization,50.0,0.0879285249890534,0.0881902452250444,0.0009362592266475,loss1,1000,adversarial_training_runs/darcy_binary_loss3targeted_loss1_1000ep_full50_timematched_20260612_full50_timematched_1000c/darcy/checkpoints/darcy_epoch1000_step001000.pt,50,2500,20,0.025,9.74390185027829e-07,5.826474208936361e-06,4.852084019955782e-06,15.573386440134048,4.979610938681565,5.0099522468372015e-06,6.114638328552246,3.754681348705292,9.0,0.1764905142471194
loss1,test,1.0,0.0269496384774564,0.0269496384774564,0.0001862991227586,loss1,1000,adversarial_training_runs/darcy_binary_loss3targeted_loss1_1000ep_full50_timematched_20260612_full50_timematched_1000c/darcy/checkpoints/darcy_epoch1000_step001000.pt,1,50,20,0.025,3.731524266470388e-08,3.037567463550772e-06,3.0002522259664486e-06,100.79643116101624,80.40285970655036,2.830043172252772e-06,97.79095840454102,4.53487413406372,9.0,0.2588512034714222
loss1,train,1.0,0.0192012857850992,0.0192012857850992,0.0001327545295534,loss1,1000,adversarial_training_runs/darcy_binary_loss3targeted_loss1_1000ep_full50_timematched_20260612_full50_timematched_1000c/darcy/checkpoints/darcy_epoch1000_step001000.pt,1,50,20,0.025,3.1625819101321896e-08,2.77396721678258e-06,2.742341400434612e-06,104.36700689017772,86.7121066143907,3.1871263672655914e-06,91.58299255371094,4.424440712928772,9.0,0.2471031066775321
loss2,all,,,,,loss2,1026,adversarial_training_runs/darcy_binary_loss3targeted_loss2_1026ep_full50_timematched_20260612_full50_timematched_1000c/darcy/checkpoints/darcy_epoch1026_step001026.pt,52,2600,20,0.025,6.891726868450367e-07,4.621495024411414e-06,3.932322336241283e-06,15.801060278014496,5.705859231839488,4.324230530983186e-06,7.982154130935669,3.7029993445139664,9.0,0.1716314032143698
loss2,generalization,50.0,0.0721530330257345,0.0733341171075393,0.0007702737558415,loss2,1026,adversarial_training_runs/darcy_binary_loss3targeted_loss2_1026ep_full50_timematched_20260612_full50_timematched_1000c/darcy/checkpoints/darcy_epoch1026_step001026.pt,50,2500,20,0.025,7.155975352247879e-07,4.784388208457813e-06,4.068790671965416e-06,15.563471163451672,5.685864571843322,4.357753596195835e-06,7.934555530548096,3.69896647567749,9.0,0.1712596768930554
loss2,test,1.0,0.0290567906575275,0.0290567906575275,0.0002008655742898,loss2,1026,adversarial_training_runs/darcy_binary_loss3targeted_loss2_1026ep_full50_timematched_20260612_full50_timematched_1000c/darcy/checkpoints/darcy_epoch1026_step001026.pt,1,50,20,0.025,2.9331935458287715e-08,7.001655319527345e-07,6.708335942562371e-07,24.590001479387283,22.870417039080973,1.9801550621423305e-07,8.770506858825684,3.831055512428284,9.0,0.1840885752439499
loss2,train,1.0,0.0270171931020814,0.0270171931020814,0.0001867924263126,loss2,1026,adversarial_training_runs/darcy_binary_loss3targeted_loss2_1026ep_full50_timematched_20260612_full50_timematched_1000c/darcy/checkpoints/darcy_epoch1026_step001026.pt,1,50,20,0.025,2.777101924422709e-08,3.981653145501696e-07,3.703942920196823e-07,18.891574804782863,13.33743972623325,2.109061156829739e-07,9.142218112945557,3.7765866184234618,9.0,0.1777605472505092
loss3,all,,,,,loss3,1011,adversarial_training_runs/darcy_binary_loss3targeted_loss3_1011ep_full50_timematched_20260612_full50_timematched_1000c/darcy/checkpoints/darcy_epoch1011_step001011.pt,52,2600,20,0.025,4.6190021898941444e-07,3.1531448826499927e-06,2.691244662948669e-06,12.20666315614604,5.826463277174275,2.9562218060164014e-06,7.10821795463562,3.662353863899524,9.0,0.1679873257402617
loss3,generalization,50.0,0.0614064013481728,0.062373486303324,0.0006498387718554,loss3,1011,adversarial_training_runs/darcy_binary_loss3targeted_loss3_1011ep_full50_timematched_20260612_full50_timematched_1000c/darcy/checkpoints/darcy_epoch1011_step001011.pt,50,2500,20,0.025,4.769110370133944e-07,3.2076442669108474e-06,2.730733228736426e-06,11.58775617093444,5.725875515480591,2.971472326862568e-06,6.786838531494141,3.6426607478141775,9.0,0.1658793588146567
loss3,test,1.0,0.0482876620617011,0.0482876620617011,0.0003338059280343,loss3,1011,adversarial_training_runs/darcy_binary_loss3targeted_loss3_1011ep_full50_timematched_20260612_full50_timematched_1000c/darcy/checkpoints/darcy_epoch1011_step001011.pt,1,50,20,0.025,9.039435685309626e-08,1.8209858114914825e-06,1.730591465047837e-06,27.797490670681,19.14490588666773,1.4997113453318889e-06,16.563833236694336,4.140811285972595,9.0,0.2206505124270916
loss3,train,1.0,0.0358058981517762,0.0358058981517762,0.0002475560864817,loss3,1011,adversarial_training_runs/darcy_binary_loss3targeted_loss3_1011ep_full50_timematched_20260612_full50_timematched_1000c/darcy/checkpoints/darcy_epoch1011_step001011.pt,1,50,20,0.025,8.28651799267277e-08,1.7603347407657569e-06,1.6774695714616428e-06,27.56118490219116,20.243358698096188,1.5532208408330916e-06,17.526591300964355,4.16855224609375,9.0,0.2207224853336811
physics_loss,all,,,,,physics,1040,adversarial_training_runs/darcy_binary_loss3targeted_physics_1040ep_full50_timematched_20260612_full50_timematched_1000c/darcy/checkpoints/darcy_epoch1040_step001040.pt,52,2600,20,0.025,7.615042343331538e-07,4.853374040421589e-06,4.0918698054183735e-06,20.11325354439708,5.373403878274781,4.283355792722432e-06,6.991639614105225,3.7181893886052646,9.0,0.1734925690723153
physics_loss,generalization,50.0,0.0878200611109462,0.0905457955964647,0.0009338813941588,physics,1040,adversarial_training_runs/darcy_binary_loss3targeted_physics_1040ep_full50_timematched_20260612_full50_timematched_1000c/darcy/checkpoints/darcy_epoch1040_step001040.pt,50,2500,20,0.025,7.907789378961639e-07,4.93586369731247e-06,4.1450847587725545e-06,15.741086509859562,5.241774357880775,4.318003220760147e-06,6.64703106880188,3.685689016151428,9.0,0.1700726873576641
physics_loss,test,1.0,0.0285028994796868,0.0285028994796868,0.000197036601199,physics,1040,adversarial_training_runs/darcy_binary_loss3targeted_physics_1040ep_full50_timematched_20260612_full50_timematched_1000c/darcy/checkpoints/darcy_epoch1040_step001040.pt,1,50,20,0.025,3.351021500286322e-08,2.7433645831109743e-06,2.709854376536924e-06,106.29576352357864,80.86651690765255,2.7585521138462354e-06,86.71763610839844,4.453594074249268,9.0,0.2522297506034374
physics_loss,train,1.0,0.016196614536775,0.016196614536775,0.0001119807270852,physics,1040,adversarial_training_runs/darcy_binary_loss3targeted_physics_1040ep_full50_timematched_20260612_full50_timematched_1000c/darcy/checkpoints/darcy_epoch1040_step001040.pt,1,50,20,0.025,2.5763075512941214e-08,2.838900653188148e-06,2.81313756659074e-06,152.53909529209136,109.19261468849562,2.792971827147994e-06,126.54413604736328,4.607803325653077,9.0,0.2657494732737541
random_clean_y,all,,,,,random-binary-fixed-y,1100,adversarial_training_runs/darcy_binary_random_binary_fixed_y_1100ep_full50_20260613_random_binary_source_1100/darcy/checkpoints/darcy_epoch1100_step001100.pt,52,2600,20,0.025,5.077064651086533e-07,3.527674458301096e-06,3.0199679922304766e-06,13.477443899775928,5.9482559327782925,3.429059802328993e-06,7.947562456130981,3.644105280454342,9.0,0.1662674428895116
random_clean_y,generalization,50.0,0.0739330755281029,0.0737778621170652,0.0007889172183027,random-binary-fixed-y,1100,adversarial_training_runs/darcy_binary_random_binary_fixed_y_1100ep_full50_20260613_random_binary_source_1100/darcy/checkpoints/darcy_epoch1100_step001100.pt,50,2500,20,0.025,5.262905606279844e-07,3.65351163327432e-06,3.1272210715997063e-06,13.612199435174466,5.942004866883512,3.461032520135632e-06,8.224192142486572,3.6466801630973817,9.0,0.166508618274331
random_clean_y,test,1.0,0.0288058783082871,0.0288058783082871,0.0001991310519291,random-binary-fixed-y,1100,adversarial_training_runs/darcy_binary_random_binary_fixed_y_1100ep_full50_20260613_random_binary_source_1100/darcy/checkpoints/darcy_epoch1100_step001100.pt,1,50,20,0.025,4.632553896044556e-08,3.688627508324771e-07,3.225372138615513e-07,8.259217166900635,6.9624060315288645,1.4622283828202853e-07,3.3721624612808228,3.559821004867554,9.0,0.1586048403382301
random_clean_y,train,1.0,0.0244039922490884,0.0244039922490884,0.0001687251857251,random-binary-fixed-y,1100,adversarial_training_runs/darcy_binary_random_binary_fixed_y_1100ep_full50_20260613_random_binary_source_1100/darcy/checkpoints/darcy_epoch1100_step001100.pt,1,50,20,0.025,3.9882615290309796e-08,3.946274171084952e-07,3.547448021379296e-07,11.957893862724305,8.894722656374471,1.7136610352963546e-07,4.528140068054199,3.59964542388916,9.0,0.1618712761998176
random_solver_y,all,,,,,random-binary-solver-y,1100,adversarial_training_runs/darcy_binary_random_binary_solver_y_1100ep_full50_20260613_random_binary_source_1100/darcy/checkpoints/darcy_epoch1100_step001100.pt,52,2600,20,0.025,8.291409750946435e-07,5.302094439291621e-06,4.472953462717136e-06,18.04451483795276,5.39468389399813,4.704860657511745e-06,6.625665187835693,3.738826706501154,9.0,0.1751897742083439
random_solver_y,generalization,50.0,0.0959063392863424,0.0995797991321741,0.001019520815628,random-binary-solver-y,1100,adversarial_training_runs/darcy_binary_random_binary_solver_y_1100ep_full50_20260613_random_binary_source_1100/darcy/checkpoints/darcy_epoch1100_step001100.pt,50,2500,20,0.025,8.614250503612198e-07,5.458662384626223e-06,4.59723733250712e-06,15.90686628047228,5.336781571812025,4.731854915007716e-06,6.519501209259033,3.723655976295471,9.0,0.1736265695333481
random_solver_y,test,1.0,0.0261326896721602,0.0261326896721602,0.0001806516686789,random-binary-solver-y,1100,adversarial_training_runs/darcy_binary_random_binary_solver_y_1100ep_full50_20260613_random_binary_source_1100/darcy/checkpoints/darcy_epoch1100_step001100.pt,1,50,20,0.025,2.511691626239099e-08,1.4802129318525205e-06,1.455096013387447e-06,60.99145320773125,57.93290865761769,1.3456183722837525e-07,9.532244682312012,4.147296438217163,9.0,0.2174837324023247
random_solver_y,train,1.0,0.0168455277801914,0.0168455277801914,0.0001164672064447,random-binary-solver-y,1100,adversarial_training_runs/darcy_binary_random_binary_solver_y_1100ep_full50_20260613_random_binary_source_1100/darcy/checkpoints/darcy_epoch1100_step001100.pt,1,50,20,0.025,1.8961270598083506e-08,1.2955786800006307e-06,1.2766174225475878e-06,81.98000434219837,67.32762990743777,1.3622852890193826e-07,8.565200805664062,4.088893485069275,9.0,0.2110560497641563
