backward_seconds,case,forward_seconds,framework,global_gpu_after_mib,global_gpu_before_mib,global_gpu_delta_mib,grad_norm,loss,step,torch_backward_peak_allocated_mib,torch_forward_peak_allocated_mib,update_seconds
0.8808948349906132,ns_2d,1.066048062988557,pytorch,2953.0,423.0,2530.0,0.003364125033840537,0.19028759002685547,0,2159.44970703125,2159.9716796875,0.06009077397175133
0.8923419420607388,ns_2d,0.6572672410402447,pytorch,2957.0,2953.0,4.0,0.003172533819451928,0.1725459098815918,1,2162.00048828125,2163.52294921875,0.0006275400519371033
0.8883240669965744,ns_2d,0.6762290800688788,pytorch,2959.0,2957.0,2.0,0.002976203104481101,0.15688273310661316,2,2164.05126953125,2165.57373046875,0.0005987390177324414
0.8627371360780671,ns_2d,0.7095392229966819,pytorch,2961.0,2959.0,2.0,0.002789728809148073,0.14332449436187744,3,2166.10205078125,2167.62451171875,0.0007239989936351776
0.8762936000712216,ns_2d,0.6563981720246375,pytorch,2963.0,2961.0,2.0,0.002624309388920665,0.1317364126443863,4,2168.15283203125,2169.67529296875,0.0006322989938780665
0.8830518630566075,ns_2d,0.6535387239418924,pytorch,2967.0,2963.0,4.0,0.0024841472040861845,0.12188687920570374,5,2170.20361328125,2171.72607421875,0.0005263390485197306
0.8868235289119184,ns_2d,0.7399702989496291,pytorch,2967.0,2967.0,0.0,0.002368137240409851,0.11349226534366608,6,2159.94970703125,2161.47216796875,0.000507839024066925
0.9222641999367625,ns_2d,0.6284590220311657,pytorch,2967.0,2967.0,0.0,0.002272088546305895,0.10624822974205017,7,2162.00048828125,2163.52294921875,0.0007109689759090543
0.8838485219748691,ns_2d,0.6746666900580749,pytorch,2967.0,2967.0,0.0,0.0021901712752878666,0.09985853731632233,8,2164.05126953125,2165.57373046875,0.0004998189397156239
0.8611553059890866,ns_2d,0.6448321730131283,pytorch,2967.0,2967.0,0.0,0.002116059185937047,0.09406335651874542,9,2166.10205078125,2167.62451171875,0.0007867889944463968
0.8639077229890972,ns_2d,0.6688399870181456,pytorch,2967.0,2967.0,0.0,0.0020440462976694107,0.08866187185049057,10,2168.15283203125,2169.67529296875,0.0009089389350265265
0.8859607990598306,ns_2d,0.6826505319913849,pytorch,2967.0,2967.0,0.0,0.0019697747193276882,0.08352044224739075,11,2170.20361328125,2171.72607421875,0.0005091089988127351
0.8788307080976665,ns_2d,0.6482534799724817,pytorch,2969.0,2967.0,2.0,0.0018905051983892918,0.07856863737106323,12,2172.25439453125,2173.77685546875,0.0010448689572513103
0.8831030329456553,ns_2d,0.7525172650348395,pytorch,2971.0,2969.0,2.0,0.0018052143277600408,0.07378724217414856,13,2174.30517578125,2175.82763671875,0.0005301000783219934
0.8905985640594736,ns_2d,0.7160770249320194,pytorch,2973.0,2971.0,2.0,0.0017146918689832091,0.0691940113902092,14,2176.35595703125,2177.87841796875,0.0008537089452147484
0.8851551599800587,ns_2d,0.6630508139496669,pytorch,2975.0,2973.0,2.0,0.0016217018710449338,0.06482798606157303,15,2178.40673828125,2179.92919921875,0.0004909689305350184
0.8782265270128846,ns_2d,0.6514438360463828,pytorch,2977.0,2975.0,2.0,0.0015308562433347106,0.06073291599750519,16,2180.45751953125,2181.97998046875,0.0006281989626586437
0.8813462839461863,ns_2d,0.7083464139141142,pytorch,2979.0,2977.0,2.0,0.001447703456506133,0.056941062211990356,17,2182.50830078125,2184.03076171875,0.000752429012209177
0.8821526629617438,ns_2d,0.7770798190031201,pytorch,2979.0,2979.0,0.0,0.0013767696218565106,0.05345967411994934,18,2159.94970703125,2161.47216796875,0.0008219090523198247
0.8840565709397197,ns_2d,0.6678647689986974,pytorch,2979.0,2979.0,0.0,0.0013194320490583777,0.05026670917868614,19,2162.00048828125,2163.52294921875,0.000630280002951622
0.887759446981363,ns_2d,0.6482054489897564,pytorch,2979.0,2979.0,0.0,0.0012729968875646591,0.0473167821764946,20,2164.05126953125,2165.57373046875,0.0010559790534898639
0.8660567509941757,ns_2d,0.6437782839639112,pytorch,2979.0,2979.0,0.0,0.0012316405773162842,0.0445551835000515,21,2166.10205078125,2167.62451171875,0.0005748800467699766
0.8876028968952596,ns_2d,0.6754961999831721,pytorch,2979.0,2979.0,0.0,0.0011886188294738531,0.041935134679079056,22,2168.15283203125,2169.67529296875,0.0009557190351188183
0.8785931969759986,ns_2d,0.6537035329965875,pytorch,2979.0,2979.0,0.0,0.0011387821286916733,0.039430566132068634,23,2170.20361328125,2171.72607421875,0.0005312690045684576
0.8898790339007974,ns_2d,0.6675907480530441,pytorch,2979.0,2979.0,0.0,0.001080601359717548,0.037041760981082916,24,2172.25439453125,2173.77685546875,0.0006161890923976898
0.885866069002077,ns_2d,0.6441893739392981,pytorch,2979.0,2979.0,0.0,0.0010171581525355577,0.03479015827178955,25,2174.30517578125,2175.82763671875,0.0005679089808836579
0.9295222610235214,ns_2d,0.6563408600632101,pytorch,2979.0,2979.0,0.0,0.0009554147254675627,0.0327046662569046,26,2176.35595703125,2177.87841796875,0.0005402800161391497
0.8806558139622211,ns_2d,0.6655379709554836,pytorch,2979.0,2979.0,0.0,0.0009031559457071126,0.03080509975552559,27,2178.40673828125,2179.92919921875,0.0005041899858042598
0.8676867979811504,ns_2d,0.651521794963628,pytorch,2979.0,2979.0,0.0,0.0008643960463814437,0.02909005805850029,28,2180.45751953125,2181.97998046875,0.000531709985807538
0.8873298569815233,ns_2d,0.7865938879549503,pytorch,2979.0,2979.0,0.0,0.000836492981761694,0.02753579616546631,29,2159.94970703125,2161.47216796875,0.0006754690548405051
0.886603437946178,ns_2d,0.6450649119215086,pytorch,2979.0,2979.0,0.0,0.0008118404075503349,0.02610683999955654,30,2162.00048828125,2163.52294921875,0.0005360499490052462
0.8773753478890285,ns_2d,0.7079039739910513,pytorch,2979.0,2979.0,0.0,0.0007828099187463522,0.024772319942712784,31,2164.05126953125,2165.57373046875,0.000495648942887783
0.8620332550490275,ns_2d,0.6505067569669336,pytorch,2979.0,2979.0,0.0,0.0007459436310455203,0.023516995832324028,32,2166.10205078125,2167.62451171875,0.0005683089839294553
0.8818466630764306,ns_2d,0.7005122419213876,pytorch,2979.0,2979.0,0.0,0.0007032108842395246,0.02234194055199623,33,2168.15283203125,2169.67529296875,0.0005065089790150523
0.8908381840446964,ns_2d,0.6466205209726468,pytorch,2979.0,2979.0,0.0,0.000660418183542788,0.021256370469927788,34,2170.20361328125,2171.72607421875,0.000512179103679955
0.8934464500052854,ns_2d,0.6351291930768639,pytorch,2979.0,2979.0,0.0,0.000623562722466886,0.020266033709049225,35,2172.25439453125,2173.77685546875,0.0006160889752209187
0.8921866319142282,ns_2d,0.6857974479207769,pytorch,2979.0,2979.0,0.0,0.0005949336919002235,0.019365856423974037,36,2174.30517578125,2175.82763671875,0.000511649064719677
0.9322032880736515,ns_2d,0.6513088149949908,pytorch,2979.0,2979.0,0.0,0.0005720322369597852,0.01854052022099495,37,2176.35595703125,2177.87841796875,0.0005400199443101883
0.882723401999101,ns_2d,0.6542074719909579,pytorch,2979.0,2979.0,0.0,0.0005503870779648423,0.017771854996681213,38,2178.40673828125,2179.92919921875,0.0006108389934524894
0.8843965400010347,ns_2d,0.699126604013145,pytorch,2979.0,2979.0,0.0,0.0005274395225569606,0.01704741083085537,39,2180.45751953125,2181.97998046875,0.0008151090005412698
0.8637181529775262,ns_2d,0.6571031200001016,pytorch,2981.0,2979.0,2.0,0.0005041414988227189,0.016363851726055145,40,2182.50830078125,2184.03076171875,0.0005245789652690291
0.8503634670050815,ns_2d,0.7516931759892032,pytorch,2981.0,2981.0,0.0,0.00048352035810239613,0.01572442427277565,41,2159.94970703125,2161.47216796875,0.0007673690561205149
0.8643946419470012,ns_2d,0.6453676319215447,pytorch,2981.0,2981.0,0.0,0.0004677167453337461,0.015133029781281948,42,2162.00048828125,2163.52294921875,0.0005538699915632606
0.8679558869916946,ns_2d,0.6338270250707865,pytorch,2981.0,2981.0,0.0,0.00045597812277264893,0.014588573947548866,43,2164.05126953125,2165.57373046875,0.0005937799578532577
0.8841365610715002,ns_2d,0.6494694269495085,pytorch,2981.0,2981.0,0.0,0.0004452795546967536,0.014084510505199432,44,2166.10205078125,2167.62451171875,0.000565068912692368
0.8865192380035296,ns_2d,0.7258905740454793,pytorch,2981.0,2981.0,0.0,0.000432564556831494,0.013611281290650368,45,2168.15283203125,2169.67529296875,0.0009185889502987266
0.9084241830278188,ns_2d,0.6580108080524951,pytorch,2981.0,2981.0,0.0,0.0004166859434917569,0.013161291368305683,46,2170.20361328125,2171.72607421875,0.0008722490165382624
0.8610454150475562,ns_2d,0.6818524810951203,pytorch,2981.0,2981.0,0.0,0.00039880702388472855,0.012732072733342648,47,2172.25439453125,2173.77685546875,0.0007380800088867545
0.9014391310047358,ns_2d,0.6379937800811604,pytorch,2981.0,2981.0,0.0,0.00038137155934236944,0.01232531201094389,48,2174.30517578125,2175.82763671875,0.0018668880220502615
0.8636111019877717,ns_2d,0.6759584279498085,pytorch,2981.0,2981.0,0.0,0.00036639528116211295,0.01194332167506218,49,2176.35595703125,2177.87841796875,0.0006871200166642666
0.8588682169793174,ns_2d,0.6267120919656008,pytorch,2981.0,2981.0,0.0,0.00035411547287367284,0.01158544234931469,50,2178.40673828125,2179.92919921875,0.0007641890551894903
0.8823768720030785,ns_2d,0.6343228539917618,pytorch,2981.0,2981.0,0.0,0.00034308884642086923,0.011247573420405388,51,2180.45751953125,2181.97998046875,0.0006849189521744847
0.8731613520067185,ns_2d,0.78834413504228,pytorch,2981.0,2981.0,0.0,0.0003316967631690204,0.01092478260397911,52,2159.94970703125,2161.47216796875,0.000719879986718297
0.8924231310375035,ns_2d,0.6698783549945801,pytorch,2981.0,2981.0,0.0,0.000319652259349823,0.010614581406116486,53,2162.00048828125,2163.52294921875,0.0008434290066361427
0.8885645240079612,ns_2d,0.6504711860325187,pytorch,2981.0,2981.0,0.0,0.0003080963797401637,0.010317339561879635,54,2164.05126953125,2165.57373046875,0.0005543689476326108
0.8588297369424254,ns_2d,0.6574547979980707,pytorch,2981.0,2981.0,0.0,0.0002983348094858229,0.010034448467195034,55,2166.10205078125,2167.62451171875,0.000568930059671402
0.8502433269750327,ns_2d,0.6415541460737586,pytorch,2981.0,2981.0,0.0,0.0002904190041590482,0.00976567529141903,56,2168.15283203125,2169.67529296875,0.0005034989444538951
0.8607839450705796,ns_2d,0.6361041120253503,pytorch,2981.0,2981.0,0.0,0.0002830205194186419,0.009509333409368992,57,2170.20361328125,2171.72607421875,0.0006074389675632119
0.8879955449374393,ns_2d,0.6626985420007259,pytorch,2981.0,2981.0,0.0,0.0002747309335973114,0.009263267740607262,58,2172.25439453125,2173.77685546875,0.0005217490252107382
0.8601788550149649,ns_2d,0.6494849270675331,pytorch,2981.0,2981.0,0.0,0.0002652299590408802,0.009026256389915943,59,2174.30517578125,2175.82763671875,0.0005621090531349182
0.9053148159291595,ns_2d,0.7018800888909027,pytorch,2981.0,2981.0,0.0,0.0002553314552642405,0.008798379451036453,60,2176.35595703125,2177.87841796875,0.0006301490357145667
0.8870668170275167,ns_2d,0.6681173270335421,pytorch,2981.0,2981.0,0.0,0.0002461785916239023,0.008580084890127182,61,2178.40673828125,2179.92919921875,0.0006178789772093296
0.8749940290581435,ns_2d,0.6767906470922753,pytorch,2981.0,2981.0,0.0,0.00023834391322452575,0.00837131217122078,62,2180.45751953125,2181.97998046875,0.0008908190065994859
0.8871581860585138,ns_2d,0.6474063689820468,pytorch,2981.0,2981.0,0.0,0.00023158520343713462,0.008171109482645988,63,2182.50830078125,2184.03076171875,0.0007532089948654175
0.8931653690524399,ns_2d,0.7614928539842367,pytorch,2981.0,2981.0,0.0,0.00022531826107297093,0.007978545501828194,64,2159.94970703125,2161.47216796875,0.0005255290307104588
0.8925010890234262,ns_2d,0.655228371033445,pytorch,2981.0,2981.0,0.0,0.0002192690153606236,0.007793073542416096,65,2162.00048828125,2163.52294921875,0.0005782800726592541
0.8966147450264543,ns_2d,0.6526446329662576,pytorch,2981.0,2981.0,0.0,0.00021365135035011917,0.0076143816113471985,66,2164.05126953125,2165.57373046875,0.0009986390359699726
0.8812413921114057,ns_2d,0.677279335912317,pytorch,2981.0,2981.0,0.0,0.00020877389761153609,0.007442469708621502,67,2166.10205078125,2167.62451171875,0.0005264099454507232
0.888183924020268,ns_2d,0.6922918698983267,pytorch,2981.0,2981.0,0.0,0.00020459725055843592,0.007277120836079121,68,2168.15283203125,2169.67529296875,0.0006556790322065353
0.8856254270067438,ns_2d,0.6622939029475674,pytorch,2981.0,2981.0,0.0,0.0002006878930842504,0.007117488421499729,69,2170.20361328125,2171.72607421875,0.0005085699958726764
0.8948289470281452,ns_2d,0.6540416220668703,pytorch,2981.0,2981.0,0.0,0.0001966006529983133,0.006963096559047699,70,2172.25439453125,2173.77685546875,0.0005584799218922853
0.8925429190276191,ns_2d,0.660663743969053,pytorch,2981.0,2981.0,0.0,0.00019236149091739208,0.006813796237111092,71,2174.30517578125,2175.82763671875,0.000520800007507205
0.8741533489665017,ns_2d,0.6396080979611725,pytorch,2981.0,2981.0,0.0,0.00018835969967767596,0.006669408641755581,72,2176.35595703125,2177.87841796875,0.000627450062893331
0.8884127449709922,ns_2d,0.6486327580641955,pytorch,2981.0,2981.0,0.0,0.00018484643078409135,0.006529856473207474,73,2178.40673828125,2179.92919921875,0.0005246800137683749
0.8789234750438482,ns_2d,0.6649494690354913,pytorch,2981.0,2981.0,0.0,0.0001816597068682313,0.006394896190613508,74,2180.45751953125,2181.97998046875,0.0004986400017514825
0.8954105069860816,ns_2d,0.751762044033967,pytorch,2981.0,2981.0,0.0,0.0001784919877536595,0.006264108698815107,75,2159.94970703125,2161.47216796875,0.0006814299849793315
0.8577171679353341,ns_2d,0.6347221429459751,pytorch,2981.0,2981.0,0.0,0.0001752475363900885,0.0061374083161354065,76,2162.00048828125,2163.52294921875,0.0005555490497499704
0.9008075899910182,ns_2d,0.7102468489902094,pytorch,2981.0,2981.0,0.0,0.0001720762811601162,0.006014709826558828,77,2164.05126953125,2165.57373046875,0.0007308690110221505
0.8974763340083882,ns_2d,0.644798752036877,pytorch,2981.0,2981.0,0.0,0.00016914238221943378,0.005895717069506645,78,2166.10205078125,2167.62451171875,0.0009037890704348683
0.8757840180769563,ns_2d,0.6877570139477029,pytorch,2981.0,2981.0,0.0,0.00016644265269860625,0.0057801781222224236,79,2168.15283203125,2169.67529296875,0.0007849299581721425
0.8819763000356033,ns_2d,0.6481462180381641,pytorch,2981.0,2981.0,0.0,0.0001638482353882864,0.00566794304177165,80,2170.20361328125,2171.72607421875,0.0005437000654637814
0.8878352850442752,ns_2d,0.6724616220453754,pytorch,2981.0,2981.0,0.0,0.00016124092508107424,0.005558923818171024,81,2172.25439453125,2173.77685546875,0.0006402990547940135
0.8924994590925053,ns_2d,0.6503960150294006,pytorch,2981.0,2981.0,0.0,0.00015858764527365565,0.005452987737953663,82,2174.30517578125,2175.82763671875,0.000990330008789897
0.8484897980233654,ns_2d,0.6709518829593435,pytorch,2981.0,2981.0,0.0,0.00015594242722727358,0.005350061692297459,83,2176.35595703125,2177.87841796875,0.000830379081889987
0.8845795979723334,ns_2d,0.6959789759712294,pytorch,2981.0,2981.0,0.0,0.00015335790521930903,0.005250005051493645,84,2178.40673828125,2179.92919921875,0.0006885590264573693
0.8792680249316618,ns_2d,0.6585664970334619,pytorch,2981.0,2981.0,0.0,0.00015083108155522496,0.005152551457285881,85,2180.45751953125,2181.97998046875,0.0007007889216765761
0.86599646799732,ns_2d,0.7147763939574361,pytorch,2981.0,2981.0,0.0,0.00014835060574114323,0.005057649686932564,86,2182.50830078125,2184.03076171875,0.0008185689803212881
0.8900334910722449,ns_2d,0.7693634739844128,pytorch,2981.0,2981.0,0.0,0.00014594396634493023,0.004965212196111679,87,2159.94970703125,2161.47216796875,0.0006187499966472387
0.8804489219328389,ns_2d,0.6879963629180565,pytorch,2981.0,2981.0,0.0,0.00014365128299687058,0.004875231068581343,88,2162.00048828125,2163.52294921875,0.0005420990055426955
0.8749078980181366,ns_2d,0.6539458710467443,pytorch,2981.0,2981.0,0.0,0.00014146165631245822,0.004787510260939598,89,2164.05126953125,2165.57373046875,0.0008039590902626514
0.8805713520850986,ns_2d,0.6517541540088132,pytorch,2981.0,2981.0,0.0,0.00013931836292613298,0.004702010657638311,90,2166.10205078125,2167.62451171875,0.0006284599658101797
0.8938389871036634,ns_2d,0.6994439410045743,pytorch,2981.0,2981.0,0.0,0.0001371747493976727,0.0046186912804841995,91,2168.15283203125,2169.67529296875,0.0005313999718055129
0.8823897100519389,ns_2d,0.6456911310087889,pytorch,2981.0,2981.0,0.0,0.00013502764340955764,0.0045374599285423756,92,2170.20361328125,2171.72607421875,0.0006899600848555565
0.8653138889931142,ns_2d,0.630416396073997,pytorch,2981.0,2981.0,0.0,0.0001328781945630908,0.004458206705749035,93,2172.25439453125,2173.77685546875,0.000574899953790009
0.8808339009992778,ns_2d,0.6690238149603829,pytorch,2981.0,2981.0,0.0,0.0001307326165260747,0.004380908794701099,94,2174.30517578125,2175.82763671875,0.0008720189798623323
0.8718417109921575,ns_2d,0.6907520010136068,pytorch,2981.0,2981.0,0.0,0.00012862772564403713,0.004305529408156872,95,2176.35595703125,2177.87841796875,0.0005661990726366639
0.8760501469951123,ns_2d,0.6669516869587824,pytorch,2981.0,2981.0,0.0,0.00012660060019697994,0.00423202570527792,96,2178.40673828125,2179.92919921875,0.0011203889735043049
0.867991826031357,ns_2d,0.6432374630821869,pytorch,2981.0,2981.0,0.0,0.0001246527099283412,0.004160359967499971,97,2180.45751953125,2181.97998046875,0.0005965488962829113
0.8744600380305201,ns_2d,0.7911550300195813,pytorch,2981.0,2981.0,0.0,0.00012275385961402208,0.004090415313839912,98,2159.94970703125,2161.47216796875,0.0006948590744286776
0.875414416892454,ns_2d,0.691974719054997,pytorch,2981.0,2981.0,0.0,0.00012088283256161958,0.004022175446152687,99,2162.00048828125,2163.52294921875,0.0006162490462884307
0.0,ns_2d,0.641472844989039,pytorch,2981.0,2981.0,0.0,nan,0.003955601714551449,100,nan,2165.57373046875,0.0
