dataset_id,clean_initial_loss_winner,attack_final_loss_winner,attack_increase_winner,clean_equals_final_winner,clean_equals_increase_winner
burgers_far_centered_scale_shift_scale0p5_shift0,loss3_epoch1500,loss3_epoch1500,loss3_epoch1500,True,True
burgers_far_centered_scale_shift_scale1_shift0p4,loss1_epoch8000,loss3_epoch1500,loss3_epoch1500,False,False
burgers_far_centered_scale_shift_scale1_shiftm0p4,baseline,baseline,baseline,True,True
burgers_far_centered_scale_shift_scale1p5_shift0,loss3_epoch1500,loss3_epoch1500,baseline,True,False
burgers_far_centered_scale_shift_scale2_shift0,loss3_epoch1500,loss2_epoch2000,baseline,False,False
burgers_far_centered_scale_shift_scale2p5_shift0p25,loss3_epoch1500,loss2_epoch2000,loss2_epoch2000,False,False
burgers_far_centered_scale_shift_scale2p5_shiftm0p25,loss2_epoch2000,baseline,baseline,False,False
burgers_far_negative_shift_scale1_shift0p25,loss3_epoch1500,loss3_epoch1500,loss3_epoch1500,True,True
burgers_far_negative_shift_scale1_shift0p5,loss3_epoch1500,loss3_epoch1500,loss3_epoch1500,True,True
burgers_far_negative_shift_scale1_shift1,baseline,baseline,baseline,True,True
burgers_far_positive_shift_scale1_shift0p25,loss3_epoch1500,loss3_epoch1500,loss3_epoch1500,True,True
burgers_far_positive_shift_scale1_shift0p5,loss3_epoch1500,baseline,baseline,False,False
burgers_far_positive_shift_scale1_shift1,baseline,baseline,baseline,True,True
burgers_far_sawtooth_add_scale0p15_shift0,loss1_epoch8000,loss3_epoch1500,loss3_epoch1500,False,False
burgers_far_sawtooth_add_scale0p3_shift0,loss1_epoch8000,loss3_epoch1500,loss3_epoch1500,False,False
burgers_far_sawtooth_add_scale0p5_shift0,loss3_epoch1500,loss3_epoch1500,loss3_epoch1500,True,True
burgers_far_sawtooth_add_scale0p8_shift0,loss3_epoch1500,loss2_epoch2000,loss2_epoch2000,False,False
burgers_far_sign_centered_scale0p5_shift0p25,loss3_epoch1500,loss3_epoch1500,loss3_epoch1500,True,True
burgers_far_sign_centered_scale1_shift0,loss2_epoch2000,loss2_epoch2000,baseline,True,False
burgers_far_zero_mean_scale1_shift0,loss3_epoch1500,loss3_epoch1500,loss3_epoch1500,True,True
burgers_mid_matern_corr0p02_nu0p8,loss3_epoch1500,loss2_epoch2000,loss2_epoch2000,False,False
burgers_mid_matern_corr0p03_nu1,loss3_epoch1500,loss3_epoch1500,loss3_epoch1500,True,True
burgers_mid_matern_corr0p04_nu1p5,loss3_epoch1500,loss3_epoch1500,loss3_epoch1500,True,True
burgers_mid_matern_corr0p06_nu2p5,loss3_epoch1500,loss3_epoch1500,loss3_epoch1500,True,True
burgers_mid_matern_corr0p08_nu3p5,loss1_epoch8000,loss3_epoch1500,loss3_epoch1500,False,False
burgers_mid_matern_corr0p12_nu0p5,loss3_epoch1500,loss3_epoch1500,loss3_epoch1500,True,True
burgers_mid_matern_corr0p16_nu1p2,loss3_epoch1500,loss3_epoch1500,loss3_epoch1500,True,True
burgers_mid_matern_corr0p1_nu5,loss1_epoch8000,loss3_epoch1500,loss3_epoch1500,False,False
burgers_mid_matern_corr0p24_nu2,loss1_epoch8000,loss3_epoch1500,loss3_epoch1500,False,False
burgers_mid_matern_corr0p32_nu3,loss1_epoch8000,loss3_epoch1500,loss3_epoch1500,False,False
burgers_mid_matern_corr0p5_nu1,loss1_epoch8000,loss3_epoch1500,loss3_epoch1500,False,False
burgers_mid_matern_corr0p75_nu2p5,loss1_epoch8000,loss3_epoch1500,loss3_epoch1500,False,False
burgers_mid_matern_corr1_nu4,loss1_epoch8000,loss3_epoch1500,loss3_epoch1500,False,False
burgers_near_gaussian_corr0p015,loss3_epoch1500,loss3_epoch1500,loss3_epoch1500,True,True
burgers_near_gaussian_corr0p02,loss1_epoch8000,loss3_epoch1500,loss3_epoch1500,False,False
burgers_near_gaussian_corr0p025,loss1_epoch8000,loss3_epoch1500,loss3_epoch1500,False,False
burgers_near_gaussian_corr0p035,loss1_epoch8000,loss3_epoch1500,loss3_epoch1500,False,False
burgers_near_gaussian_corr0p04,loss1_epoch8000,loss3_epoch1500,loss3_epoch1500,False,False
burgers_near_gaussian_corr0p05,loss1_epoch8000,loss3_epoch1500,loss3_epoch1500,False,False
burgers_near_gaussian_corr0p06,loss1_epoch8000,loss3_epoch1500,loss3_epoch1500,False,False
burgers_near_gaussian_corr0p08,loss1_epoch8000,loss3_epoch1500,loss3_epoch1500,False,False
burgers_near_gaussian_corr0p1,loss1_epoch8000,loss3_epoch1500,loss3_epoch1500,False,False
burgers_near_gaussian_corr0p12,loss1_epoch8000,loss3_epoch1500,loss3_epoch1500,False,False
burgers_near_gaussian_corr0p18,loss1_epoch8000,loss3_epoch1500,loss3_epoch1500,False,False
burgers_near_gaussian_corr0p24,loss1_epoch8000,loss3_epoch1500,loss3_epoch1500,False,False
burgers_near_gaussian_corr0p3,loss1_epoch8000,loss3_epoch1500,loss3_epoch1500,False,False
burgers_near_gaussian_corr0p4,loss1_epoch8000,loss3_epoch1500,loss3_epoch1500,False,False
burgers_near_gaussian_corr0p5,loss1_epoch8000,loss3_epoch1500,loss3_epoch1500,False,False
burgers_near_gaussian_corr0p75,loss1_epoch8000,loss2_epoch2000,loss2_epoch2000,False,False
burgers_near_gaussian_corr1,loss1_epoch8000,loss2_epoch2000,loss2_epoch2000,False,False
