sample_id,source_split,dataset_id,model_name,top_k,singular_values_rel_l2_diff_vs_solver,singular_values_cosine_vs_solver,left_subspace_mean_principal_cosine,left_subspace_min_principal_cosine,right_subspace_mean_principal_cosine,right_subspace_min_principal_cosine
0,train,train_original_gaussian_corr0p03,baseline,1,0.07597562101603167,0.9999999999996705,0.9626210097732181,0.9626210097732181,0.9974515259628259,0.9974515259628259
0,train,train_original_gaussian_corr0p03,baseline,5,0.06801230240794509,0.9997483294823598,0.9858937682931478,0.9626207624692221,0.9961201266947185,0.9916341372266682
0,train,train_original_gaussian_corr0p03,baseline,10,0.06750593297897416,0.999728119819456,0.9856896894005522,0.9453108185864094,0.9882150651667285,0.933630122829759
0,train,train_original_gaussian_corr0p03,baseline,20,0.074320057591772,0.9993324195086294,0.8055159910999562,0.0031617418103932204,0.7494753969182496,0.00016085325552191992
0,train,train_original_gaussian_corr0p03,baseline,50,0.07603736252236998,0.9991833781585243,0.4718165446866483,5.0746320977937726e-08,0.4044867404550791,4.957902371559654e-09
0,train,train_original_gaussian_corr0p03,baseline,100,0.07809469022433248,0.9990021224537816,0.5825666726320081,2.181827954090048e-09,0.31235651963352556,5.138584548542196e-09
0,train,train_original_gaussian_corr0p03,adv_only,1,0.017560620415988014,0.9999999999996807,0.9983236701435825,0.9983236701435825,0.9996485308608081,0.9996485308608081
0,train,train_original_gaussian_corr0p03,adv_only,5,0.01524203593449214,0.9999794725748337,0.9984729284909845,0.9967545175062809,0.9996180667916693,0.9990406454785234
0,train,train_original_gaussian_corr0p03,adv_only,10,0.015469586090448989,0.9999659918323516,0.9963706997645119,0.977557652395623,0.9967821435584424,0.975086254015036
0,train,train_original_gaussian_corr0p03,adv_only,20,0.01614238016252665,0.9999533023176266,0.9934434549308317,0.9350846798788476,0.9678441245410578,0.6945861510068957
0,train,train_original_gaussian_corr0p03,adv_only,50,0.01752311100427706,0.9999309904396857,0.7613510278453554,5.146687454508344e-07,0.6173715847870753,5.798435432687152e-07
0,train,train_original_gaussian_corr0p03,adv_only,100,0.017698565162242504,0.9999278183165163,0.5770491737020328,2.378977953360953e-06,0.4339630681275824,5.134464493970588e-07
0,train,train_original_gaussian_corr0p03,clean_plus_adv,1,0.003490108683111485,0.999999999999683,0.9921979258586731,0.9921979258586731,0.9996747067762086,0.9996747067762086
0,train,train_original_gaussian_corr0p03,clean_plus_adv,5,0.008666732621227491,0.9999817358327914,0.9974192461427984,0.9921924977228044,0.9993679630642328,0.9984675600933887
0,train,train_original_gaussian_corr0p03,clean_plus_adv,10,0.008990062076481425,0.9999801632720758,0.9967161310818685,0.9831227070836871,0.9972862343757584,0.9802895358896766
0,train,train_original_gaussian_corr0p03,clean_plus_adv,20,0.012147026581676362,0.9999484349616878,0.9904641450756794,0.8846045210976391,0.9511841897081705,0.5684160626086318
0,train,train_original_gaussian_corr0p03,clean_plus_adv,50,0.014803857632921514,0.9999131677263932,0.7570071066927672,1.1955807840881139e-06,0.5886022802821236,3.715626605937593e-07
0,train,train_original_gaussian_corr0p03,clean_plus_adv,100,0.014990385602783046,0.9999103508566174,0.5554356117361832,7.816292467679671e-07,0.4358575655186033,4.1309725668563965e-08
1,train,train_original_gaussian_corr0p03,baseline,1,0.047078426231414804,0.9999999999996251,0.9854110921717545,0.9854110921717545,0.9980549061768289,0.9980549061768289
1,train,train_original_gaussian_corr0p03,baseline,5,0.07099275221928722,0.9994557662162306,0.8450784134811913,0.27379550517699397,0.8489994602276303,0.26665263749541557
1,train,train_original_gaussian_corr0p03,baseline,10,0.07199295960177395,0.999269800335195,0.9496403260605495,0.6494097349604131,0.9364891340748006,0.5681675820860792
1,train,train_original_gaussian_corr0p03,baseline,20,0.07437975728109099,0.9991390939183125,0.7916935305142009,0.00026493896988539914,0.7214008408544567,6.577581314875322e-05
1,train,train_original_gaussian_corr0p03,baseline,50,0.07761598482389821,0.9988502805271997,0.4828003787401943,2.5899824181886654e-08,0.4109646249116732,3.652631780725663e-09
1,train,train_original_gaussian_corr0p03,baseline,100,0.07954048863121377,0.9986785740605552,0.5392834267277299,1.6188447080044464e-08,0.30982423958424554,1.034109558481898e-08
1,train,train_original_gaussian_corr0p03,adv_only,1,0.022323786122873012,0.99999999999963,0.9993189147253483,0.9993189147253483,0.9998317336002098,0.9998317336002098
1,train,train_original_gaussian_corr0p03,adv_only,5,0.029381342564889203,0.9998290876831865,0.8125044676862048,0.07049371850009997,0.8135178260483688,0.06918514976198685
1,train,train_original_gaussian_corr0p03,adv_only,10,0.0310850838326332,0.999750452960511,0.9900524495840388,0.9189654272961782,0.9907601824632396,0.923943037217784
1,train,train_original_gaussian_corr0p03,adv_only,20,0.031159425442992356,0.9997448589584201,0.9891388691233072,0.8922547408633702,0.9676127654529438,0.7503324039587849
1,train,train_original_gaussian_corr0p03,adv_only,50,0.03151550994207318,0.9997342947936986,0.7786903261692281,1.1476703842190385e-06,0.6555089755669266,3.1702698266101585e-06
1,train,train_original_gaussian_corr0p03,adv_only,100,0.03160827783471242,0.9997312358942495,0.6563159790074903,4.923488511969968e-07,0.4614735816535896,4.705047470359782e-06
1,train,train_original_gaussian_corr0p03,clean_plus_adv,1,0.0025745487942280885,0.9999999999996345,0.9972106183337015,0.9972106183337015,0.9998245997290542,0.9998245997290542
1,train,train_original_gaussian_corr0p03,clean_plus_adv,5,0.007801024750242023,0.9999700145793518,0.8432447650327834,0.22870548166155544,0.84477673605057,0.22633041503512819
1,train,train_original_gaussian_corr0p03,clean_plus_adv,10,0.00957091257272905,0.9999543254623648,0.9899439413593096,0.9242357979631803,0.9905966929173863,0.9279094605721685
1,train,train_original_gaussian_corr0p03,clean_plus_adv,20,0.011896819361827427,0.9999296181953105,0.9899225229811263,0.9234091755083697,0.9478223400889763,0.653088748308405
1,train,train_original_gaussian_corr0p03,clean_plus_adv,50,0.013540819691324922,0.9999087485012693,0.7633712207023245,7.239484031253439e-06,0.6323061978027527,2.8928667117280635e-08
1,train,train_original_gaussian_corr0p03,clean_plus_adv,100,0.013770807320840841,0.9999056017257019,0.5318983110950243,6.64798501459167e-06,0.45955821254107687,8.743655173812864e-07
6,test,test_original_gaussian_corr0p03,baseline,1,0.07165290585045869,0.9999999999994247,0.983256688981414,0.983256688981414,0.9972449314065672,0.9972449314065672
6,test,test_original_gaussian_corr0p03,baseline,5,0.051058670447808936,0.9991739686764848,0.9798324501811699,0.9514230000246071,0.9957915794990129,0.9925117855994913
6,test,test_original_gaussian_corr0p03,baseline,10,0.050473376056285504,0.9991190812202427,0.8932019804830048,0.055021795984966954,0.9019384410949678,0.05871711771893759
6,test,test_original_gaussian_corr0p03,baseline,20,0.061666741352067185,0.998564054578798,0.9368602060274718,0.3296604315989614,0.8649157329261558,0.17207024122657652
6,test,test_original_gaussian_corr0p03,baseline,50,0.0669406958272429,0.9982130757248594,0.482886914290292,1.6029625698758366e-08,0.42854103758539686,1.1181790638859617e-08
6,test,test_original_gaussian_corr0p03,baseline,100,0.07253306600458323,0.9977978985424472,0.5571600766587781,6.057124241758244e-08,0.3237300971812522,5.516732308934898e-09
6,test,test_original_gaussian_corr0p03,adv_only,1,0.03953908337148864,0.9999999999994346,0.9964966847131354,0.9964966847131354,0.9997221847110883,0.9997221847110883
6,test,test_original_gaussian_corr0p03,adv_only,5,0.026660780822233356,0.9997455682020832,0.9957742151648541,0.9927762742173734,0.9996361224495326,0.9994412444074248
6,test,test_original_gaussian_corr0p03,adv_only,10,0.02840563543645841,0.9996578326181865,0.9956427291994826,0.979212039574612,0.9978963710921956,0.9830280585918022
6,test,test_original_gaussian_corr0p03,adv_only,20,0.028659287356777086,0.9996522718495635,0.9881817008892751,0.8506943688324528,0.9825221132614365,0.7992471430523763
6,test,test_original_gaussian_corr0p03,adv_only,50,0.029659458353742323,0.9996247894260865,0.7630653414370124,6.84374198764636e-08,0.6775618201433778,4.107152493079302e-08
6,test,test_original_gaussian_corr0p03,adv_only,100,0.02980300054041365,0.9996204209847754,0.47753699871802907,3.6926842257620643e-08,0.49716233669376675,3.5072552172585374e-07
6,test,test_original_gaussian_corr0p03,clean_plus_adv,1,0.014367489417268673,0.9999999999994421,0.9958385396141258,0.9958385396141258,0.9995654511099944,0.9995654511099944
6,test,test_original_gaussian_corr0p03,clean_plus_adv,5,0.012953753125465881,0.9999432887339178,0.9972054055372856,0.9945794053222409,0.9995017987496372,0.999144214455777
6,test,test_original_gaussian_corr0p03,clean_plus_adv,10,0.015880281287221472,0.999888862490485,0.9952321830753805,0.9764281731650055,0.9972291457330792,0.9777028981531469
6,test,test_original_gaussian_corr0p03,clean_plus_adv,20,0.01769981833366296,0.9998615662347231,0.9928103774674509,0.9301127821501742,0.979539891064487,0.825815730153711
6,test,test_original_gaussian_corr0p03,clean_plus_adv,50,0.020259574451262474,0.9998143432197442,0.7771522538060113,4.612169359291155e-09,0.665346577109529,1.3610077994843463e-08
6,test,test_original_gaussian_corr0p03,clean_plus_adv,100,0.020545752653513404,0.9998084293687975,0.5692926582294989,1.0296254661195486e-07,0.4415548417040867,3.0393152253415773e-07
7,test,test_original_gaussian_corr0p03,baseline,1,0.015828109309446715,0.9999999999994439,0.9972825330550661,0.9972825330550661,0.9975664610703432,0.9975664610703432
7,test,test_original_gaussian_corr0p03,baseline,5,0.05030963937327656,0.9992073082539156,0.9838300480801841,0.9584423144969021,0.9961117936746711,0.9914841510619191
7,test,test_original_gaussian_corr0p03,baseline,10,0.050751256657500174,0.9992225787516328,0.9266516791501429,0.3935011127659186,0.9295636171979818,0.3817215078528516
7,test,test_original_gaussian_corr0p03,baseline,20,0.05907720414387954,0.9988197500564672,0.8410347221711962,0.001622128946231373,0.7736843167171754,0.00015564645153514755
7,test,test_original_gaussian_corr0p03,baseline,50,0.06666024757481206,0.9983046012806164,0.45925454047290054,1.3327372435801312e-08,0.39049766585038215,5.450221178038236e-10
7,test,test_original_gaussian_corr0p03,baseline,100,0.07266441288948386,0.9978572611330419,0.5239878875711785,1.305870832238153e-08,0.297119968764539,2.3482548022910044e-09
7,test,test_original_gaussian_corr0p03,adv_only,1,0.009249670077402848,0.9999999999994422,0.9996168256574256,0.9996168256574256,0.9998244732353401,0.9998244732353401
7,test,test_original_gaussian_corr0p03,adv_only,5,0.016370696721167276,0.9998698583503854,0.9975034893832124,0.9943336854467602,0.9997270254299184,0.9995061397842732
7,test,test_original_gaussian_corr0p03,adv_only,10,0.01724813717983193,0.999857638277689,0.9975268884898185,0.9927585605303253,0.9986417418023004,0.9941384947669181
7,test,test_original_gaussian_corr0p03,adv_only,20,0.01772004537011038,0.9998496743956727,0.9873942709593843,0.8061537133907855,0.9781532870202234,0.7454207223167952
7,test,test_original_gaussian_corr0p03,adv_only,50,0.018612879187607862,0.9998337323857936,0.7561920734073873,1.0430168867168383e-06,0.6368509610875308,2.0340694820679407e-06
7,test,test_original_gaussian_corr0p03,adv_only,100,0.018960706363072493,0.9998271476988994,0.5166844430497638,6.382139890528018e-09,0.4571984220805196,4.842593356925633e-08
7,test,test_original_gaussian_corr0p03,clean_plus_adv,1,0.00514124111587034,0.999999999999438,0.9954144635575457,0.9954144635575457,0.9995057514929119,0.9995057514929119
7,test,test_original_gaussian_corr0p03,clean_plus_adv,5,0.012267489377931083,0.9999655008674733,0.996877726637208,0.9931051480868763,0.9995803483175291,0.9990693881658911
7,test,test_original_gaussian_corr0p03,clean_plus_adv,10,0.012900237739489982,0.9999570497016381,0.9972213212266487,0.990949621579072,0.9982237096485942,0.9891737258243408
7,test,test_original_gaussian_corr0p03,clean_plus_adv,20,0.0146261877305158,0.9999355182272316,0.9792476579201594,0.6686667083118006,0.9606790427307729,0.5725687884880671
7,test,test_original_gaussian_corr0p03,clean_plus_adv,50,0.016368768265567227,0.9999094231041383,0.7299293838044594,1.387152794210948e-07,0.6222369573848525,1.3451393346163667e-08
7,test,test_original_gaussian_corr0p03,clean_plus_adv,100,0.0167900517306692,0.999902305817358,0.44837904768672826,1.5453682438589267e-07,0.4368705521847791,2.414058114609402e-07
10,generalization,burgers_near_gaussian_corr0p08,baseline,1,0.03913330066610586,0.9999999999996579,0.9922260203795532,0.9922260203795532,0.9991420503557151,0.9991420503557151
10,generalization,burgers_near_gaussian_corr0p08,baseline,5,0.08438868123518731,0.9979727529576504,0.8032533226096618,0.1492468900948121,0.8098824629402819,0.126144373419756
10,generalization,burgers_near_gaussian_corr0p08,baseline,10,0.08369627748715636,0.9980499647804361,0.9607396411946724,0.7269578828773979,0.9666141658518427,0.8243676911650951
10,generalization,burgers_near_gaussian_corr0p08,baseline,20,0.0931003448600134,0.9973839591952249,0.9587449103454372,0.7495097082649633,0.8877397162378069,0.12013512476835109
10,generalization,burgers_near_gaussian_corr0p08,baseline,50,0.09663795108341901,0.9970622992330704,0.5388933018317594,8.565956863626708e-10,0.47593417476041994,4.687054676618007e-09
10,generalization,burgers_near_gaussian_corr0p08,baseline,100,0.09806344489589743,0.996905116440948,0.42815607035158015,1.0153040498429571e-09,0.3364271683075083,1.0704586042319954e-09
10,generalization,burgers_near_gaussian_corr0p08,adv_only,1,0.020735982096840768,0.9999999999996613,0.9932579580948446,0.9932579580948446,0.9985000338149601,0.9985000338149601
10,generalization,burgers_near_gaussian_corr0p08,adv_only,5,0.024406834796775172,0.9999744598925446,0.9913034505257411,0.9763277307836984,0.9957287033682135,0.9827008391839337
10,generalization,burgers_near_gaussian_corr0p08,adv_only,10,0.024817737965044863,0.9999726126392874,0.987590982606638,0.9297922266412224,0.9910474740573607,0.9340960566686564
10,generalization,burgers_near_gaussian_corr0p08,adv_only,20,0.02725062394759821,0.9999338356452367,0.9891785450405586,0.8764867962032457,0.9918260779045296,0.9332958762491114
10,generalization,burgers_near_gaussian_corr0p08,adv_only,50,0.03211666056757195,0.999798126780134,0.73948820990861,5.098240822864214e-06,0.6373066417030829,8.437047620998265e-07
10,generalization,burgers_near_gaussian_corr0p08,adv_only,100,0.03218121052453855,0.9997959428174905,0.5015395787661798,6.530083016789011e-09,0.4026985311644172,5.66250211900819e-08
10,generalization,burgers_near_gaussian_corr0p08,clean_plus_adv,1,0.004780618707187549,0.9999999999996639,0.9835521998881704,0.9835521998881704,0.9990312987073894,0.9990312987073894
10,generalization,burgers_near_gaussian_corr0p08,clean_plus_adv,5,0.01004140916900185,0.9999501777069204,0.9912039478085646,0.9749091151876875,0.9967344597281791,0.9867710212482773
10,generalization,burgers_near_gaussian_corr0p08,clean_plus_adv,10,0.010963189996619053,0.9999414091562283,0.9918126106231779,0.9570149527332277,0.9940225570024083,0.9586026949523722
10,generalization,burgers_near_gaussian_corr0p08,clean_plus_adv,20,0.017240887255362904,0.9998567442133302,0.9913720977208091,0.908104153954342,0.9854874877584567,0.8283990835828436
10,generalization,burgers_near_gaussian_corr0p08,clean_plus_adv,50,0.02582852636403292,0.9996730581666255,0.6323584264460702,1.8444435442181655e-08,0.6024805917959826,2.2829804174262024e-09
10,generalization,burgers_near_gaussian_corr0p08,clean_plus_adv,100,0.026522715657521134,0.9996547482582473,0.3546283117387638,4.822269549127949e-09,0.369050089703335,1.1040736074641883e-09
11,generalization,burgers_near_gaussian_corr0p3,baseline,1,0.20501969827745917,0.999999999999745,0.7715096953101501,0.7715096953101501,0.9550030821488887,0.9550030821488887
11,generalization,burgers_near_gaussian_corr0p3,baseline,5,0.20246769611682455,0.9991142272882244,0.929337826973536,0.7695370118233839,0.9324719287943145,0.8333222259944135
11,generalization,burgers_near_gaussian_corr0p3,baseline,10,0.200614207983378,0.9987932292940478,0.9578764672329207,0.7480609734748491,0.9381337390953762,0.7141450503430612
11,generalization,burgers_near_gaussian_corr0p3,baseline,20,0.20141815893677104,0.9986520881509007,0.88796526048015,0.06619140296644414,0.7942032225492724,0.002346695581612305
11,generalization,burgers_near_gaussian_corr0p3,baseline,50,0.2018767928068945,0.9985553933105504,0.5032249530932748,2.9883344147945286e-10,0.43842005835936143,2.610988827270643e-10
11,generalization,burgers_near_gaussian_corr0p3,baseline,100,0.20239486577790092,0.9983936415804223,0.343084320075386,8.81719766157484e-10,0.343508261114136,8.388150532882515e-11
11,generalization,burgers_near_gaussian_corr0p3,adv_only,1,0.08355504290522658,0.9999999999997637,0.9233241190981543,0.9233241190981543,0.9978533377548362,0.9978533377548362
11,generalization,burgers_near_gaussian_corr0p3,adv_only,5,0.08253683979972183,0.9998775772222411,0.9760239441094182,0.9236916751784552,0.991506160201784,0.9787532713103554
11,generalization,burgers_near_gaussian_corr0p3,adv_only,10,0.08174571699773611,0.9998186313506663,0.984147442167828,0.9111394429609541,0.9925515635297671,0.9626326439789268
11,generalization,burgers_near_gaussian_corr0p3,adv_only,20,0.08135528579441008,0.9997643882253001,0.981105819648221,0.7406176777316664,0.9649995523924355,0.48476367287693994
11,generalization,burgers_near_gaussian_corr0p3,adv_only,50,0.08185813187604314,0.9997314851524902,0.7023049018309258,1.1000512159870215e-05,0.5166860591732101,6.662221592805465e-08
11,generalization,burgers_near_gaussian_corr0p3,adv_only,100,0.08188978881668317,0.9997284315243136,0.5315262782191555,3.406702789575954e-08,0.3924773081959497,2.8852426331482724e-08
11,generalization,burgers_near_gaussian_corr0p3,clean_plus_adv,1,0.060889849638152964,0.999999999999767,0.9420772509323363,0.9420772509323363,0.9988690003333095,0.9988690003333095
11,generalization,burgers_near_gaussian_corr0p3,clean_plus_adv,5,0.06029579347012955,0.9998956859700896,0.9537359757340947,0.8354599117875912,0.9699368012970865,0.8609527272900059
11,generalization,burgers_near_gaussian_corr0p3,clean_plus_adv,10,0.05975055564097234,0.9998433553206707,0.9677189405714236,0.755863819991236,0.9745309259069298,0.7759712469107957
11,generalization,burgers_near_gaussian_corr0p3,clean_plus_adv,20,0.05961262938658717,0.9998268491941374,0.9779160917790423,0.6951069980581603,0.9491733639593803,0.33958034296919964
11,generalization,burgers_near_gaussian_corr0p3,clean_plus_adv,50,0.060834498970189464,0.9997599609281725,0.6546226355480848,1.848947327819624e-08,0.5081297395827642,1.9699587541851796e-09
11,generalization,burgers_near_gaussian_corr0p3,clean_plus_adv,100,0.060962698692966874,0.9997511833467361,0.4660604415437083,1.620409531034521e-08,0.3808736084794419,5.978857790706844e-09
12,generalization,burgers_target_gaussian_corr0p105,baseline,1,0.21152701675397456,0.9999999999997148,0.9162368021460141,0.9162368021460141,0.9865463918618461,0.9865463918618461
12,generalization,burgers_target_gaussian_corr0p105,baseline,5,0.20766954500903387,0.9994742599500565,0.9351564867347297,0.8143747481311457,0.9454853790902524,0.7951072246999791
12,generalization,burgers_target_gaussian_corr0p105,baseline,10,0.20545796198297345,0.9991119947533438,0.9462203665793959,0.6440556284307485,0.947429621595384,0.6392556549285131
12,generalization,burgers_target_gaussian_corr0p105,baseline,20,0.20836740734334794,0.9985888665383381,0.8821562064118513,0.04313697564415822,0.8386475656704416,0.019944330995693496
12,generalization,burgers_target_gaussian_corr0p105,baseline,50,0.20947219018405966,0.9983592627145244,0.4984510435294436,3.3293708189858348e-09,0.4426142711460564,9.103920018011725e-10
12,generalization,burgers_target_gaussian_corr0p105,baseline,100,0.2100064915413574,0.9981831067787782,0.31284173421853184,6.105871305360537e-10,0.3489146319425664,5.432705554776149e-10
12,generalization,burgers_target_gaussian_corr0p105,adv_only,1,0.05831029626058409,0.9999999999997408,0.9926145777980921,0.9926145777980921,0.9995012677571267,0.9995012677571267
12,generalization,burgers_target_gaussian_corr0p105,adv_only,5,0.057299772476038326,0.999823299510759,0.9943677125113244,0.9893930594478481,0.9965201585499479,0.9877802049041877
12,generalization,burgers_target_gaussian_corr0p105,adv_only,10,0.05667522233071125,0.9997676921564658,0.990730257333716,0.9325070910567105,0.9922722885285475,0.9396726927671843
12,generalization,burgers_target_gaussian_corr0p105,adv_only,20,0.0563816711633875,0.9997296936562611,0.9930815428490126,0.9358817027285444,0.9787378180766811,0.8062463871624683
12,generalization,burgers_target_gaussian_corr0p105,adv_only,50,0.05759476976952579,0.9996687933146814,0.693554132995612,1.2862735258277588e-06,0.5270518692552538,4.694028539243458e-08
12,generalization,burgers_target_gaussian_corr0p105,adv_only,100,0.05765756350283101,0.9996647691010918,0.4530381951450117,1.8790956129317237e-08,0.30326369035359974,8.968154153599812e-09
12,generalization,burgers_target_gaussian_corr0p105,clean_plus_adv,1,0.06623930853791234,0.9999999999997397,0.9712837884034724,0.9712837884034724,0.9997330703362495,0.9997330703362495
12,generalization,burgers_target_gaussian_corr0p105,clean_plus_adv,5,0.06477524898090446,0.999895242557619,0.9924047653433252,0.9713306297827963,0.9987841347649236,0.9958865622047414
12,generalization,burgers_target_gaussian_corr0p105,clean_plus_adv,10,0.06404546990022678,0.9998211071863632,0.9922289619873599,0.9640328663214405,0.9952510508283279,0.97047900375123
12,generalization,burgers_target_gaussian_corr0p105,clean_plus_adv,20,0.06413191448059952,0.9997699515617152,0.9812029939619104,0.7700050070529206,0.9658014652991698,0.655985616704999
12,generalization,burgers_target_gaussian_corr0p105,clean_plus_adv,50,0.06559349939251508,0.9996861890200055,0.6317466942552349,1.4332779669479144e-08,0.5162835425461096,2.475394446443386e-08
12,generalization,burgers_target_gaussian_corr0p105,clean_plus_adv,100,0.06567857829836232,0.9996798578795504,0.467231418719128,2.3666866847371072e-08,0.36237832558104105,5.620319528122918e-09
15,generalization,burgers_mid_matern_corr0p75_nu2p5,baseline,1,0.1635255551259354,0.9999999999997177,0.9203108780787994,0.9203108780787994,0.990059322890765,0.990059322890765
15,generalization,burgers_mid_matern_corr0p75_nu2p5,baseline,5,0.16015047060104406,0.9994049089010654,0.9691030864857242,0.9209141936335136,0.9823111478314834,0.9507037974625036
15,generalization,burgers_mid_matern_corr0p75_nu2p5,baseline,10,0.15814555639719444,0.9991837036588636,0.9748123383830958,0.8927773061074679,0.9793995378460029,0.883522490086073
15,generalization,burgers_mid_matern_corr0p75_nu2p5,baseline,20,0.16213357510043624,0.9986373653139463,0.9513878252142225,0.517386542516458,0.8875209976827177,0.08014316959493267
15,generalization,burgers_mid_matern_corr0p75_nu2p5,baseline,50,0.16396341399558895,0.9983359677328614,0.4876300027720182,4.800595899333795e-10,0.4306028324928742,2.712723145309017e-10
15,generalization,burgers_mid_matern_corr0p75_nu2p5,baseline,100,0.16519556123096982,0.9980524395089126,0.3732965383283496,1.5462022572356619e-09,0.3762085237475505,1.7457438033247596e-10
15,generalization,burgers_mid_matern_corr0p75_nu2p5,adv_only,1,0.04721355171156445,0.9999999999997363,0.9931301377616241,0.9931301377616241,0.9995347580449796,0.9995347580449796
15,generalization,burgers_mid_matern_corr0p75_nu2p5,adv_only,5,0.04660569201964192,0.9998995447083635,0.9963219590219456,0.9928825712743539,0.9977776774469532,0.9928983225006429
15,generalization,burgers_mid_matern_corr0p75_nu2p5,adv_only,10,0.04597991572797859,0.9998693728941498,0.9976555965116651,0.9910769256257486,0.9982561680798469,0.9918842328983255
15,generalization,burgers_mid_matern_corr0p75_nu2p5,adv_only,20,0.045618275369214645,0.9998480728569988,0.9957799221492669,0.9578763226805225,0.9925319662577256,0.9154704158818793
15,generalization,burgers_mid_matern_corr0p75_nu2p5,adv_only,50,0.047588437243370404,0.9997629003203283,0.6942027447222188,3.68719795074477e-07,0.5251362621279556,1.210207855470013e-07
15,generalization,burgers_mid_matern_corr0p75_nu2p5,adv_only,100,0.047639813402765636,0.9997602320755058,0.48486981228262643,7.771874106728854e-08,0.33830178916337994,2.0924686519909147e-08
15,generalization,burgers_mid_matern_corr0p75_nu2p5,clean_plus_adv,1,0.06417565472887334,0.999999999999734,0.9779984533488701,0.9779984533488701,0.9998031808599006,0.9998031808599006
15,generalization,burgers_mid_matern_corr0p75_nu2p5,clean_plus_adv,5,0.0628747006057281,0.9998790123368426,0.9920267819746387,0.9782475264240432,0.9973825294944216,0.9908586864781389
15,generalization,burgers_mid_matern_corr0p75_nu2p5,clean_plus_adv,10,0.062050191847021804,0.9998090952048644,0.9951763854808876,0.9786089126701233,0.9976970281733026,0.9900765594782724
15,generalization,burgers_mid_matern_corr0p75_nu2p5,clean_plus_adv,20,0.0618403760451772,0.9997820768116696,0.9910963559407069,0.8984163714919355,0.9864857857116395,0.8630062275092877
15,generalization,burgers_mid_matern_corr0p75_nu2p5,clean_plus_adv,50,0.06350403282450635,0.9996893632194905,0.6542170749270835,1.20644986533582e-08,0.5163279688892797,7.356312496276824e-09
15,generalization,burgers_mid_matern_corr0p75_nu2p5,clean_plus_adv,100,0.06362888226357444,0.9996804078413634,0.4560418097724562,2.8919839490845354e-08,0.3294626587140331,3.1095429181525266e-09
18,generalization,burgers_far_sawtooth_add_scale0p3_shift0,baseline,1,0.09522386503693712,0.9999999999996116,0.07247316548712035,0.07247316548712035,0.07507582561414987,0.07507582561414987
18,generalization,burgers_far_sawtooth_add_scale0p3_shift0,baseline,5,0.12527317078138742,0.9983691206195326,0.9341827225228503,0.8099257885223667,0.9814811268680863,0.9504754392567091
18,generalization,burgers_far_sawtooth_add_scale0p3_shift0,baseline,10,0.12463898944217745,0.9982949120306355,0.9338582337660707,0.6876032358413419,0.938881765556915,0.6302537487990519
18,generalization,burgers_far_sawtooth_add_scale0p3_shift0,baseline,20,0.12691169304263913,0.9980892569683244,0.758361388131207,0.00020407899212288892,0.6649233821353074,1.7941640601693197e-06
18,generalization,burgers_far_sawtooth_add_scale0p3_shift0,baseline,50,0.12965457335036754,0.9976271810457975,0.43563663948471915,2.4689523679620642e-08,0.33697947241750903,4.968861209150437e-09
18,generalization,burgers_far_sawtooth_add_scale0p3_shift0,baseline,100,0.13149032438796365,0.9973239012777771,0.5139294945557181,2.3341245202707487e-09,0.25986302172332343,6.080153537931942e-10
18,generalization,burgers_far_sawtooth_add_scale0p3_shift0,adv_only,1,0.05486003490768453,0.9999999999996408,0.9382777881190943,0.9382777881190943,0.9975687262494868,0.9975687262494868
18,generalization,burgers_far_sawtooth_add_scale0p3_shift0,adv_only,5,0.043870120230391677,0.9997701152966947,0.9723195785237781,0.9406679603920126,0.9867805363252315,0.9665327693867307
18,generalization,burgers_far_sawtooth_add_scale0p3_shift0,adv_only,10,0.04365510389343421,0.9997660860282969,0.9718921531782853,0.8379475997956364,0.9784404954995184,0.8363985930750247
18,generalization,burgers_far_sawtooth_add_scale0p3_shift0,adv_only,20,0.04372891490390722,0.999761616086911,0.9578345446646207,0.4854690041017473,0.8829861689113393,0.13039187728796206
18,generalization,burgers_far_sawtooth_add_scale0p3_shift0,adv_only,50,0.04392281895165426,0.999753415964216,0.7318508763014075,5.641965534817664e-07,0.5151674895955766,3.3334652848705555e-08
18,generalization,burgers_far_sawtooth_add_scale0p3_shift0,adv_only,100,0.04407933740513034,0.9997470213584989,0.5309161189060734,1.4906744196517072e-06,0.3744803969367959,9.15090970128558e-08
18,generalization,burgers_far_sawtooth_add_scale0p3_shift0,clean_plus_adv,1,0.0037320636405541816,0.9999999999996305,0.9903307562584343,0.9903307562584343,0.9988221888609176,0.9988221888609176
18,generalization,burgers_far_sawtooth_add_scale0p3_shift0,clean_plus_adv,5,0.01142889573689481,0.9999786514089669,0.9861115190747507,0.9650769188451171,0.9950164774077983,0.9855913056361301
18,generalization,burgers_far_sawtooth_add_scale0p3_shift0,clean_plus_adv,10,0.011407918617752599,0.9999787301742805,0.9829710750740238,0.9084161752459755,0.9861713817968596,0.8986706566100049
18,generalization,burgers_far_sawtooth_add_scale0p3_shift0,clean_plus_adv,20,0.013088601463698925,0.999960029311386,0.9435831048531842,0.2625136394840859,0.865126837799953,0.061153293578770265
18,generalization,burgers_far_sawtooth_add_scale0p3_shift0,clean_plus_adv,50,0.01433214623827584,0.9999428587741584,0.6389336797565472,1.916891709432236e-06,0.47071819239551327,4.0171065052043043e-07
18,generalization,burgers_far_sawtooth_add_scale0p3_shift0,clean_plus_adv,100,0.015126924484157162,0.9999309248097313,0.5774513676779832,5.988548504163e-08,0.36535249606488124,7.889441890781859e-09
19,generalization,burgers_far_centered_scale_shift_scale1_shift0p4,baseline,1,0.06242469144702742,0.9999999999993219,0.2568449090810364,0.2568449090810364,0.24343915435451502,0.24343915435451502
19,generalization,burgers_far_centered_scale_shift_scale1_shift0p4,baseline,5,0.10291944558124698,0.9986744243871244,0.847192972475273,0.38766254581526055,0.985143747962454,0.9486874924243764
19,generalization,burgers_far_centered_scale_shift_scale1_shift0p4,baseline,10,0.10297751826885763,0.9982483528680662,0.8284489334862531,0.18116038817007787,0.8930854397443742,0.21506549765304467
19,generalization,burgers_far_centered_scale_shift_scale1_shift0p4,baseline,20,0.1054375287511228,0.9980717008770683,0.9127714970669734,0.4590793428024225,0.846357088398042,0.0920399248120626
19,generalization,burgers_far_centered_scale_shift_scale1_shift0p4,baseline,50,0.10806141109042258,0.9977489382049813,0.48232114178195423,3.4356298710119112e-09,0.42186018055516095,3.210109592887049e-10
19,generalization,burgers_far_centered_scale_shift_scale1_shift0p4,baseline,100,0.11107833385950211,0.9973534927601587,0.5013132049575766,1.3903967739940886e-07,0.3324598664796202,8.124782112786078e-10
19,generalization,burgers_far_centered_scale_shift_scale1_shift0p4,adv_only,1,0.018016262158663535,0.999999999999338,0.291307834047165,0.291307834047165,0.28552256014040894,0.28552256014040894
19,generalization,burgers_far_centered_scale_shift_scale1_shift0p4,adv_only,5,0.03142455194643054,0.9997243703130501,0.9851754298755135,0.9341908615342693,0.9992946549592944,0.998510746553059
19,generalization,burgers_far_centered_scale_shift_scale1_shift0p4,adv_only,10,0.030767932342892396,0.9997249431774661,0.8948608406212726,0.031606104057515155,0.9013505013316603,0.03402476951891343
19,generalization,burgers_far_centered_scale_shift_scale1_shift0p4,adv_only,20,0.03071701271449748,0.9997268120161379,0.9835360521217946,0.8374139719248576,0.9686154326359635,0.5913533490000749
19,generalization,burgers_far_centered_scale_shift_scale1_shift0p4,adv_only,50,0.03116158503704053,0.999714487511308,0.7797134029310557,1.7336113022074092e-09,0.6504924102647551,8.10369009365713e-08
19,generalization,burgers_far_centered_scale_shift_scale1_shift0p4,adv_only,100,0.031375863107085095,0.9997075084290967,0.5290150871577083,2.973654100980814e-08,0.46924239402264534,2.9049108189788706e-08
19,generalization,burgers_far_centered_scale_shift_scale1_shift0p4,clean_plus_adv,1,0.02275680302042568,0.9999999999993361,0.8815936263278015,0.8815936263278015,0.8813973072483883,0.8813973072483883
19,generalization,burgers_far_centered_scale_shift_scale1_shift0p4,clean_plus_adv,5,0.025720271348612662,0.9997897687375169,0.9983669330999554,0.9962958436322528,0.9990835055933163,0.9982587920657082
19,generalization,burgers_far_centered_scale_shift_scale1_shift0p4,clean_plus_adv,10,0.026112759726323983,0.9997740252306441,0.9905347720724409,0.9327802260527615,0.9878160159296308,0.91108677951003
19,generalization,burgers_far_centered_scale_shift_scale1_shift0p4,clean_plus_adv,20,0.027310794496364976,0.9997512044345708,0.9863939918391331,0.8631717242617061,0.9645114795113494,0.5795260007035189
19,generalization,burgers_far_centered_scale_shift_scale1_shift0p4,clean_plus_adv,50,0.028041955676488275,0.9997326850730625,0.7302779886743151,1.8763701531238354e-08,0.6310117542849571,5.539985473760842e-09
19,generalization,burgers_far_centered_scale_shift_scale1_shift0p4,clean_plus_adv,100,0.028539280266968725,0.9997181537977234,0.4335465033400764,1.2393563362867736e-09,0.41165665445277766,4.00881956930451e-09
