dataset_id,0,10,20,30,40,50,60,70,80,90,100
train_original_binary_grf_alpha2_tau3,0.0001322771477515,0.0004274599951286,0.0002002357572764,0.0001477823968961,0.0001605159573459,0.0001522234408719,0.0001513099775193,0.0001565395917059,0.0001549736966537,0.0001560457195227,0.0001488468047961
test_original_binary_grf_alpha2_tau3,0.0001557867109959,0.0004531784601858,0.0002274803681772,0.0001900237431239,0.000202541035314,0.0001913651450585,0.0001896212328024,0.0001937424856026,0.0001926470910159,0.000192407097777,0.000185500448126
darcy_binary_loss3targeted_20260611_00_matern_smooth_frac0p12_a3p65909_t2p05625,0.0012173421135067,0.0019473714065404,0.0013570001501686,0.0013699661808147,0.0013797884178193,0.0013384752434486,0.0013090039464215,0.0013160290154411,0.0013194658035735,0.001304642794014,0.001285680105409
darcy_binary_loss3targeted_20260611_08_matern_smooth_frac0p16_a3p55666_t2p38988,0.0009348440552705,0.0015874044773892,0.0010415816794884,0.0010421531304719,0.0010527440319037,0.0010130242949144,0.0009867569130775,0.0009932304778794,0.0009948294466029,0.0009801067200907,0.0009626532373202
darcy_binary_loss3targeted_20260611_16_matern_smooth_frac0p2_a3p63184_t2p95736,0.000718370222795,0.0013547501903021,0.00082886349019,0.0008357695251719,0.0008449521440608,0.0008117482210621,0.0007894075578798,0.0007966202651557,0.0008035721228619,0.0007893990667266,0.0007734712668868
darcy_binary_loss3targeted_20260611_24_matern_smooth_frac0p24_a4p16883_t1p66293,0.0005371410772106,0.001117546300657,0.0006316528678561,0.0006209114803291,0.0006376657848786,0.0006020500817219,0.0005824245977784,0.0005903238234378,0.0005939076217379,0.0005779823217061,0.0005629387676525
darcy_binary_loss3targeted_20260611_32_matern_smooth_frac0p12_a4p06817_t2p8029,0.0012621217663258,0.0019812570718655,0.0013928079594968,0.001401467232635,0.0014046089573175,0.0013632756385132,0.0013329475936846,0.0013379680401205,0.0013416961447509,0.0013263862139962,0.0013062745149328
darcy_binary_loss3targeted_20260611_40_matern_smooth_frac0p16_a4p67408_t1p27431,0.0010295920254251,0.001716289060418,0.0011554918292667,0.0011707298112711,0.0011771502004438,0.0011403653374142,0.0011146027551046,0.0011208396997131,0.0011273008114027,0.0011129845287634,0.0010944340368151
darcy_binary_loss3targeted_20260611_48_matern_smooth_frac0p2_a3p3086_t2p22775,0.0007366816317989,0.0013771701138032,0.0008620890490829,0.0008750848290605,0.0008870660842895,0.0008540652269554,0.0008328383178865,0.0008398556418746,0.0008459328780805,0.0008328479138982,0.0008153356057558
darcy_binary_loss3targeted_20260611_01_matern_fine_frac0p24_a1p77634_t11p8641,0.0004666594700048,0.0009503322754893,0.000549536121724,0.0005386658059166,0.000554296461943,0.0005295127769559,0.0005161616380864,0.0005227756308086,0.0005238755244345,0.000516437494758,0.0005047024611952
darcy_binary_loss3targeted_20260611_09_matern_fine_frac0p12_a1p37232_t13p3592,0.0011456258091291,0.0018405261631053,0.001277814157162,0.0012788482986319,0.0012869059861785,0.0012470254187603,0.0012172752747219,0.0012247922630281,0.0012238192901161,0.0012125433089067,0.0011902801473368
darcy_binary_loss3targeted_20260611_17_matern_fine_frac0p16_a1p05208_t9p11004,0.0008629653511078,0.0014960067624341,0.0009776819274388,0.0009742476539093,0.0009845161070763,0.0009477160367537,0.0009213182247806,0.0009286675235068,0.0009274789058629,0.0009169426596342,0.0008962434389308
darcy_binary_loss3targeted_20260611_25_matern_fine_frac0p2_a1p32486_t12p8246,0.0007034964572074,0.0012959413523649,0.0008145898018333,0.0008074659668976,0.0008216169830572,0.0007879719738337,0.0007658787690592,0.0007735905825941,0.0007736090448889,0.0007634087515052,0.0007452596946035
darcy_binary_loss3targeted_20260611_33_matern_fine_frac0p24_a1p77702_t7p67384,0.0005322670608593,0.001104398774042,0.0006339566820842,0.0006263541941669,0.0006402074390019,0.0006109820531442,0.0005923833127301,0.0006000726877168,0.0006036001649805,0.0005920882820734,0.0005779312474094
darcy_binary_loss3targeted_20260611_41_matern_fine_frac0p12_a1p13343_t8p3613,0.0011516666912242,0.0018374477270119,0.0012794424940575,0.0012814176682987,0.0012894452248753,0.0012489715638632,0.0012193676041384,0.0012263214807413,0.0012256525250053,0.0012136516774504,0.0011921284541439
darcy_binary_loss3targeted_20260611_49_matern_fine_frac0p16_a1p39654_t9p9182,0.0008257076308348,0.0014592389123408,0.0009416938373905,0.0009346816655154,0.0009431925097393,0.0009058886370703,0.0008799585996318,0.0008864018977343,0.0008860142329198,0.0008744922929026,0.0008550341514286
darcy_binary_loss3targeted_20260611_02_highpass_grf_frac0p2_a1p39914_t8p09047,0.0006490427148373,0.0012410104292766,0.0007567551343302,0.0007458262808528,0.0007599432102473,0.0007253284968427,0.0007016992247873,0.0007099824929366,0.0007082236347576,0.0006986685221661,0.0006779226641788
darcy_binary_loss3targeted_20260611_10_highpass_grf_frac0p24_a1p11037_t11p7271,0.0003372161109663,0.0008540717772269,0.00043230284405,0.0004105424783167,0.0004266747327977,0.0003982520701732,0.0003806076625975,0.0003887861522637,0.0003862859036792,0.0003801377640311,0.0003619116916451
darcy_binary_loss3targeted_20260611_18_highpass_grf_frac0p12_a1p26489_t6p96292,0.0010776172504202,0.0017608079683212,0.0012050184582201,0.0012026878601274,0.0012104777329688,0.0011697692166823,0.0011398044485651,0.0011468156697821,0.0011447982827065,0.0011336522414411,0.0011110907885142
darcy_binary_loss3targeted_20260611_26_highpass_grf_frac0p16_a1p59204_t12p8363,0.00096945023971,0.0016141514953408,0.0010886994124198,0.0010819411516701,0.0010932365453055,0.0010548020275861,0.0010277122906446,0.0010354275393701,0.0010339699034048,0.001022773806582,0.0010012784733251
darcy_binary_loss3targeted_20260611_34_highpass_grf_frac0p2_a1p38501_t10p2829,0.0005487049634766,0.0011356220513516,0.0006609394812293,0.000645908198052,0.0006597411079608,0.0006255520128525,0.0006028640564686,0.0006110740741091,0.0006093069251231,0.0006001654793008,0.0005797764255102
darcy_binary_loss3targeted_20260611_42_highpass_grf_frac0p24_a1p18205_t11p6872,0.0003509766369409,0.0008637840286806,0.0004434021533911,0.0004214074671626,0.0004369823629344,0.0004088315913864,0.0003912174457628,0.0003995505134474,0.0003970140775283,0.0003908630820319,0.0003726189331405
darcy_binary_loss3targeted_20260611_03_bandpass_grf_frac0p16_a2p16503_t3p04694,0.0008978793719268,0.0015431232883773,0.0010132990570249,0.0010201512865586,0.0010284190540367,0.0009926218765156,0.0009673619852845,0.0009742378629147,0.0009776649456152,0.0009647860486204,0.0009464371850824
darcy_binary_loss3targeted_20260611_11_bandpass_grf_frac0p2_a1p80507_t4p09153,0.0005905170835778,0.0011598434468315,0.0006884557647885,0.0006843221331768,0.0006973683374382,0.0006648940073585,0.0006429115143327,0.0006505249947582,0.0006507015637891,0.0006405110360443,0.000622402704548
darcy_binary_loss3targeted_20260611_19_bandpass_grf_frac0p24_a2p18225_t4p94437,0.0006419284806556,0.0012020352206941,0.0007387671772602,0.0007154758019264,0.0007266562449242,0.0006970596943336,0.0006774325244982,0.0006854436473618,0.0006862431774146,0.0006760678220366,0.0006609887048734
darcy_binary_loss3targeted_20260611_27_bandpass_grf_frac0p12_a1p8965_t7p66724,0.0011533347201181,0.0018390206174121,0.0012820012615884,0.0012821665117791,0.0012885855366026,0.0012490483888927,0.0012196127063735,0.0012268865241115,0.0012267036974662,0.0012144577612938,0.0011936416786781
darcy_binary_loss3targeted_20260611_35_bandpass_grf_frac0p16_a1p27246_t5p44182,0.0009738938983959,0.0016130809164324,0.0010905424406856,0.0010859168023803,0.0010972709853827,0.0010598843420778,0.0010340468953868,0.0010413359190635,0.0010405513155644,0.0010292352497005,0.0010091764636404
darcy_binary_loss3targeted_20260611_43_bandpass_grf_frac0p2_a1p22554_t2p62907,0.0007745512366367,0.0013898270658341,0.0008964245546308,0.0008814973048442,0.0008965699786884,0.000862920418869,0.0008417537584054,0.0008501454634268,0.0008490945117546,0.0008400966662214,0.0008210912362412
darcy_binary_loss3targeted_20260611_04_wave_mix_frac0p12_a2p34332_t2p21748,0.0015262753256142,0.0022281746998357,0.0016578524471517,0.0016507522775042,0.0016564016903417,0.0016139938161651,0.0015827661789055,0.0015886101186925,0.001587626764491,0.0015740311626382,0.0015525922174528
darcy_binary_loss3targeted_20260611_12_wave_mix_frac0p16_a2p26209_t4p32867,0.0012737423037243,0.0019287209892537,0.0013918132594329,0.0013856067379046,0.0013949591326566,0.0013561157619015,0.0013281012870151,0.0013351752094547,0.0013344158509575,0.0013222040758672,0.0013011548472885
darcy_binary_loss3targeted_20260611_20_wave_mix_frac0p2_a2p69422_t4p60678,0.0009984620979017,0.0016033027872022,0.0011099556784927,0.0011007680240303,0.0011156424180114,0.0010792469423118,0.0010554974907002,0.0010631217294405,0.0010620697349131,0.0010507675866598,0.0010301912986557
darcy_binary_loss3targeted_20260611_28_wave_mix_frac0p24_a1p71757_t2p96649,0.0008773453406039,0.0014339571814292,0.0009752672839352,0.0009598932223049,0.0009759444554661,0.0009428823898984,0.0009216556289181,0.0009296243618488,0.0009292652155721,0.0009179425862466,0.0008994486149226
darcy_binary_loss3targeted_20260611_36_wave_mix_frac0p12_a1p72323_t5p41614,0.0014885398557543,0.0022083070929482,0.0016294634028102,0.001618853644327,0.001625410336309,0.0015837972827686,0.0015529342396219,0.0015601907316749,0.0015599267222817,0.0015478681248423,0.0015267347634914
darcy_binary_loss3targeted_20260611_44_wave_mix_frac0p16_a1p82574_t5p31661,0.0012260057636402,0.0018890064287025,0.0013481371974865,0.001336094529798,0.0013436979966918,0.0013041408961879,0.001275713693268,0.0012816803925874,0.0012812960646435,0.0012677659815997,0.0012477381249283
darcy_binary_loss3targeted_20260611_05_blocky_tiles_frac0p24_a3p85379_t3p60021,0.0005991568039743,0.0011406268284205,0.0006894455620483,0.0006898681249567,0.0007013434161569,0.0006764336482008,0.0006585664694431,0.000665592579297,0.000667580035657,0.00065931343033,0.0006467942720839
darcy_binary_loss3targeted_20260611_13_blocky_tiles_frac0p12_a2p00536_t4p79207,0.0014096400996037,0.0021036196123912,0.0015363947828152,0.0015353108214079,0.0015425695277363,0.0015025240474619,0.0014726275440996,0.0014791044313263,0.0014782003829052,0.001466692856285,0.0014455033043205
darcy_binary_loss3targeted_20260611_21_blocky_tiles_frac0p16_a3p29541_t4p96638,0.001174502655204,0.0018291795608838,0.001294309710846,0.0012897566464055,0.0012989870588449,0.0012604354240582,0.0012334367749424,0.0012397792592146,0.0012400404102842,0.0012274487029556,0.0012077110492344
darcy_binary_loss3targeted_20260611_29_blocky_tiles_frac0p2_a2p06162_t2p29776,0.0010754033768876,0.0016997085895126,0.0011933510174138,0.0011868117392027,0.0012010693555322,0.0011662305260094,0.0011427640691692,0.0011506108684693,0.0011511837362048,0.0011400429572826,0.0011212479870326
darcy_binary_loss3targeted_20260611_37_blocky_tiles_frac0p24_a2p23756_t3p79868,0.0007798103743209,0.0013389541437417,0.0008814144753634,0.0008680997926703,0.0008848764409934,0.0008523654087371,0.0008324521569188,0.0008401159378171,0.000839629839402,0.0008294332038291,0.0008116279396796
darcy_binary_loss3targeted_20260611_45_blocky_tiles_frac0p12_a2p72728_t2p09368,0.0013751655453758,0.0020737816677457,0.0015049849837709,0.0015037161356745,0.0015097483178957,0.0014698715427003,0.0014399399197964,0.0014466340293007,0.0014464307123301,0.0014349637022082,0.0014144511946325
darcy_binary_loss3targeted_20260611_06_rectangles_frac0p2_a1p44134_t6p32822,0.0007340426875132,0.0013236592422335,0.0008414563157989,0.0008245223279553,0.0008377250948298,0.0008036691343094,0.0007802378225594,0.0007890838170072,0.0007875578237073,0.0007784249200561,0.0007581990592755
darcy_binary_loss3targeted_20260611_14_rectangles_frac0p24_a1p67693_t9p58326,0.0010341423794215,0.0016157500981297,0.0011574686175514,0.0011192555058609,0.001132157207559,0.0011003820799414,0.0010796424475233,0.0010884982073484,0.0010862883776095,0.0010790328887162,0.0010598016861305
darcy_binary_loss3targeted_20260611_22_rectangles_frac0p12_a1p43234_t10p2242,0.001669432697085,0.002396635477271,0.0018145502890595,0.001791837934203,0.001797991951105,0.0017551916193442,0.0017236148399498,0.0017315391683773,0.0017286042408164,0.0017178513252531,0.0016943754735877
darcy_binary_loss3targeted_20260611_30_rectangles_frac0p16_a1p24225_t5p53206,0.0013737565310129,0.0020362622396057,0.001499328269279,0.0014665927323517,0.0014725908500162,0.0014335249105106,0.0014053438164256,0.0014135659095607,0.0014102961472994,0.0014006843263141,0.0013791302700794
darcy_binary_loss3targeted_20260611_38_rectangles_frac0p2_a1p49751_t8p36934,0.0011969292840612,0.0018142237671208,0.001317113835268,0.0012861328817755,0.0012985882385099,0.0012627449433313,0.0012379122565467,0.001246773381608,0.0012445922382677,0.0012360709663441,0.0012151378021527
darcy_binary_loss3targeted_20260611_46_rectangles_frac0p24_a1p57209_t7p6296,0.0008233383246525,0.0013940893567534,0.0009419497208708,0.0009107561403215,0.0009263600660609,0.0008952382820077,0.0008759707038983,0.0008854245560072,0.0008842190358709,0.000876537064523,0.0008582209541808
darcy_binary_loss3targeted_20260611_07_cellular_blobs_frac0p16_a1p97385_t4p60937,0.0013091841807166,0.0019617465640685,0.0014399939169786,0.0014284755977057,0.0014394455437633,0.0014016998048235,0.0013754306057755,0.0013833003575194,0.0013827436704185,0.0013720320113883,0.0013518123893547
darcy_binary_loss3targeted_20260611_15_cellular_blobs_frac0p2_a3p27206_t2p59767,0.0009591818196355,0.0015717418545694,0.0010727238941282,0.0010526756076606,0.0010638441783694,0.0010295154014478,0.0010060843230499,0.0010155652546209,0.0010160479706844,0.0010058126651151,0.0009883048467175
darcy_binary_loss3targeted_20260611_23_cellular_blobs_frac0p24_a2p77492_t4p18018,0.0008617253007037,0.0014614395660416,0.0009861050493054,0.0009674326594864,0.000982647585141,0.0009518736827948,0.0009326506241571,0.0009419074068985,0.0009441313237364,0.0009337830475111,0.0009171822872094
darcy_binary_loss3targeted_20260611_31_cellular_blobs_frac0p12_a2p19293_t5p77748,0.0013994956244571,0.0020871523290541,0.0015293877597582,0.001524873797153,0.0015318372462525,0.001491643712672,0.0014625502851104,0.0014696954373209,0.0014690376971126,0.0014572743483458,0.0014365806652808
darcy_binary_loss3targeted_20260611_39_cellular_blobs_frac0p16_a3p47176_t5p78996,0.0012249803417463,0.0018680491851596,0.0013400525716526,0.0013209819899352,0.0013308496864829,0.0012938011743157,0.0012676589314209,0.001276246607465,0.0012755219384106,0.0012657267322529,0.0012457041279374
darcy_binary_loss3targeted_20260611_47_cellular_blobs_frac0p2_a3p35513_t6p18204,0.0011377053827078,0.0017584127173584,0.0012589616513091,0.0012419699345341,0.001254006551444,0.0012180868339209,0.0011933265187962,0.0012013236849278,0.0012012787895087,0.0011897885978301,0.0011706561269306
