scope,metric_a,metric_b,n,pearson,spearman
all_six_150,attack_loss_increase,clean_residual_mse_recomputed,150,0.8086606906400049,0.8298946619849772
all_six_150,attack_loss_increase,error_spectral_norm,150,0.6937648130226127,0.8312031645850927
all_six_150,attack_loss_increase,error_fro_norm_comparable,150,0.8039270852484587,0.8727125650028891
all_six_150,attack_loss_increase,bias_gradient_norm,150,0.8997260377934891,0.8975563358371483
all_six_150,attack_loss_increase,solver_subspace_mismatch_top20_right,150,0.5916908458915116,0.7374567758567048
all_six_150,attack_loss_increase,solver_subspace_mismatch_top20_left,150,0.7788069958313701,0.8151668963065025
all_six_150,attack_loss_increase,delta_top_error_sv_abs_cos,148,0.2670848052153106,0.19061809378204395
all_six_150,attack_loss_increase,attack_delta_outward_abs_cos,148,-0.08152287888708183,0.09891277388880458
all_six_150,attack_loss_increase,svd_outward_abs_cos,150,0.3721179770798563,0.2728779056846971
all_six_150,attack_loss_increase,j_error_delta_l2,48,0.88257066434508,0.9004559270516718
all_six_150,clean_residual_mse_recomputed,error_spectral_norm,150,0.6186856459990211,0.9101755633583715
all_six_150,clean_residual_mse_recomputed,error_fro_norm_comparable,150,0.7016061505280884,0.9461736077158985
all_six_150,clean_residual_mse_recomputed,bias_gradient_norm,150,0.9141616705006638,0.9666331836970532
all_six_150,clean_residual_mse_recomputed,solver_subspace_mismatch_top20_right,150,0.48706221777662,0.6310698253255701
all_six_150,clean_residual_mse_recomputed,solver_subspace_mismatch_top20_left,150,0.6684201301493089,0.7796702075647806
all_six_150,clean_residual_mse_recomputed,delta_top_error_sv_abs_cos,148,0.19217321311200394,-0.011812524755957165
all_six_150,clean_residual_mse_recomputed,attack_delta_outward_abs_cos,148,0.02721451942686179,0.227188426613163
all_six_150,clean_residual_mse_recomputed,svd_outward_abs_cos,150,0.2814083631811,0.10716031823636606
all_six_150,clean_residual_mse_recomputed,j_error_delta_l2,48,0.7694155432338925,0.8482414242292661
all_six_150,error_spectral_norm,error_fro_norm_comparable,150,0.9574469995849443,0.9731259167074093
all_six_150,error_spectral_norm,bias_gradient_norm,150,0.676093197555995,0.9422480999155518
all_six_150,error_spectral_norm,solver_subspace_mismatch_top20_right,150,0.6580785814177444,0.6824641095159785
all_six_150,error_spectral_norm,solver_subspace_mismatch_top20_left,150,0.7660361021244574,0.7949704431308058
all_six_150,error_spectral_norm,delta_top_error_sv_abs_cos,148,0.02251497452551891,0.0007662778516086283
all_six_150,error_spectral_norm,attack_delta_outward_abs_cos,148,0.15057118791634333,0.22178746339820166
all_six_150,error_spectral_norm,svd_outward_abs_cos,150,0.21147217007339494,0.1461344948664385
all_six_150,error_spectral_norm,j_error_delta_l2,48,0.7951527719241827,0.8051454624402953
all_six_150,error_fro_norm_comparable,bias_gradient_norm,150,0.7820059488661266,0.9793057469220855
all_six_150,error_fro_norm_comparable,solver_subspace_mismatch_top20_right,150,0.7081590619447067,0.7191661851637852
all_six_150,error_fro_norm_comparable,solver_subspace_mismatch_top20_left,150,0.834200774878033,0.83422907684786
all_six_150,error_fro_norm_comparable,delta_top_error_sv_abs_cos,148,0.06447432336874054,0.026201519969496965
all_six_150,error_fro_norm_comparable,attack_delta_outward_abs_cos,148,0.13151439112625052,0.23497706719183234
all_six_150,error_fro_norm_comparable,svd_outward_abs_cos,150,0.23453894170781123,0.16537446108715945
all_six_150,error_fro_norm_comparable,j_error_delta_l2,48,0.873020702594143,0.8860182370820668
all_six_150,bias_gradient_norm,solver_subspace_mismatch_top20_right,150,0.5262429277726918,0.7035601582292547
all_six_150,bias_gradient_norm,solver_subspace_mismatch_top20_left,150,0.7468207667074583,0.8327250100004445
all_six_150,bias_gradient_norm,delta_top_error_sv_abs_cos,148,0.19004199763947416,0.03981683368068796
all_six_150,bias_gradient_norm,attack_delta_outward_abs_cos,148,-0.07724196947863081,0.21199613529431366
all_six_150,bias_gradient_norm,svd_outward_abs_cos,150,0.35579935397426277,0.1770407573669941
all_six_150,bias_gradient_norm,j_error_delta_l2,48,0.8303167969602329,0.8820017368649588
all_six_150,solver_subspace_mismatch_top20_right,solver_subspace_mismatch_top20_left,150,0.8766223683854114,0.8983670385350461
all_six_150,solver_subspace_mismatch_top20_right,delta_top_error_sv_abs_cos,148,0.15249127239255295,0.15125658462187708
all_six_150,solver_subspace_mismatch_top20_right,attack_delta_outward_abs_cos,148,0.17872493283216923,0.20474796121967748
all_six_150,solver_subspace_mismatch_top20_right,svd_outward_abs_cos,150,0.204943428203837,0.2002595670918708
all_six_150,solver_subspace_mismatch_top20_right,j_error_delta_l2,48,0.7965346645843716,0.8167607468519323
all_six_150,solver_subspace_mismatch_top20_left,delta_top_error_sv_abs_cos,148,0.1630571893326371,0.13612722433431926
all_six_150,solver_subspace_mismatch_top20_left,attack_delta_outward_abs_cos,148,0.07023301958755375,0.1526484709610309
all_six_150,solver_subspace_mismatch_top20_left,svd_outward_abs_cos,150,0.26812285878834785,0.23507000311124943
all_six_150,solver_subspace_mismatch_top20_left,j_error_delta_l2,48,0.8702667803446356,0.8755970473295702
all_six_150,delta_top_error_sv_abs_cos,attack_delta_outward_abs_cos,148,0.06925179547410625,0.032864805635658946
all_six_150,delta_top_error_sv_abs_cos,svd_outward_abs_cos,148,0.645426155573214,0.580338865094378
all_six_150,delta_top_error_sv_abs_cos,j_error_delta_l2,48,0.41800563186204315,0.357251411202779
all_six_150,attack_delta_outward_abs_cos,svd_outward_abs_cos,148,-0.12365645626763903,-0.11518599821572019
all_six_150,attack_delta_outward_abs_cos,j_error_delta_l2,48,0.17612762009516647,0.18975249674337819
all_six_150,svd_outward_abs_cos,j_error_delta_l2,48,0.45868844013421894,0.4262917933130699
old_four_100,attack_loss_increase,clean_residual_mse_recomputed,100,0.5426400198128467,0.797023702370237
old_four_100,attack_loss_increase,error_spectral_norm,100,0.6371899321401345,0.7778097809780976
old_four_100,attack_loss_increase,error_fro_norm_comparable,100,0.6663418957621837,0.8099609960996099
old_four_100,attack_loss_increase,bias_gradient_norm,100,0.7453075693594506,0.8507050705070505
old_four_100,attack_loss_increase,solver_subspace_mismatch_top20_right,100,0.5199575919684004,0.6974377437743774
old_four_100,attack_loss_increase,solver_subspace_mismatch_top20_left,100,0.5626870554455612,0.7272487248724873
old_four_100,attack_loss_increase,delta_top_error_sv_abs_cos,100,0.15121688299147698,0.1481068106810681
old_four_100,attack_loss_increase,attack_delta_outward_abs_cos,100,0.29954448282003265,0.333045304530453
old_four_100,attack_loss_increase,svd_outward_abs_cos,100,0.16619855327793576,0.1547434743474347
old_four_100,attack_loss_increase,j_error_delta_l2,0,,
old_four_100,clean_residual_mse_recomputed,error_spectral_norm,100,0.8417811346356977,0.9425142514251424
old_four_100,clean_residual_mse_recomputed,error_fro_norm_comparable,100,0.8286010130249697,0.9785058505850585
old_four_100,clean_residual_mse_recomputed,bias_gradient_norm,100,0.8861258468306191,0.9773657365736572
old_four_100,clean_residual_mse_recomputed,solver_subspace_mismatch_top20_right,100,0.4121648164223034,0.5491029102910291
old_four_100,clean_residual_mse_recomputed,solver_subspace_mismatch_top20_left,100,0.5391250669009104,0.6747914791479147
old_four_100,clean_residual_mse_recomputed,delta_top_error_sv_abs_cos,100,-0.060679085568102205,-0.10187818781878187
old_four_100,clean_residual_mse_recomputed,attack_delta_outward_abs_cos,100,0.46763951252546937,0.47344734473447336
old_four_100,clean_residual_mse_recomputed,svd_outward_abs_cos,100,0.00589862905493847,-0.04384038403840383
old_four_100,clean_residual_mse_recomputed,j_error_delta_l2,0,,
old_four_100,error_spectral_norm,error_fro_norm_comparable,100,0.9672396270050356,0.9732853285328531
old_four_100,error_spectral_norm,bias_gradient_norm,100,0.8893526204784098,0.9466306630663065
old_four_100,error_spectral_norm,solver_subspace_mismatch_top20_right,100,0.5509172968253628,0.5852385238523852
old_four_100,error_spectral_norm,solver_subspace_mismatch_top20_left,100,0.6448336203901998,0.7013021302130212
old_four_100,error_spectral_norm,delta_top_error_sv_abs_cos,100,-0.0888733296560818,-0.061626162616261616
old_four_100,error_spectral_norm,attack_delta_outward_abs_cos,100,0.42629999643746974,0.4223102310231022
old_four_100,error_spectral_norm,svd_outward_abs_cos,100,-0.023634885889634694,-0.024950495049504952
old_four_100,error_spectral_norm,j_error_delta_l2,0,,
old_four_100,error_fro_norm_comparable,bias_gradient_norm,100,0.9130115293655824,0.9788298829882986
old_four_100,error_fro_norm_comparable,solver_subspace_mismatch_top20_right,100,0.6059262972239824,0.6354035403540352
old_four_100,error_fro_norm_comparable,solver_subspace_mismatch_top20_left,100,0.6677918637019512,0.7329732973297328
old_four_100,error_fro_norm_comparable,delta_top_error_sv_abs_cos,100,-0.11931084730864079,-0.07522352235223523
old_four_100,error_fro_norm_comparable,attack_delta_outward_abs_cos,100,0.49142665708892114,0.4849564956495649
old_four_100,error_fro_norm_comparable,svd_outward_abs_cos,100,-0.04636180434401393,-0.026306630663066304
old_four_100,error_fro_norm_comparable,j_error_delta_l2,0,,
old_four_100,bias_gradient_norm,solver_subspace_mismatch_top20_right,100,0.5335837489753942,0.6243624362436243
old_four_100,bias_gradient_norm,solver_subspace_mismatch_top20_left,100,0.6036895541579723,0.7291329132913289
old_four_100,bias_gradient_norm,delta_top_error_sv_abs_cos,100,-0.023986879889113136,-0.05748574857485748
old_four_100,bias_gradient_norm,attack_delta_outward_abs_cos,100,0.4502984663869746,0.4666546654665466
old_four_100,bias_gradient_norm,svd_outward_abs_cos,100,0.08509378112490362,-0.003828382838283828
old_four_100,bias_gradient_norm,j_error_delta_l2,0,,
old_four_100,solver_subspace_mismatch_top20_right,solver_subspace_mismatch_top20_left,100,0.897571913636431,0.9023222322232222
old_four_100,solver_subspace_mismatch_top20_right,delta_top_error_sv_abs_cos,100,0.09704768388147973,0.13306930693069308
old_four_100,solver_subspace_mismatch_top20_right,attack_delta_outward_abs_cos,100,0.35075684772437454,0.3082148214821482
old_four_100,solver_subspace_mismatch_top20_right,svd_outward_abs_cos,100,0.1143034729304379,0.1242364236423642
old_four_100,solver_subspace_mismatch_top20_right,j_error_delta_l2,0,,
old_four_100,solver_subspace_mismatch_top20_left,delta_top_error_sv_abs_cos,100,0.06383396080365449,0.07890789078907891
old_four_100,solver_subspace_mismatch_top20_left,attack_delta_outward_abs_cos,100,0.37350138370363545,0.35537953795379534
old_four_100,solver_subspace_mismatch_top20_left,svd_outward_abs_cos,100,0.04892513257087994,0.0863126312631263
old_four_100,solver_subspace_mismatch_top20_left,j_error_delta_l2,0,,
old_four_100,delta_top_error_sv_abs_cos,attack_delta_outward_abs_cos,100,0.10001299063156414,0.04786078607860785
old_four_100,delta_top_error_sv_abs_cos,svd_outward_abs_cos,100,0.6703722090788605,0.48866486648664864
old_four_100,delta_top_error_sv_abs_cos,j_error_delta_l2,0,,
old_four_100,attack_delta_outward_abs_cos,svd_outward_abs_cos,100,-0.05394178487551507,-0.10769876987698768
old_four_100,attack_delta_outward_abs_cos,j_error_delta_l2,0,,
old_four_100,svd_outward_abs_cos,j_error_delta_l2,0,,
random_two_50,attack_loss_increase,clean_residual_mse_recomputed,50,0.7885982318249081,0.8655462184873949
random_two_50,attack_loss_increase,error_spectral_norm,50,0.7697527671982782,0.8258823529411765
random_two_50,attack_loss_increase,error_fro_norm_comparable,50,0.859155787079536,0.8962785114045618
random_two_50,attack_loss_increase,bias_gradient_norm,50,0.8843522651019443,0.9113565426170468
random_two_50,attack_loss_increase,solver_subspace_mismatch_top20_right,50,0.7797520040052286,0.8260744297719088
random_two_50,attack_loss_increase,solver_subspace_mismatch_top20_left,50,0.9049474820786849,0.9146218487394957
random_two_50,attack_loss_increase,delta_top_error_sv_abs_cos,48,0.1741255893599022,0.09476769431176725
random_two_50,attack_loss_increase,attack_delta_outward_abs_cos,48,-0.02210494334281631,0.04190186712983066
random_two_50,attack_loss_increase,svd_outward_abs_cos,50,0.3872743665851234,0.3397358943577431
random_two_50,attack_loss_increase,j_error_delta_l2,48,0.88257066434508,0.9004559270516718
random_two_50,clean_residual_mse_recomputed,error_spectral_norm,50,0.6474048494473584,0.8011044417767106
random_two_50,clean_residual_mse_recomputed,error_fro_norm_comparable,50,0.7073825979401035,0.8909003601440576
random_two_50,clean_residual_mse_recomputed,bias_gradient_norm,50,0.8940700888149198,0.9592797118847539
random_two_50,clean_residual_mse_recomputed,solver_subspace_mismatch_top20_right,50,0.6554839097237599,0.7662424969987995
random_two_50,clean_residual_mse_recomputed,solver_subspace_mismatch_top20_left,50,0.7529351440135943,0.9158703481392556
random_two_50,clean_residual_mse_recomputed,delta_top_error_sv_abs_cos,48,0.16164983717908166,-0.02138514980460269
random_two_50,clean_residual_mse_recomputed,attack_delta_outward_abs_cos,48,0.12035506056835482,0.09531046461137647
random_two_50,clean_residual_mse_recomputed,svd_outward_abs_cos,50,0.3027330428569186,0.23399759903961587
random_two_50,clean_residual_mse_recomputed,j_error_delta_l2,48,0.7694155432338925,0.8482414242292661
random_two_50,error_spectral_norm,error_fro_norm_comparable,50,0.9552535227544284,0.946314525810324
random_two_50,error_spectral_norm,bias_gradient_norm,50,0.7545986819994744,0.8711164465786313
random_two_50,error_spectral_norm,solver_subspace_mismatch_top20_right,50,0.7805408402707988,0.7809363745498198
random_two_50,error_spectral_norm,solver_subspace_mismatch_top20_left,50,0.8413611707124321,0.8434573829531812
random_two_50,error_spectral_norm,delta_top_error_sv_abs_cos,48,-0.05149909397616059,-0.08738601823708206
random_two_50,error_spectral_norm,attack_delta_outward_abs_cos,48,0.03051251075435855,0.06990881458966565
random_two_50,error_spectral_norm,svd_outward_abs_cos,50,0.35764328690415104,0.35164465786314525
random_two_50,error_spectral_norm,j_error_delta_l2,48,0.7951527719241827,0.8051454624402953
random_two_50,error_fro_norm_comparable,bias_gradient_norm,50,0.8300900387909371,0.9551500600240095
random_two_50,error_fro_norm_comparable,solver_subspace_mismatch_top20_right,50,0.8464619137489346,0.8442256902761105
random_two_50,error_fro_norm_comparable,solver_subspace_mismatch_top20_left,50,0.9340813513424797,0.9280672268907562
random_two_50,error_fro_norm_comparable,delta_top_error_sv_abs_cos,48,0.01714200672448097,0.0007598784194528875
random_two_50,error_fro_norm_comparable,attack_delta_outward_abs_cos,48,0.04198352849389445,0.09281372123317412
random_two_50,error_fro_norm_comparable,svd_outward_abs_cos,50,0.3506363435139214,0.35327731092436976
random_two_50,error_fro_norm_comparable,j_error_delta_l2,48,0.873020702594143,0.8860182370820668
random_two_50,bias_gradient_norm,solver_subspace_mismatch_top20_right,50,0.7106575424700015,0.8077310924369748
random_two_50,bias_gradient_norm,solver_subspace_mismatch_top20_left,50,0.8798229485775938,0.9422809123649459
random_two_50,bias_gradient_norm,delta_top_error_sv_abs_cos,48,0.10451466632113662,0.0007598784194528875
random_two_50,bias_gradient_norm,attack_delta_outward_abs_cos,48,-0.009254624655987117,0.05264871906209292
random_two_50,bias_gradient_norm,svd_outward_abs_cos,50,0.3987907368616962,0.345594237695078
random_two_50,bias_gradient_norm,j_error_delta_l2,48,0.8303167969602329,0.8820017368649588
random_two_50,solver_subspace_mismatch_top20_right,solver_subspace_mismatch_top20_left,50,0.8772502063455053,0.8973349339735894
random_two_50,solver_subspace_mismatch_top20_right,delta_top_error_sv_abs_cos,48,0.08875113865760483,0.0740338688666956
random_two_50,solver_subspace_mismatch_top20_right,attack_delta_outward_abs_cos,48,0.10046139267941827,0.1419887103777681
random_two_50,solver_subspace_mismatch_top20_right,svd_outward_abs_cos,50,0.21904724958971802,0.2292917166866747
random_two_50,solver_subspace_mismatch_top20_right,j_error_delta_l2,48,0.7965346645843716,0.8167607468519323
random_two_50,solver_subspace_mismatch_top20_left,delta_top_error_sv_abs_cos,48,0.07713458494989722,0.061984368215371254
random_two_50,solver_subspace_mismatch_top20_left,attack_delta_outward_abs_cos,48,-0.03115287807529655,0.05243161094224924
random_two_50,solver_subspace_mismatch_top20_left,svd_outward_abs_cos,50,0.3600986914663969,0.32129651860744296
random_two_50,solver_subspace_mismatch_top20_left,j_error_delta_l2,48,0.8702667803446356,0.8755970473295702
random_two_50,delta_top_error_sv_abs_cos,attack_delta_outward_abs_cos,48,0.20643534968932017,0.1971341728180634
random_two_50,delta_top_error_sv_abs_cos,svd_outward_abs_cos,48,0.5297922271060378,0.5575336517585757
random_two_50,delta_top_error_sv_abs_cos,j_error_delta_l2,48,0.41800563186204315,0.357251411202779
random_two_50,attack_delta_outward_abs_cos,svd_outward_abs_cos,48,-0.08264819395101994,-0.01801997394702562
random_two_50,attack_delta_outward_abs_cos,j_error_delta_l2,48,0.17612762009516647,0.18975249674337819
random_two_50,svd_outward_abs_cos,j_error_delta_l2,48,0.45868844013421894,0.4262917933130699
generalization_all_six_126,attack_loss_increase,clean_residual_mse_recomputed,126,0.8324303297252109,0.825811773528309
generalization_all_six_126,attack_loss_increase,error_spectral_norm,126,0.6377148495523367,0.7862827146606675
generalization_all_six_126,attack_loss_increase,error_fro_norm_comparable,126,0.7803677610634573,0.830719160104987
generalization_all_six_126,attack_loss_increase,bias_gradient_norm,126,0.9253770587554909,0.875761529808774
generalization_all_six_126,attack_loss_increase,solver_subspace_mismatch_top20_right,126,0.5583062965464648,0.6707431571053618
generalization_all_six_126,attack_loss_increase,solver_subspace_mismatch_top20_left,126,0.771086003983956,0.7587821522309711
generalization_all_six_126,attack_loss_increase,delta_top_error_sv_abs_cos,126,0.390246991399176,0.2634660667416573
generalization_all_six_126,attack_loss_increase,attack_delta_outward_abs_cos,126,-0.10286536387781144,0.05165054368203975
generalization_all_six_126,attack_loss_increase,svd_outward_abs_cos,126,0.41293256097139225,0.3296677915260593
generalization_all_six_126,attack_loss_increase,j_error_delta_l2,42,0.862165015744369,0.8795883639899521
generalization_all_six_126,clean_residual_mse_recomputed,error_spectral_norm,126,0.6132331598680919,0.9282369703787027
generalization_all_six_126,clean_residual_mse_recomputed,error_fro_norm_comparable,126,0.7145589758803191,0.9716955380577429
generalization_all_six_126,clean_residual_mse_recomputed,bias_gradient_norm,126,0.9140319584230574,0.9740352455943007
generalization_all_six_126,clean_residual_mse_recomputed,solver_subspace_mismatch_top20_right,126,0.4843401457784569,0.5578432695913011
generalization_all_six_126,clean_residual_mse_recomputed,solver_subspace_mismatch_top20_left,126,0.6679387884562091,0.7295118110236221
generalization_all_six_126,clean_residual_mse_recomputed,delta_top_error_sv_abs_cos,126,0.30629657364878277,0.10707761529808775
generalization_all_six_126,clean_residual_mse_recomputed,attack_delta_outward_abs_cos,126,0.04215276297207469,0.24727409073865772
generalization_all_six_126,clean_residual_mse_recomputed,svd_outward_abs_cos,126,0.365228264953529,0.23372178477690292
generalization_all_six_126,clean_residual_mse_recomputed,j_error_delta_l2,42,0.7827342856051147,0.8816951624665748
generalization_all_six_126,error_spectral_norm,error_fro_norm_comparable,126,0.9434361572660932,0.9633625796775404
generalization_all_six_126,error_spectral_norm,bias_gradient_norm,126,0.6534728901796576,0.926809148856393
generalization_all_six_126,error_spectral_norm,solver_subspace_mismatch_top20_right,126,0.6080179593274482,0.6161979752530935
generalization_all_six_126,error_spectral_norm,solver_subspace_mismatch_top20_left,126,0.7127385076812653,0.7341312335958006
generalization_all_six_126,error_spectral_norm,delta_top_error_sv_abs_cos,126,0.2043053388676688,0.10791751031121112
generalization_all_six_126,error_spectral_norm,attack_delta_outward_abs_cos,126,0.16700802724389716,0.24686014248218976
generalization_all_six_126,error_spectral_norm,svd_outward_abs_cos,126,0.30223634438596925,0.22622272215973008
generalization_all_six_126,error_spectral_norm,j_error_delta_l2,42,0.7581793680074063,0.7530183939713152
generalization_all_six_126,error_fro_norm_comparable,bias_gradient_norm,126,0.7912418102756699,0.9748571428571429
generalization_all_six_126,error_fro_norm_comparable,solver_subspace_mismatch_top20_right,126,0.6617499786920534,0.6493678290213724
generalization_all_six_126,error_fro_norm_comparable,solver_subspace_mismatch_top20_left,126,0.7980798285696216,0.7760659917510312
generalization_all_six_126,error_fro_norm_comparable,delta_top_error_sv_abs_cos,126,0.2550089626535103,0.12907686539182603
generalization_all_six_126,error_fro_norm_comparable,attack_delta_outward_abs_cos,126,0.13293751025127074,0.25950656167979
generalization_all_six_126,error_fro_norm_comparable,svd_outward_abs_cos,126,0.3424944655305808,0.24212673415823027
generalization_all_six_126,error_fro_norm_comparable,j_error_delta_l2,42,0.851497145307523,0.8645166518110364
generalization_all_six_126,bias_gradient_norm,solver_subspace_mismatch_top20_right,126,0.5249406138785175,0.6246029246344208
generalization_all_six_126,bias_gradient_norm,solver_subspace_mismatch_top20_left,126,0.755079014410714,0.7728863892013499
generalization_all_six_126,bias_gradient_norm,delta_top_error_sv_abs_cos,126,0.31420339302230654,0.15400974878140236
generalization_all_six_126,bias_gradient_norm,attack_delta_outward_abs_cos,126,-0.059991327167211665,0.21898762654668166
generalization_all_six_126,bias_gradient_norm,svd_outward_abs_cos,126,0.43461332415617093,0.27270491188601426
generalization_all_six_126,bias_gradient_norm,j_error_delta_l2,42,0.8424802156100508,0.8828295924155255
generalization_all_six_126,solver_subspace_mismatch_top20_right,solver_subspace_mismatch_top20_left,126,0.8558491527318567,0.8726599175103112
generalization_all_six_126,solver_subspace_mismatch_top20_right,delta_top_error_sv_abs_cos,126,0.302389383067292,0.21802774653168355
generalization_all_six_126,solver_subspace_mismatch_top20_right,attack_delta_outward_abs_cos,126,0.09729704439134897,0.1619527559055118
generalization_all_six_126,solver_subspace_mismatch_top20_right,svd_outward_abs_cos,126,0.298256612730486,0.23924109486314213
generalization_all_six_126,solver_subspace_mismatch_top20_right,j_error_delta_l2,42,0.787937069894266,0.8113605056316344
generalization_all_six_126,solver_subspace_mismatch_top20_left,delta_top_error_sv_abs_cos,126,0.3654598928556338,0.2378852643419573
generalization_all_six_126,solver_subspace_mismatch_top20_left,attack_delta_outward_abs_cos,126,0.01314548736629775,0.11146306711661044
generalization_all_six_126,solver_subspace_mismatch_top20_left,svd_outward_abs_cos,126,0.39915298757850887,0.3157735283089614
generalization_all_six_126,solver_subspace_mismatch_top20_left,j_error_delta_l2,42,0.8704949663537767,0.8818572238878535
generalization_all_six_126,delta_top_error_sv_abs_cos,attack_delta_outward_abs_cos,126,0.04584971243249957,0.02051443569553806
generalization_all_six_126,delta_top_error_sv_abs_cos,svd_outward_abs_cos,126,0.5135145244280822,0.492883389576303
generalization_all_six_126,delta_top_error_sv_abs_cos,j_error_delta_l2,42,0.5734723119857185,0.5214326229641034
generalization_all_six_126,attack_delta_outward_abs_cos,svd_outward_abs_cos,126,-0.17416021721760777,-0.14009748781402326
generalization_all_six_126,attack_delta_outward_abs_cos,j_error_delta_l2,42,0.251757477566056,0.2678064986629933
generalization_all_six_126,svd_outward_abs_cos,j_error_delta_l2,42,0.5218146568268164,0.5185155173810875
