model,relation,n,mean_abs_cos,median_abs_cos,mean_angle_deg,median_angle_deg
baseline,delta_vs_top_error_sv,25,0.3048802294200048,0.1940707236962388,70.72660683289729,78.80955702378178
baseline,delta_vs_outward,25,0.7934502819074498,0.8328220220329794,36.20615456440958,33.61027128920257
baseline,delta_vs_affine_eps,25,0.34048974584227765,0.264475520930873,68.3570375637158,74.66420949661689
baseline,delta_vs_top_error_sv_alt,25,0.3048802294200048,0.1940707236962388,70.72660683289729,78.80955702378178
loss1,delta_vs_top_error_sv,25,0.20905778571158906,0.1256274201186134,77.15434361743046,82.78301006537609
loss1,delta_vs_outward,25,0.8030559261195782,0.8149626326180698,35.932676220651715,35.41633274513254
loss1,delta_vs_affine_eps,25,0.22657706350032472,0.1297522151698858,76.11642580201247,82.54472598130569
loss1,delta_vs_top_error_sv_alt,25,0.20905778571158906,0.1256274201186134,77.15434361743046,82.78301006537609
loss2,delta_vs_top_error_sv,25,0.19651450681968324,0.1161096880827435,77.77173702684453,83.33236571270899
loss2,delta_vs_outward,25,0.7987143033470298,0.7943636526234099,35.92981111975696,37.40480770854081
loss2,delta_vs_affine_eps,25,0.20831415398962264,0.1387739260606387,77.05801468087208,82.02309515025378
loss2,delta_vs_top_error_sv_alt,25,0.19651450681968324,0.1161096880827435,77.77173702684453,83.33236571270899
loss3,delta_vs_top_error_sv,25,0.09145208733371703,0.0781590785927807,84.7392830794596,85.51724266570086
loss3,delta_vs_outward,25,0.7264578093864565,0.7608336506122841,42.71413615098247,40.462254098126955
loss3,delta_vs_affine_eps,25,0.10018238465719684,0.1000310473357192,84.23489738195751,84.25904167695228
loss3,delta_vs_top_error_sv_alt,25,0.09145208733371701,0.0781590785927807,84.7392830794596,85.51724266570086
