sample_index,pair,k,min_cos,mean_cos,max_angle_deg,mean_angle_deg
40,deeponet_vs_solver,1,0.09303922306467119,0.09303922306467119,84.66152430967038,84.66152430967038
40,deeponet_vs_solver,2,0.16347230721510478,0.20994913223442568,80.59150082209119,77.8667022838618
40,deeponet_vs_solver,4,0.15793390477110494,0.21599708558253744,80.91300703994673,77.51460163621624
40,deeponet_vs_solver,8,0.04477137534676313,0.1737592151371824,87.43393139174681,79.96173801022363
40,deeponet_vs_solver,16,0.0027345282211587497,0.12640430222146715,89.84332287870514,82.68831485939296
40,deeponet_vs_solver,32,0.0018447576991117733,0.14834890806481818,89.89430310966651,81.38419684474721
40,deeponet_vs_error,1,0.984834269091653,0.984834269091653,9.991247141887253,9.991247141887253
40,deeponet_vs_error,2,0.9619659649562736,0.9736686974501167,15.85294778164252,12.83260809341376
40,deeponet_vs_error,4,0.9601093933774675,0.9742501359154345,16.23780477078844,12.762982701324098
40,deeponet_vs_error,8,0.9584895258015292,0.9816605206646201,16.5664844543142,10.035693953385245
40,deeponet_vs_error,16,0.9292850054977987,0.9841984402523032,21.676366657525712,7.51278979227263
40,deeponet_vs_error,32,0.09695803670556594,0.9254648141176041,84.43597259896535,11.268787425245804
40,solver_vs_error,1,0.005050689501472874,0.005050689501472874,89.7106155775854,89.7106155775854
40,solver_vs_error,2,0.0015677685800444818,0.008110872899196854,89.91017344031279,89.5352661700851
40,solver_vs_error,4,0.00022560741412875322,0.008669620974336104,89.98707364723391,89.50324806674391
40,solver_vs_error,8,0.0003244263400354312,0.014770175214664373,89.98141173962702,89.15360550047888
40,solver_vs_error,16,0.0007874076829020499,0.044450948039923485,89.95488485835156,87.44403465195967
40,solver_vs_error,32,0.0004931735189006462,0.20018310294114128,89.97174323765394,76.91456121473463
