case,condition_index,seed,framework,first_run_seconds,second_run_seconds,sampled_process_gpu_peak_mib,sampled_global_gpu_peak_delta_mib,sampled_global_gpu_peak_mib,torch_peak_allocated_mib,torch_peak_reserved_mib,max_abs_vs_other,mae_vs_other,rmse_vs_other,relative_l2_vs_other
ns_2d,0,2026,pytorch_solvers_py,2.903708340949379,2.6931097330525517,0.0,62.0,561.0,31.3232421875,56.0,2.0503997802734375e-05,1.68945996392722e-06,2.6009151952166576e-06,4.01151601181482e-06
ns_2d,0,2026,jax_exponax,1.6650954500073567,0.9123716069152579,0.0,14.0,487.0,,,2.0503997802734375e-05,1.68945996392722e-06,2.6009151952166576e-06,4.01151601181482e-06
ns_2d,1,2027,pytorch_solvers_py,2.734374667983502,2.53529399598483,0.0,62.0,561.0,31.3232421875,56.0,1.8835067749023438e-05,1.4779096773054334e-06,2.285167511217878e-06,3.756440037250286e-06
ns_2d,1,2027,jax_exponax,1.6078038359992206,0.9134048169944435,0.0,10.0,487.0,,,1.8835067749023438e-05,1.4779096773054334e-06,2.285167511217878e-06,3.756440037250286e-06
ns_2d,2,2028,pytorch_solvers_py,2.714441981050186,2.5603173680137843,0.0,62.0,561.0,31.3232421875,56.0,0.00010335445404052734,2.4038311039475957e-06,5.634703484247439e-06,8.193865141947754e-06
ns_2d,2,2028,jax_exponax,1.6251789659727365,0.9100566920824349,0.0,14.0,487.0,,,0.00010335445404052734,2.4038311039475957e-06,5.634703484247439e-06,8.193865141947754e-06
ns_2d,3,2029,pytorch_solvers_py,2.752682427992113,2.585517810075544,0.0,62.0,561.0,31.3232421875,56.0,1.6927719116210938e-05,1.5177614614003687e-06,2.336706984351622e-06,3.7482602692762157e-06
ns_2d,3,2029,jax_exponax,1.7013812290970236,0.911540279048495,0.0,14.0,487.0,,,1.6927719116210938e-05,1.5177614614003687e-06,2.336706984351622e-06,3.7482602692762157e-06
ns_2d,4,2030,pytorch_solvers_py,2.7934405219275504,2.659362195059657,0.0,62.0,561.0,31.3232421875,56.0,7.56978988647461e-05,1.8691313243834884e-06,4.1219354898203164e-06,7.04556032360415e-06
ns_2d,4,2030,jax_exponax,1.6942623379873112,0.9126815089257434,0.0,14.0,487.0,,,7.56978988647461e-05,1.8691313243834884e-06,4.1219354898203164e-06,7.04556032360415e-06
ns_2d,5,2031,pytorch_solvers_py,2.7810793060343713,2.624802875914611,0.0,62.0,561.0,31.3232421875,56.0,1.7642974853515625e-05,1.4990702084105578e-06,2.393921249677078e-06,4.129319677304011e-06
ns_2d,5,2031,jax_exponax,1.7118538270005956,0.9118301200214773,0.0,10.0,487.0,,,1.7642974853515625e-05,1.4990702084105578e-06,2.393921249677078e-06,4.129319677304011e-06
ns_2d,6,2032,pytorch_solvers_py,2.77342806593515,2.6037275709677488,0.0,62.0,561.0,31.3232421875,56.0,1.6927719116210938e-05,1.6142280401254538e-06,2.4581227080489043e-06,3.8404014048865065e-06
ns_2d,6,2032,jax_exponax,1.7325851150089875,0.9129945279564708,0.0,14.0,487.0,,,1.6927719116210938e-05,1.6142280401254538e-06,2.4581227080489043e-06,3.8404014048865065e-06
ns_2d,7,2033,pytorch_solvers_py,3.0937715580221266,2.829995261039585,0.0,62.0,561.0,31.3232421875,56.0,1.8358230590820312e-05,1.4644476777903037e-06,2.251893874927191e-06,3.778697191592073e-06
ns_2d,7,2033,jax_exponax,1.7172974430723116,0.9135613079415634,0.0,14.0,487.0,,,1.8358230590820312e-05,1.4644476777903037e-06,2.251893874927191e-06,3.778697191592073e-06
ns_2d,8,2034,pytorch_solvers_py,3.038268823060207,2.858341468963772,0.0,62.0,561.0,31.3232421875,56.0,1.633167266845703e-05,1.3955038866697578e-06,2.2384710973710753e-06,3.921233656001277e-06
ns_2d,8,2034,jax_exponax,1.7141352969920263,0.9130695989588276,0.0,10.0,487.0,,,1.633167266845703e-05,1.3955038866697578e-06,2.2384710973710753e-06,3.921233656001277e-06
ns_2d,9,2035,pytorch_solvers_py,3.067046878975816,2.89252311096061,0.0,62.0,561.0,31.3232421875,56.0,3.325939178466797e-05,1.644508643039444e-06,2.644842652443913e-06,4.202112904749811e-06
ns_2d,9,2035,jax_exponax,1.6795259370701388,0.9128806999651715,0.0,14.0,487.0,,,3.325939178466797e-05,1.644508643039444e-06,2.644842652443913e-06,4.202112904749811e-06
