case,combo,solver_framework,model_framework,step,loss,attack_loss,true_loss,norm,epsilon,alpha,torch_solver_dtype,jax_solver_dtype,total_pgd_step_seconds,forward_total_seconds,model_forward_seconds,solver_forward_seconds,loss_seconds,backward_seconds,backward_includes_forward,projection_seconds,delta_l2,delta_linf,grad_norm,forward_peak_gpu_mib,backward_peak_gpu_mib,phase_peak_global_gpu_mib,torch_cuda_allocated_mib,torch_cuda_reserved_mib,torch_cuda_peak_allocated_mib,model_forward_peak_global_gpu_mib,solver_forward_peak_global_gpu_mib,loss_peak_global_gpu_mib,backward_peak_global_gpu_mib,projection_peak_global_gpu_mib,global_gpu_before_mib,global_gpu_after_forward_mib,global_gpu_after_backward_mib,model_bridge_calls,solver_bridge_calls,backward_bridge_calls,model_conversion_torch_to_jax_seconds,model_conversion_jax_compute_seconds,model_conversion_jax_to_torch_seconds,solver_conversion_torch_to_jax_seconds,solver_conversion_jax_compute_seconds,solver_conversion_jax_to_torch_seconds,conversion_forward_torch_to_jax_seconds,conversion_forward_jax_to_torch_seconds,conversion_backward_torch_to_jax_seconds,conversion_backward_jax_vjp_seconds,conversion_backward_jax_to_torch_seconds,reference_combo,input_l2_vs_reference,input_linf_vs_reference,delta_l2_vs_reference,delta_linf_vs_reference,grad_l2_vs_reference,grad_linf_vs_reference,model_l2_vs_reference,model_linf_vs_reference,solver_l2_vs_reference,solver_linf_vs_reference,model_solver_l2,model_solver_linf
ns_2d,torch_solver_torch_model,torch,torch,0,0.020192812090545575,0.020192812090545575,0.020192812090545575,inf,1.0,0.01,float64,float64,19.67010806093458,11.092336097965017,0.15962525794748217,10.932070984039456,0.0006398559780791402,8.214258351013996,False,0.017648653010837734,0.0,0.0,0.0068436115980148315,17451.67822265625,17496.69091796875,22257.0,52.2490234375,21622.0,17496.69091796875,2277.0,22241.0,22243.0,22257.0,22257.0,635.0,22243.0,22257.0,0.0,0.0,0.0,0.0,0.0,0.0,0.0,0.0,0.0,0.0,0.0,0.0,0.0,0.0,torch_solver_torch_model,0.0,0.0,0.0,0.0,0.0,0.0,0.0,0.0,0.0,0.0,115.03721715888275,1.5221699760541965
ns_2d,torch_solver_torch_model,torch,torch,1,0.05921423968657026,0.05921423968657026,0.05921423968657026,inf,1.0,0.01,float64,float64,13.804814249044284,6.98369170690421,0.03234421694651246,6.9510770899942145,0.0002703999634832144,6.504888119059615,False,0.00027368601877242327,8.095425907031977,0.010000050067901611,0.013786268420517445,17468.71728515625,17483.29638671875,22257.0,51.2490234375,21622.0,17483.29638671875,2309.0,22233.0,22233.0,22257.0,22257.0,727.0,22233.0,22257.0,0.0,0.0,0.0,0.0,0.0,0.0,0.0,0.0,0.0,0.0,0.0,0.0,0.0,0.0,torch_solver_torch_model,0.0,0.0,0.0,0.0,0.0,0.0,0.0,0.0,0.0,0.0,196.99402052090488,2.1081093554531507
ns_2d,torch_solver_torch_model,torch,torch,2,0.12146896457120637,0.12146896457120637,0.12146896457120637,inf,1.0,0.01,float64,float64,14.495938754058443,7.022802317980677,0.03211995295714587,6.990411804057658,0.00027056096587330103,7.164472702075727,False,0.00026643299497663975,15.752260038964556,0.020000040531158447,0.019229261204600334,17468.21728515625,17483.29638671875,22257.0,52.2490234375,21622.0,17483.29638671875,2309.0,22233.0,22233.0,22257.0,22257.0,707.0,22233.0,22257.0,0.0,0.0,0.0,0.0,0.0,0.0,0.0,0.0,0.0,0.0,0.0,0.0,0.0,0.0,torch_solver_torch_model,0.0,0.0,0.0,0.0,0.0,0.0,0.0,0.0,0.0,0.0,282.14517649852854,2.536426544901008
ns_2d,torch_solver_torch_model,torch,torch,3,0.20182387208564442,0.20182387208564442,0.20182387208564442,inf,1.0,0.01,float64,float64,14.84684163494967,7.069799842080101,0.03234899300150573,7.037176953046583,0.00027389603201299906,7.221329087973572,False,0.0002251950791105628,23.334749476074105,0.030000030994415283,0.02367129921913147,17468.71728515625,17482.79638671875,22257.0,52.2490234375,21622.0,17482.79638671875,2309.0,22233.0,22233.0,22257.0,22257.0,707.0,22233.0,22257.0,0.0,0.0,0.0,0.0,0.0,0.0,0.0,0.0,0.0,0.0,0.0,0.0,0.0,0.0,torch_solver_torch_model,0.0,0.0,0.0,0.0,0.0,0.0,0.0,0.0,0.0,0.0,363.6857060843166,3.1339019763953715
ns_2d,torch_solver_torch_model,torch,torch,4,0.29636058678636307,0.29636058678636307,0.29636058678636307,inf,1.0,0.01,float64,float64,14.804036395973526,7.1225566499633715,0.03203460993245244,7.090244327089749,0.00027771294116973877,7.354963646968827,False,0.00024600408505648375,30.885219703574013,0.04000002145767212,0.027287224307656288,17468.60009765625,17483.17919921875,22257.0,51.7490234375,21622.0,17483.17919921875,2309.0,22233.0,22233.0,22257.0,22257.0,727.0,22233.0,22257.0,0.0,0.0,0.0,0.0,0.0,0.0,0.0,0.0,0.0,0.0,0.0,0.0,0.0,0.0,torch_solver_torch_model,0.0,0.0,0.0,0.0,0.0,0.0,0.0,0.0,0.0,0.0,440.70724314028564,3.864842930797967
ns_2d,torch_solver_torch_model,torch,torch,5,0.4011842490883778,0.4011842490883778,0.4011842490883778,inf,1.0,0.01,float64,float64,14.295130799990147,7.111622971016914,0.3831009679706767,6.728247415041551,0.00027458800468593836,6.750749998027459,False,0.0002249750541523099,38.398661860381665,0.05000001937150955,0.029879247769713402,17468.67822265625,17483.25732421875,22257.0,51.2490234375,21622.0,17483.25732421875,2309.0,22233.0,22233.0,22257.0,22257.0,727.0,22233.0,22257.0,0.0,0.0,0.0,0.0,0.0,0.0,0.0,0.0,0.0,0.0,0.0,0.0,0.0,0.0,torch_solver_torch_model,0.0,0.0,0.0,0.0,0.0,0.0,0.0,0.0,0.0,0.0,512.7573592670897,4.41497454425222
ns_2d,torch_solver_torch_model,torch,torch,6,0.5120062861545682,0.5120062861545682,0.5120062861545682,inf,1.0,0.01,float64,float64,14.378849158994853,7.008402399951592,0.03273884591180831,6.9753883350640535,0.00027521897573024035,7.057414166047238,False,0.0002522349823266268,45.861093462652384,0.060000017285346985,0.03136702626943588,17467.63916015625,17482.21826171875,22257.0,52.2490234375,21622.0,17482.21826171875,2309.0,22233.0,22233.0,22257.0,22257.0,727.0,22233.0,22257.0,0.0,0.0,0.0,0.0,0.0,0.0,0.0,0.0,0.0,0.0,0.0,0.0,0.0,0.0,torch_solver_torch_model,0.0,0.0,0.0,0.0,0.0,0.0,0.0,0.0,0.0,0.0,579.2654311231232,4.7795081734365965
ns_2d,torch_solver_torch_model,torch,torch,7,0.6253171729136341,0.6253171729136341,0.6253171729136341,inf,1.0,0.01,float64,float64,13.848458569031209,7.028714630869217,0.03234297793824226,6.996098547941074,0.00027310498990118504,6.50503134704195,False,0.00023102504201233387,53.25932014713266,0.07000001892447472,0.03201990947127342,17469.13916015625,17483.71826171875,22257.0,52.2490234375,21622.0,17483.71826171875,2309.0,22233.0,22233.0,22257.0,22257.0,727.0,22233.0,22257.0,0.0,0.0,0.0,0.0,0.0,0.0,0.0,0.0,0.0,0.0,0.0,0.0,0.0,0.0,torch_solver_torch_model,0.0,0.0,0.0,0.0,0.0,0.0,0.0,0.0,0.0,0.0,640.1623719344017,5.021974017280781
ns_2d,torch_solver_torch_model,torch,torch,8,0.7388876457214829,0.7388876457214829,0.7388876457214829,inf,1.0,0.01,float64,float64,14.135093549033627,6.999832042027265,0.0321975729893893,6.967368478071876,0.0002659909659996629,6.827325310907327,False,0.0002500320551916957,60.58383202835683,0.08000002428889275,0.03208790719509125,17468.02197265625,17483.10107421875,22257.0,52.7490234375,21622.0,17483.10107421875,2309.0,22233.0,22233.0,22257.0,22257.0,747.0,22233.0,22257.0,0.0,0.0,0.0,0.0,0.0,0.0,0.0,0.0,0.0,0.0,0.0,0.0,0.0,0.0,torch_solver_torch_model,0.0,0.0,0.0,0.0,0.0,0.0,0.0,0.0,0.0,0.0,695.8716889628655,5.105357789820644
ns_2d,torch_solver_torch_model,torch,torch,9,0.8514758299346333,0.8514758299346333,0.8514758299346333,inf,1.0,0.01,float64,float64,14.828006136929616,6.967564681894146,0.03228358493652195,6.9350098558934405,0.000271241064183414,7.190688980044797,False,0.00027593004051595926,67.8373441588775,0.09000002965331078,0.031809233129024506,17468.52197265625,17482.60107421875,22257.0,52.7490234375,21622.0,17482.60107421875,2309.0,22233.0,22233.0,22257.0,22257.0,747.0,22233.0,22257.0,0.0,0.0,0.0,0.0,0.0,0.0,0.0,0.0,0.0,0.0,0.0,0.0,0.0,0.0,torch_solver_torch_model,0.0,0.0,0.0,0.0,0.0,0.0,0.0,0.0,0.0,0.0,747.0095045619978,5.140561534224691
ns_2d,torch_solver_torch_model,torch,torch,10,0.9625621369603272,0.9625621369603272,0.9625621369603272,inf,1.0,0.01,float64,float64,14.448549412074499,6.988890680018812,0.031815010006539524,6.956801232998259,0.0002744370140135288,6.923671882948838,False,0.00022638693917542696,75.03292387594642,0.1000000350177288,0.031346146017313004,17469.60009765625,17484.17919921875,22257.0,52.2490234375,21622.0,17484.17919921875,2309.0,22233.0,22233.0,22257.0,22257.0,747.0,22233.0,22257.0,0.0,0.0,0.0,0.0,0.0,0.0,0.0,0.0,0.0,0.0,0.0,0.0,0.0,0.0,torch_solver_torch_model,0.0,0.0,0.0,0.0,0.0,0.0,0.0,0.0,0.0,0.0,794.2447494811155,5.1356452990516335
ns_2d,torch_solver_torch_model,torch,torch,11,1.072076493452658,1.072076493452658,1.072076493452658,inf,1.0,0.01,float64,float64,13.810674721957184,7.004630726063624,0.032743901014328,6.971613440080546,0.0002733849687501788,6.471477201906964,False,0.00027374597266316414,82.17722503297175,0.11000004038214684,0.03086775355041027,17469.86572265625,17484.44482421875,22241.0,52.2490234375,21606.0,17484.44482421875,2289.0,22217.0,22217.0,22241.0,22241.0,747.0,22217.0,22241.0,0.0,0.0,0.0,0.0,0.0,0.0,0.0,0.0,0.0,0.0,0.0,0.0,0.0,0.0,torch_solver_torch_model,0.0,0.0,0.0,0.0,0.0,0.0,0.0,0.0,0.0,0.0,838.2100278266386,5.134586059060633
ns_2d,torch_solver_torch_model,torch,torch,12,1.1802184350832359,1.1802184350832359,1.1802184350832359,inf,1.0,0.01,float64,float64,14.352589113055728,6.9662541639991105,0.03138478705659509,6.934247092925943,0.000622284016571939,7.077991258003749,False,0.00023597502149641514,89.28297716932187,0.12000004574656487,0.030438443645834923,17468.01416015625,17482.01513671875,22257.0,52.2490234375,21622.0,17482.01513671875,2309.0,22233.0,22253.0,22257.0,22257.0,767.0,22253.0,22257.0,0.0,0.0,0.0,0.0,0.0,0.0,0.0,0.0,0.0,0.0,0.0,0.0,0.0,0.0,torch_solver_torch_model,0.0,0.0,0.0,0.0,0.0,0.0,0.0,0.0,0.0,0.0,879.4702687505413,5.169319552104852
ns_2d,torch_solver_torch_model,torch,torch,13,1.287031792872136,1.287031792872136,1.287031792872136,inf,1.0,0.01,float64,float64,13.913207978010178,6.980554432841018,0.03182207094505429,6.948197743971832,0.000534617924131453,6.61520350095816,False,0.00030857103411108255,96.35817435811607,0.1300000511109829,0.029895713552832603,17468.39697265625,17482.89794921875,22241.0,52.7490234375,21606.0,17482.89794921875,2289.0,22217.0,22237.0,22241.0,22241.0,747.0,22237.0,22241.0,0.0,0.0,0.0,0.0,0.0,0.0,0.0,0.0,0.0,0.0,0.0,0.0,0.0,0.0,torch_solver_torch_model,0.0,0.0,0.0,0.0,0.0,0.0,0.0,0.0,0.0,0.0,918.405768588527,5.175628424973571
ns_2d,torch_solver_torch_model,torch,torch,14,1.3917892255247435,1.3917892255247435,1.3917892255247435,inf,1.0,0.01,float64,float64,13.812732821097597,7.0178408831125125,0.032178372028283775,6.985388444038108,0.0002740670461207628,6.484530437039211,False,0.00022137793712317944,103.41332049023006,0.14000005647540092,0.028978051617741585,17468.67822265625,17483.25732421875,22257.0,52.2490234375,21622.0,17483.25732421875,2309.0,22233.0,22233.0,22257.0,22257.0,727.0,22233.0,22257.0,0.0,0.0,0.0,0.0,0.0,0.0,0.0,0.0,0.0,0.0,0.0,0.0,0.0,0.0,torch_solver_torch_model,0.0,0.0,0.0,0.0,0.0,0.0,0.0,0.0,0.0,0.0,955.0513006325345,5.146479522227823
ns_2d,torch_solver_torch_model,torch,torch,15,1.4933267549615055,1.4933267549615055,1.4933267549615055,inf,1.0,0.01,float64,float64,13.84997253504116,6.997998623060994,0.03232554905116558,6.965402995003387,0.0002700790064409375,6.499228987027891,False,0.0002272480633109808,110.45611933422586,0.15000006183981895,0.027719464153051376,17469.13916015625,17483.21826171875,22257.0,51.7490234375,21622.0,17483.21826171875,2309.0,22233.0,22233.0,22257.0,22257.0,727.0,22233.0,22257.0,0.0,0.0,0.0,0.0,0.0,0.0,0.0,0.0,0.0,0.0,0.0,0.0,0.0,0.0,torch_solver_torch_model,0.0,0.0,0.0,0.0,0.0,0.0,0.0,0.0,0.0,0.0,989.2758069070385,5.094407253398055
ns_2d,torch_solver_torch_model,torch,torch,16,1.5911159845578506,1.5911159845578506,1.5911159845578506,inf,1.0,0.01,float64,float64,13.981730171013623,7.001783252926543,0.031383560970425606,6.970123370992951,0.0002763209631666541,6.42395765602123,False,0.00022420298773795366,117.50702972016428,0.16000006720423698,0.026641465723514557,17469.86572265625,17484.44482421875,22241.0,52.2490234375,21606.0,17484.44482421875,2289.0,22217.0,22217.0,22241.0,22241.0,747.0,22217.0,22241.0,0.0,0.0,0.0,0.0,0.0,0.0,0.0,0.0,0.0,0.0,0.0,0.0,0.0,0.0,torch_solver_torch_model,0.0,0.0,0.0,0.0,0.0,0.0,0.0,0.0,0.0,0.0,1021.1531577779275,5.021804278844033
ns_2d,torch_solver_torch_model,torch,torch,17,1.6857208291440857,1.6857208291440857,1.6857208291440857,inf,1.0,0.01,float64,float64,14.495060208020732,7.041782889980823,0.03188777307514101,7.0092691970057786,0.0006259198999032378,7.13289349200204,False,0.00022797996643930674,124.5543708851363,0.17000007256865501,0.02600216120481491,17468.01416015625,17482.01513671875,22257.0,52.2490234375,21622.0,17482.01513671875,2309.0,22233.0,22253.0,22257.0,22257.0,767.0,22253.0,22257.0,0.0,0.0,0.0,0.0,0.0,0.0,0.0,0.0,0.0,0.0,0.0,0.0,0.0,0.0,torch_solver_torch_model,0.0,0.0,0.0,0.0,0.0,0.0,0.0,0.0,0.0,0.0,1051.0727865318688,4.953800477180767
ns_2d,torch_solver_torch_model,torch,torch,18,1.777911049934614,1.777911049934614,1.777911049934614,inf,1.0,0.01,float64,float64,14.591269499040209,6.768604899989441,0.03251476399600506,6.735558483982459,0.0005316520109772682,7.195878512924537,False,0.00024047307670116425,131.5872625842779,0.18000008910894394,0.025651097297668457,17468.39697265625,17482.89794921875,22241.0,52.7490234375,21606.0,17482.89794921875,2289.0,22217.0,22237.0,22241.0,22241.0,747.0,22237.0,22241.0,0.0,0.0,0.0,0.0,0.0,0.0,0.0,0.0,0.0,0.0,0.0,0.0,0.0,0.0,torch_solver_torch_model,0.0,0.0,0.0,0.0,0.0,0.0,0.0,0.0,0.0,0.0,1079.4312324947562,4.889218373285162
ns_2d,torch_solver_torch_model,torch,torch,19,1.8679341162627587,1.8679341162627587,1.8679341162627587,inf,1.0,0.01,float64,float64,14.312314603012055,7.00610770797357,0.03260112495627254,6.973228008020669,0.0002785749966278672,6.9983997530071065,False,0.0002336309989914298,138.58369305336407,0.19000010937452316,0.02523229457437992,17468.67822265625,17483.25732421875,22257.0,52.2490234375,21622.0,17483.25732421875,2309.0,22233.0,22233.0,22257.0,22257.0,727.0,22233.0,22257.0,0.0,0.0,0.0,0.0,0.0,0.0,0.0,0.0,0.0,0.0,0.0,0.0,0.0,0.0,torch_solver_torch_model,0.0,0.0,0.0,0.0,0.0,0.0,0.0,0.0,0.0,0.0,1106.4218465097124,4.820200500472346
ns_2d,torch_solver_torch_model,torch,torch,20,1.9553594101188243,1.9553594101188243,1.9553594101188243,inf,1.0,0.01,float64,float64,13.98136928200256,7.161760368035175,0.03265711001586169,7.128821145975962,0.000282112043350935,6.503175584017299,False,0.0002913099015131593,145.53084686630433,0.2000001296401024,0.02458617091178894,17469.13916015625,17483.21826171875,22257.0,51.7490234375,21622.0,17483.21826171875,2309.0,22233.0,22233.0,22257.0,22257.0,727.0,22233.0,22257.0,0.0,0.0,0.0,0.0,0.0,0.0,0.0,0.0,0.0,0.0,0.0,0.0,0.0,0.0,torch_solver_torch_model,0.0,0.0,0.0,0.0,0.0,0.0,0.0,0.0,0.0,0.0,1132.0178192128749,4.767574271921146
ns_2d,torch_solver_torch_model,torch,torch,21,2.039704564527211,2.039704564527211,2.039704564527211,inf,1.0,0.01,float64,float64,13.978665081085637,7.08947240607813,0.03265592805109918,7.056542881997302,0.00027359602972865105,6.57985382899642,False,0.0002313259756192565,152.4238444142221,0.2100001499056816,0.023813756182789803,17469.86572265625,17484.44482421875,22241.0,52.2490234375,21606.0,17484.44482421875,2289.0,22217.0,22217.0,22241.0,22241.0,747.0,22217.0,22241.0,0.0,0.0,0.0,0.0,0.0,0.0,0.0,0.0,0.0,0.0,0.0,0.0,0.0,0.0,torch_solver_torch_model,0.0,0.0,0.0,0.0,0.0,0.0,0.0,0.0,0.0,0.0,1156.1750660728474,4.8077244596094335
ns_2d,torch_solver_torch_model,torch,torch,22,2.120732786269729,2.120732786269729,2.120732786269729,inf,1.0,0.01,float64,float64,13.792638958082534,6.9838955498998985,0.031861589988693595,6.951395335956477,0.0006386239547282457,6.491136859986,False,0.0002294930163770914,159.25137621514318,0.22000017017126083,0.022939227521419525,17468.01416015625,17482.01513671875,22257.0,52.2490234375,21622.0,17482.01513671875,2309.0,22233.0,22253.0,22257.0,22257.0,767.0,22253.0,22257.0,0.0,0.0,0.0,0.0,0.0,0.0,0.0,0.0,0.0,0.0,0.0,0.0,0.0,0.0,torch_solver_torch_model,0.0,0.0,0.0,0.0,0.0,0.0,0.0,0.0,0.0,0.0,1178.9162136512202,4.8256398874426
ns_2d,torch_solver_torch_model,torch,torch,23,2.1981422464736307,2.1981422464736307,2.1981422464736307,inf,1.0,0.01,float64,float64,14.003606481011957,7.0119427419267595,0.03173437900841236,6.979697880917229,0.000510482001118362,6.674876287928782,False,0.0002217680448666215,165.99585196725363,0.23000019043684006,0.021863244473934174,17468.39697265625,17482.89794921875,22241.0,52.7490234375,21606.0,17482.89794921875,2289.0,22217.0,22237.0,22241.0,22241.0,747.0,22237.0,22241.0,0.0,0.0,0.0,0.0,0.0,0.0,0.0,0.0,0.0,0.0,0.0,0.0,0.0,0.0,torch_solver_torch_model,0.0,0.0,0.0,0.0,0.0,0.0,0.0,0.0,0.0,0.0,1200.239352233111,4.83872845904539
ns_2d,torch_solver_torch_model,torch,torch,24,2.271654841137469,2.271654841137469,2.271654841137469,inf,1.0,0.01,float64,float64,14.150401677004993,7.003830997971818,0.03200147196184844,6.9715464119799435,0.0002831140300258994,6.840688765980303,False,0.00023183703888207674,172.6398287193764,0.24000021070241928,0.020700089633464813,17468.67822265625,17483.25732421875,22257.0,52.2490234375,21622.0,17483.25732421875,2309.0,22233.0,22233.0,22257.0,22257.0,727.0,22233.0,22257.0,0.0,0.0,0.0,0.0,0.0,0.0,0.0,0.0,0.0,0.0,0.0,0.0,0.0,0.0,torch_solver_torch_model,0.0,0.0,0.0,0.0,0.0,0.0,0.0,0.0,0.0,0.0,1220.144137668928,4.84423067937259
ns_2d,torch_solver_torch_model,torch,torch,25,2.3415127112738365,2.3415127112738365,2.3415127112738365,inf,1.0,0.01,float64,float64,7.169096076977439,6.974980907980353,0.03177636698819697,6.942942086956464,0.00026245403569191694,0.0,False,0.0,179.17090602356467,0.2500002197921276,nan,17469.13916015625,nan,22233.0,17462.7177734375,21598.0,17469.13916015625,2309.0,22233.0,22233.0,nan,nan,727.0,22233.0,nan,0.0,0.0,0.0,0.0,0.0,0.0,0.0,0.0,0.0,0.0,0.0,0.0,0.0,0.0,torch_solver_torch_model,0.0,0.0,0.0,0.0,nan,nan,0.0,0.0,0.0,0.0,1238.763000117626,4.836599876141598
