k,gain_sin,gain_cos,gain_mean,gain_max,model,sample_index
1,1.165996698552598,0.8950897115934138,1.030543205073006,1.165996698552598,solver,40
2,0.7196568686992101,0.6924550021631765,0.7060559354311933,0.7196568686992101,solver,40
3,0.35118786259264634,0.38183648088881755,0.3665121717407319,0.38183648088881755,solver,40
4,0.18154957080478054,0.15697272271595114,0.16926114676036585,0.18154957080478054,solver,40
5,0.11662966046944875,0.1352097360238595,0.1259196982466541,0.1352097360238595,solver,40
6,0.1036689509926435,0.10046668307489236,0.10206781703376794,0.1036689509926435,solver,40
7,0.07122960075545373,0.06003382664003974,0.06563171369774673,0.07122960075545373,solver,40
8,0.04287180010703344,0.04068677477865056,0.041779287442842,0.04287180010703344,solver,40
9,0.029682129284257903,0.029198255189164884,0.029440192236711394,0.029682129284257903,solver,40
10,0.019404309591306252,0.01841271576142611,0.01890851267636618,0.019404309591306252,solver,40
11,0.011991116832543565,0.011457082281574276,0.011724099557058922,0.011991116832543565,solver,40
12,0.00782738234069569,0.0074595200984810825,0.007643451219588386,0.00782738234069569,solver,40
13,0.005019204454307981,0.004943300140737347,0.004981252297522665,0.005019204454307981,solver,40
14,0.0033624969557383266,0.003370019596153297,0.003366258275945812,0.003370019596153297,solver,40
15,0.002201184346667593,0.0025922420544875527,0.0023967132005775727,0.0025922420544875527,solver,40
16,0.0016602918825659946,0.0017842494849298577,0.001722270683747926,0.0017842494849298577,solver,40
17,0.0012513590422585747,0.001234755066783869,0.0012430570545212218,0.0012513590422585747,solver,40
18,0.0008704278292384957,0.0009022081453508009,0.0008863179872946483,0.0009022081453508009,solver,40
19,0.0005594791009985913,0.0005803178461919637,0.0005698984735952775,0.0005803178461919637,solver,40
20,0.00035412262403047026,0.0003725910940384114,0.0003633568590344408,0.0003725910940384114,solver,40
21,0.00024401620007166082,0.0002593354281575214,0.0002516758141145911,0.0002593354281575214,solver,40
22,0.00017522631617610703,0.00018039367877456771,0.00017780999747533737,0.00018039367877456771,solver,40
23,0.00012494883703642102,0.00011572519970249512,0.00012033701836945806,0.00012494883703642102,solver,40
24,8.160656157176899e-05,7.398687434109697e-05,7.779671795643298e-05,8.160656157176899e-05,solver,40
25,5.493041342409978e-05,5.233151338076502e-05,5.36309634024324e-05,5.493041342409978e-05,solver,40
26,3.8234327867654135e-05,3.801755451755395e-05,3.812594119260404e-05,3.8234327867654135e-05,solver,40
27,2.641741930662299e-05,2.609044794789668e-05,2.6253933627259834e-05,2.641741930662299e-05,solver,40
28,1.7182614552662888e-05,1.703057368738709e-05,1.710659412002499e-05,1.7182614552662888e-05,solver,40
29,1.137844104578715e-05,1.0871894323069825e-05,1.1125167684428488e-05,1.137844104578715e-05,solver,40
30,7.669777252550887e-06,7.2534406836672995e-06,7.461608968109094e-06,7.669777252550887e-06,solver,40
31,4.959404341225516e-06,5.0100624607673546e-06,4.984733400996435e-06,5.0100624607673546e-06,solver,40
32,3.1704432141055513e-06,3.4123133960402385e-06,3.2913783050728947e-06,3.4123133960402385e-06,solver,40
33,2.1068217081508704e-06,2.2000778237461065e-06,2.1534497659484884e-06,2.2000778237461065e-06,solver,40
34,1.504935622161874e-06,1.459416414559491e-06,1.4821760183606825e-06,1.504935622161874e-06,solver,40
35,9.92673223214999e-07,1.0202077103329799e-06,1.0064404667739893e-06,1.0202077103329799e-06,solver,40
36,6.701290964690192e-07,6.662162808788093e-07,6.681726886739143e-07,6.701290964690192e-07,solver,40
37,4.3129584484402965e-07,4.7413462542104723e-07,4.5271523513253844e-07,4.7413462542104723e-07,solver,40
38,2.737898275685878e-07,3.5620712745177544e-07,3.1499847751018164e-07,3.5620712745177544e-07,solver,40
39,2.151976203976685e-07,2.1505764956960379e-07,2.1512763498363616e-07,2.151976203976685e-07,solver,40
40,1.3702924041710065e-07,1.2135517166128768e-07,1.2919220603919416e-07,1.3702924041710065e-07,solver,40
41,1.019757609520216e-07,9.814445189047073e-08,1.0006010642124616e-07,1.019757609520216e-07,solver,40
42,1.0277659117653057e-07,9.596445574560748e-08,9.937052346106903e-08,1.0277659117653057e-07,solver,40
43,8.812057941447135e-08,7.251805034190446e-08,8.03193148781879e-08,8.812057941447135e-08,solver,40
44,6.310491112325083e-08,4.3255914415356e-08,5.318041276930341e-08,6.310491112325083e-08,solver,40
45,5.0724042814887026e-08,3.6783623432388154e-08,4.3753833123637587e-08,5.0724042814887026e-08,solver,40
46,4.1377400978222054e-08,5.764089717554414e-08,4.95091490768831e-08,5.764089717554414e-08,solver,40
47,2.8434999304455877e-08,6.072236519299083e-08,4.457868224872335e-08,6.072236519299083e-08,solver,40
48,3.057658752267792e-08,3.6495553767205715e-08,3.353607064494182e-08,3.6495553767205715e-08,solver,40
49,2.713617736434753e-08,3.1419475718224635e-08,2.9277826541286082e-08,3.1419475718224635e-08,solver,40
50,3.680524729718104e-08,3.081180780829525e-08,3.3808527552738146e-08,3.680524729718104e-08,solver,40
51,3.7392618863804875e-08,2.5206115964393033e-08,3.129936741409895e-08,3.7392618863804875e-08,solver,40
52,2.4835515803395754e-08,3.0782966316976624e-08,2.780924106018619e-08,3.0782966316976624e-08,solver,40
53,1.802657804295796e-08,3.046924066041999e-08,2.4247909351688974e-08,3.046924066041999e-08,solver,40
54,2.3916661329417214e-08,2.0228528386449025e-08,2.207259485793312e-08,2.3916661329417214e-08,solver,40
55,1.9847337961236994e-08,2.339445886017953e-08,2.1620898410708263e-08,2.339445886017953e-08,solver,40
56,1.1654265949935375e-08,2.3912624135803287e-08,1.778344504286933e-08,2.3912624135803287e-08,solver,40
57,1.1730880715140981e-08,1.8470167001323594e-08,1.510052385823229e-08,1.8470167001323594e-08,solver,40
58,2.1727597082673997e-08,1.978118167338519e-08,2.0754389378029593e-08,2.1727597082673997e-08,solver,40
59,2.372817447396172e-08,2.188258256371778e-08,2.280537851883975e-08,2.372817447396172e-08,solver,40
60,1.90183324980514e-08,1.4613587647616055e-08,1.6815960072833726e-08,1.90183324980514e-08,solver,40
61,1.4131193882057486e-08,1.4472103634763265e-08,1.4301648758410376e-08,1.4472103634763265e-08,solver,40
62,1.6666072873059055e-08,2.1125782935223252e-08,1.8895927904141152e-08,2.1125782935223252e-08,solver,40
63,2.576544992356346e-08,1.3041625039532298e-08,1.940353748154788e-08,2.576544992356346e-08,solver,40
64,1.4894103135040682e-08,1.605161027679557e-08,1.5472856705918125e-08,1.605161027679557e-08,solver,40
65,8.197694059707644e-09,9.853633115650349e-09,9.025663587678995e-09,9.853633115650349e-09,solver,40
66,1.5284600592480272e-08,1.0834420626314299e-08,1.3059510609397287e-08,1.5284600592480272e-08,solver,40
67,1.520256818976586e-08,1.7201762842915313e-08,1.6202165516340586e-08,1.7201762842915313e-08,solver,40
68,1.027248021516521e-08,1.4265532269842904e-08,1.2269006242504058e-08,1.4265532269842904e-08,solver,40
69,8.465712067032868e-09,9.399144922868593e-09,8.93242849495073e-09,9.399144922868593e-09,solver,40
70,1.3043031115951536e-08,9.554534016368662e-09,1.1298782566160098e-08,1.3043031115951536e-08,solver,40
71,9.491537623102714e-09,1.4591701898934942e-08,1.2041619761018828e-08,1.4591701898934942e-08,solver,40
72,1.0552875303852953e-08,8.066201470866696e-09,9.309538387359824e-09,1.0552875303852953e-08,solver,40
73,7.704768829490322e-09,6.112952400930295e-09,6.908860615210308e-09,7.704768829490322e-09,solver,40
74,7.329333740597419e-09,1.0715827877068169e-08,9.022580808832795e-09,1.0715827877068169e-08,solver,40
75,1.2829326198446383e-08,6.439184690082227e-09,9.634255444264305e-09,1.2829326198446383e-08,solver,40
76,6.816876944941288e-09,8.509385127730068e-09,7.663131036335678e-09,8.509385127730068e-09,solver,40
77,4.899572236732552e-09,8.322088999201903e-09,6.6108306179672275e-09,8.322088999201903e-09,solver,40
78,8.722318659148368e-09,9.590561274976467e-09,9.156439967062416e-09,9.590561274976467e-09,solver,40
79,8.924451035251763e-09,8.44151677761245e-09,8.682983906432106e-09,8.924451035251763e-09,solver,40
80,6.733385160401137e-09,4.488815182976412e-09,5.611100171688774e-09,6.733385160401137e-09,solver,40
81,5.6677981760225926e-09,6.193015917307915e-09,5.9304070466652535e-09,6.193015917307915e-09,solver,40
82,7.353069905239076e-09,7.144451614587589e-09,7.248760759913333e-09,7.353069905239076e-09,solver,40
83,5.462768173269562e-09,7.584534420138124e-09,6.523651296703843e-09,7.584534420138124e-09,solver,40
84,5.579744884286719e-09,4.855242803829851e-09,5.217493844058285e-09,5.579744884286719e-09,solver,40
85,3.5017064413922386e-09,4.6568602975345105e-09,4.079283369463374e-09,4.6568602975345105e-09,solver,40
86,3.40312504844484e-09,4.440348388051365e-09,3.921736718248103e-09,4.440348388051365e-09,solver,40
87,4.176907362452608e-09,4.51003050483111e-09,4.343468933641859e-09,4.51003050483111e-09,solver,40
88,3.7209578875749813e-09,4.646544200677979e-09,4.1837510441264805e-09,4.646544200677979e-09,solver,40
89,2.7812900316398396e-09,4.236509983946038e-09,3.5089000077929386e-09,4.236509983946038e-09,solver,40
90,3.789969854884347e-09,3.885561617953757e-09,3.837765736419052e-09,3.885561617953757e-09,solver,40
91,5.043985022244774e-09,4.677303343971446e-09,4.86064418310811e-09,5.043985022244774e-09,solver,40
92,5.348969226202549e-09,3.3928784324179534e-09,4.370923829310251e-09,5.348969226202549e-09,solver,40
93,3.811967368888368e-09,2.693455361099348e-09,3.252711364993858e-09,3.811967368888368e-09,solver,40
94,3.845460719401081e-09,4.578627268338399e-09,4.21204399386974e-09,4.578627268338399e-09,solver,40
95,4.10580240543554e-09,6.383408851649155e-09,5.244605628542348e-09,6.383408851649155e-09,solver,40
96,5.321870047635841e-09,5.267636027030367e-09,5.294753037333104e-09,5.321870047635841e-09,solver,40
97,4.330804175801832e-09,4.517872624764557e-09,4.424338400283194e-09,4.517872624764557e-09,solver,40
98,4.076620942418356e-09,4.96816829077088e-09,4.522394616594618e-09,4.96816829077088e-09,solver,40
99,5.870863420340702e-09,5.154340074279312e-09,5.512601747310007e-09,5.870863420340702e-09,solver,40
100,6.581438150759111e-09,3.723607013603425e-09,5.152522582181268e-09,6.581438150759111e-09,solver,40
101,4.053537043804137e-09,4.127571720145531e-09,4.090554381974834e-09,4.127571720145531e-09,solver,40
102,3.486598949991113e-09,3.485335910966629e-09,3.485967430478871e-09,3.486598949991113e-09,solver,40
103,3.632531252897166e-09,4.26363591680245e-09,3.9480835848498084e-09,4.26363591680245e-09,solver,40
104,4.02820182504491e-09,4.195325367501044e-09,4.111763596272977e-09,4.195325367501044e-09,solver,40
105,4.181333158162894e-09,2.9440730948713155e-09,3.562703126517105e-09,4.181333158162894e-09,solver,40
106,3.970646629344604e-09,2.048081449669082e-09,3.009364039506843e-09,3.970646629344604e-09,solver,40
107,3.291457482604268e-09,3.2452560346755746e-09,3.2683567586399212e-09,3.291457482604268e-09,solver,40
108,3.0912803372722023e-09,3.4539892852584294e-09,3.2726348112653157e-09,3.4539892852584294e-09,solver,40
109,3.0645837344809975e-09,2.8815528247844594e-09,2.9730682796327286e-09,3.0645837344809975e-09,solver,40
110,3.2516672190558906e-09,2.7924563075226313e-09,3.0220617632892607e-09,3.2516672190558906e-09,solver,40
111,3.973595933309766e-09,2.762553268028891e-09,3.3680746006693287e-09,3.973595933309766e-09,solver,40
112,2.9790045000118505e-09,3.7017360263823454e-09,3.3403702631970978e-09,3.7017360263823454e-09,solver,40
113,2.418961035218885e-09,3.483850605829354e-09,2.9514058205241193e-09,3.483850605829354e-09,solver,40
114,2.07869025692372e-09,3.691837414729154e-09,2.885263835826437e-09,3.691837414729154e-09,solver,40
115,3.2041788910400065e-09,2.554705349022385e-09,2.879442120031196e-09,3.2041788910400065e-09,solver,40
116,2.8147051175585515e-09,2.7364984700189245e-09,2.775601793788738e-09,2.8147051175585515e-09,solver,40
117,2.519786923549609e-09,2.9577427837415295e-09,2.7387648536455695e-09,2.9577427837415295e-09,solver,40
118,2.9547378994636328e-09,2.128236934388078e-09,2.5414874169258554e-09,2.9547378994636328e-09,solver,40
119,2.8602283483558413e-09,2.158677779109291e-09,2.5094530637325663e-09,2.8602283483558413e-09,solver,40
120,2.524660895914021e-09,2.612234038141689e-09,2.568447467027855e-09,2.612234038141689e-09,solver,40
121,2.5587331778814763e-09,2.3565189544129777e-09,2.4576260661472268e-09,2.5587331778814763e-09,solver,40
122,2.0349792477682515e-09,2.3389290136011526e-09,2.186954130684702e-09,2.3389290136011526e-09,solver,40
123,1.9123371399421765e-09,2.1033834520623086e-09,2.0078602960022425e-09,2.1033834520623086e-09,solver,40
124,2.1206998072397857e-09,2.2259813386418654e-09,2.1733405729408253e-09,2.2259813386418654e-09,solver,40
125,2.1894096121299958e-09,2.4765295497848083e-09,2.332969580957402e-09,2.4765295497848083e-09,solver,40
126,2.4076590340771968e-09,2.061344671219985e-09,2.234501852648591e-09,2.4076590340771968e-09,solver,40
127,2.3550532897038607e-09,1.9004141797467505e-09,2.1277337347253056e-09,2.3550532897038607e-09,solver,40
128,2.4642749754073477e-09,2.2691326523927883e-09,2.366703813900068e-09,2.4642749754073477e-09,solver,40
129,2.3390238354104907e-09,2.8511454708396515e-09,2.595084653125071e-09,2.8511454708396515e-09,solver,40
130,2.2520675828460845e-09,2.5599311090210545e-09,2.4059993459335693e-09,2.5599311090210545e-09,solver,40
131,2.0676994133336424e-09,2.2819255185397273e-09,2.174812465936685e-09,2.2819255185397273e-09,solver,40
132,2.822398464113744e-09,2.404483032870992e-09,2.613440748492368e-09,2.822398464113744e-09,solver,40
133,3.832352567994908e-09,2.1264338182768584e-09,2.9793931931358834e-09,3.832352567994908e-09,solver,40
134,2.8468138729324344e-09,2.7772470231677875e-09,2.8120304480501107e-09,2.8468138729324344e-09,solver,40
135,2.185278299492536e-09,2.2978756925295224e-09,2.2415769960110293e-09,2.2978756925295224e-09,solver,40
136,2.4200936178020757e-09,2.6308226409337033e-09,2.5254581293678895e-09,2.6308226409337033e-09,solver,40
137,2.178284018719009e-09,3.3427838515292323e-09,2.7605339351241206e-09,3.3427838515292323e-09,solver,40
138,2.4707525284749596e-09,2.7142186734550617e-09,2.5924856009650107e-09,2.7142186734550617e-09,solver,40
139,2.3045653382104096e-09,2.339929475785149e-09,2.3222474069977796e-09,2.339929475785149e-09,solver,40
140,2.6658542565341366e-09,2.04345162592355e-09,2.3546529412288436e-09,2.6658542565341366e-09,solver,40
141,2.7612542246254703e-09,2.4374025573536177e-09,2.599328390989544e-09,2.7612542246254703e-09,solver,40
142,2.1555693716102482e-09,2.9003303900704464e-09,2.5279498808403473e-09,2.9003303900704464e-09,solver,40
143,2.200115523919716e-09,2.2284511977181293e-09,2.214283360818923e-09,2.2284511977181293e-09,solver,40
144,2.1165092603143156e-09,2.356096310286575e-09,2.2363027853004454e-09,2.356096310286575e-09,solver,40
145,2.8118461366230386e-09,2.3757679675170513e-09,2.5938070520700448e-09,2.8118461366230386e-09,solver,40
146,2.453872405889783e-09,2.7280725049290593e-09,2.5909724554094214e-09,2.7280725049290593e-09,solver,40
147,2.1682685084486862e-09,2.132666807520392e-09,2.150467657984539e-09,2.1682685084486862e-09,solver,40
148,2.1694087680380065e-09,1.9424444302576265e-09,2.0559265991478163e-09,2.1694087680380065e-09,solver,40
149,2.2107280186165964e-09,2.6745846771859475e-09,2.442656347901272e-09,2.6745846771859475e-09,solver,40
150,2.0304275117275893e-09,2.7741908635948864e-09,2.402309187661238e-09,2.7741908635948864e-09,solver,40
151,1.8377861214574186e-09,2.13686198858057e-09,1.9873240550189942e-09,2.13686198858057e-09,solver,40
152,1.878473113153423e-09,2.1060248884071514e-09,1.9922490007802874e-09,2.1060248884071514e-09,solver,40
153,2.2707787182086738e-09,2.3715482377632992e-09,2.3211634779859865e-09,2.3715482377632992e-09,solver,40
154,2.2555552155462563e-09,2.411274823844345e-09,2.3334150196953007e-09,2.411274823844345e-09,solver,40
155,2.1830217997155706e-09,2.1311552752369207e-09,2.1570885374762456e-09,2.1830217997155706e-09,solver,40
156,2.0608521027018095e-09,1.852320248371805e-09,1.9565861755368073e-09,2.0608521027018095e-09,solver,40
157,1.9241575140400696e-09,1.7959828706814219e-09,1.8600701923607457e-09,1.9241575140400696e-09,solver,40
158,1.9337101678289186e-09,1.8287221376164893e-09,1.8812161527227037e-09,1.9337101678289186e-09,solver,40
159,1.9445955131107928e-09,1.7700515521488254e-09,1.8573235326298092e-09,1.9445955131107928e-09,solver,40
160,1.8266489064999302e-09,1.7868960751704613e-09,1.8067724908351957e-09,1.8266489064999302e-09,solver,40
161,1.7436685133290612e-09,1.8348631790575089e-09,1.789265846193285e-09,1.8348631790575089e-09,solver,40
162,1.8372532593330193e-09,1.7730097215733236e-09,1.8051314904531715e-09,1.8372532593330193e-09,solver,40
163,1.8057988537371242e-09,1.8226812195784438e-09,1.814240036657784e-09,1.8226812195784438e-09,solver,40
164,1.782455558946957e-09,1.8260581089408563e-09,1.8042568339439067e-09,1.8260581089408563e-09,solver,40
165,1.8237208181003757e-09,1.834813690014533e-09,1.8292672540574543e-09,1.834813690014533e-09,solver,40
166,1.8729874842391064e-09,1.9018366769090537e-09,1.88741208057408e-09,1.9018366769090537e-09,solver,40
167,1.9470189937991074e-09,1.82829879213268e-09,1.8876588929658936e-09,1.9470189937991074e-09,solver,40
168,1.901636306358491e-09,1.8132876418434374e-09,1.8574619741009644e-09,1.901636306358491e-09,solver,40
169,1.924455965157534e-09,1.905024283576765e-09,1.9147401243671493e-09,1.924455965157534e-09,solver,40
170,2.1057687232976568e-09,1.802238645061568e-09,1.9540036841796125e-09,2.1057687232976568e-09,solver,40
171,1.8766878040025365e-09,1.8731191654111263e-09,1.8749034847068314e-09,1.8766878040025365e-09,solver,40
172,1.869958555170596e-09,1.8247580175764293e-09,1.8473582863735126e-09,1.869958555170596e-09,solver,40
173,1.8362505451932707e-09,2.0606157950102192e-09,1.9484331701017448e-09,2.0606157950102192e-09,solver,40
174,2.1643107980988984e-09,1.7979840430704763e-09,1.9811474205846873e-09,2.1643107980988984e-09,solver,40
175,1.887059504818094e-09,1.8864552406447124e-09,1.886757372731403e-09,1.887059504818094e-09,solver,40
176,1.8169499871158433e-09,1.6703787348754088e-09,1.7436643609956262e-09,1.8169499871158433e-09,solver,40
177,1.7285332572916151e-09,1.7704236571447834e-09,1.7494784572181993e-09,1.7704236571447834e-09,solver,40
178,2.0009151026237117e-09,1.7648690019142937e-09,1.8828920522690025e-09,2.0009151026237117e-09,solver,40
179,1.8535361708632112e-09,2.1073947319829917e-09,1.9804654514231015e-09,2.1073947319829917e-09,solver,40
180,1.8687681908911526e-09,2.0537547500977394e-09,1.961261470494446e-09,2.0537547500977394e-09,solver,40
181,1.92686216905294e-09,1.8606789210533762e-09,1.893770545053158e-09,1.92686216905294e-09,solver,40
182,1.8908634571366667e-09,1.984214195911654e-09,1.93753882652416e-09,1.984214195911654e-09,solver,40
183,2.188095573105925e-09,1.977768999454935e-09,2.0829322862804298e-09,2.188095573105925e-09,solver,40
184,2.233330377920024e-09,1.923423571293085e-09,2.0783769746065543e-09,2.233330377920024e-09,solver,40
185,2.0076879834786107e-09,1.8535071821481361e-09,1.9305975828133735e-09,2.0076879834786107e-09,solver,40
186,2.014926824248144e-09,1.9648897868215758e-09,1.98990830553486e-09,2.014926824248144e-09,solver,40
187,2.357893279447673e-09,1.9071236101303695e-09,2.1325084447890215e-09,2.357893279447673e-09,solver,40
188,1.8912735416655876e-09,2.2105288535400475e-09,2.0509011976028178e-09,2.2105288535400475e-09,solver,40
189,1.9726978646085727e-09,1.9087066452423395e-09,1.940702254925456e-09,1.9726978646085727e-09,solver,40
190,2.041999971398334e-09,2.1342906664352027e-09,2.0881453189167684e-09,2.1342906664352027e-09,solver,40
191,1.83572354634419e-09,2.504481166172223e-09,2.1701023562582063e-09,2.504481166172223e-09,solver,40
192,1.8614452848659833e-09,2.1734913903815374e-09,2.0174683376237604e-09,2.1734913903815374e-09,solver,40
193,1.8515616146828335e-09,1.9278573375808447e-09,1.889709476131839e-09,1.9278573375808447e-09,solver,40
194,2.0300854737929257e-09,2.126894377526367e-09,2.0784899256596467e-09,2.126894377526367e-09,solver,40
195,2.383392930033845e-09,1.9458242512245995e-09,2.1646085906292224e-09,2.383392930033845e-09,solver,40
196,1.963431522271157e-09,1.977711106745961e-09,1.970571314508559e-09,1.977711106745961e-09,solver,40
197,1.8875687278680642e-09,1.7858892291096623e-09,1.8367289784888632e-09,1.8875687278680642e-09,solver,40
198,2.167002327737173e-09,1.9115038666367e-09,2.0392530971869363e-09,2.167002327737173e-09,solver,40
199,2.3675009330336193e-09,1.9437156357635407e-09,2.15560828439858e-09,2.3675009330336193e-09,solver,40
200,2.0057627618492555e-09,1.9367792728677155e-09,1.9712710173584855e-09,2.0057627618492555e-09,solver,40
201,1.8444591757927304e-09,1.8103031322001333e-09,1.8273811539964318e-09,1.8444591757927304e-09,solver,40
202,2.053949995793153e-09,1.964480113541475e-09,2.009215054667314e-09,2.053949995793153e-09,solver,40
203,1.8548563727826398e-09,2.3406430769267572e-09,2.0977497248546983e-09,2.3406430769267572e-09,solver,40
204,2.0103162654104838e-09,1.871739445533936e-09,1.9410278554722096e-09,2.0103162654104838e-09,solver,40
205,1.6937128568550556e-09,1.817774454935665e-09,1.7557436558953604e-09,1.817774454935665e-09,solver,40
206,1.8004999647789512e-09,1.8606236231234265e-09,1.830561793951189e-09,1.8606236231234265e-09,solver,40
207,1.8055611049877151e-09,2.0995270267671973e-09,1.952544065877456e-09,2.0995270267671973e-09,solver,40
208,1.8520516200893386e-09,1.9142263719176905e-09,1.8831389960035148e-09,1.9142263719176905e-09,solver,40
209,1.7004562943089358e-09,1.8387576529127348e-09,1.7696069736108353e-09,1.8387576529127348e-09,solver,40
210,1.8068759279151923e-09,1.8315559770890533e-09,1.8192159525021227e-09,1.8315559770890533e-09,solver,40
211,1.940219188657088e-09,1.820513165744495e-09,1.8803661772007916e-09,1.940219188657088e-09,solver,40
212,1.8358693289876146e-09,1.8284522597538713e-09,1.832160794370743e-09,1.8358693289876146e-09,solver,40
213,1.73991161048849e-09,1.8122738571412709e-09,1.7760927338148804e-09,1.8122738571412709e-09,solver,40
214,1.8330696694488234e-09,1.7535395598790205e-09,1.7933046146639219e-09,1.8330696694488234e-09,solver,40
215,1.874848551780883e-09,1.8316114373800663e-09,1.8532299945804746e-09,1.874848551780883e-09,solver,40
216,1.989537799490989e-09,1.8095071030445834e-09,1.8995224512677863e-09,1.989537799490989e-09,solver,40
217,1.8288258170255534e-09,1.9335004156555223e-09,1.881163116340538e-09,1.9335004156555223e-09,solver,40
218,1.8837479611772644e-09,1.80858544682755e-09,1.846166704002407e-09,1.8837479611772644e-09,solver,40
219,1.858557612460014e-09,1.8889177743259572e-09,1.8737376933929857e-09,1.8889177743259572e-09,solver,40
220,1.790078970872562e-09,1.958384753586851e-09,1.8742318622297068e-09,1.958384753586851e-09,solver,40
221,1.7958109716492956e-09,1.7847301700270906e-09,1.790270570838193e-09,1.7958109716492956e-09,solver,40
222,1.7452798399728192e-09,1.7569667328147464e-09,1.7511232863937829e-09,1.7569667328147464e-09,solver,40
223,1.751353844190515e-09,1.887115389129244e-09,1.8192346166598795e-09,1.887115389129244e-09,solver,40
224,1.9972058537967494e-09,1.7133554635342239e-09,1.8552806586654866e-09,1.9972058537967494e-09,solver,40
225,1.7476833018346445e-09,1.8437621980294526e-09,1.7957227499320485e-09,1.8437621980294526e-09,solver,40
226,1.6825846939868317e-09,1.870332530461529e-09,1.7764586122241804e-09,1.870332530461529e-09,solver,40
227,1.9473664146414262e-09,1.8310081492697376e-09,1.889187281955582e-09,1.9473664146414262e-09,solver,40
228,1.6690735935045452e-09,2.108404306874707e-09,1.888738950189626e-09,2.108404306874707e-09,solver,40
229,1.8223594763894876e-09,1.6936283578227372e-09,1.7579939171061125e-09,1.8223594763894876e-09,solver,40
230,1.714175256735924e-09,1.7019284557766777e-09,1.7080518562563008e-09,1.714175256735924e-09,solver,40
231,1.6905046722145848e-09,1.91631511593959e-09,1.8034098940770874e-09,1.91631511593959e-09,solver,40
232,1.928141982968307e-09,1.7528421403673459e-09,1.8404920616678265e-09,1.928141982968307e-09,solver,40
233,1.7259402045715336e-09,1.872460410267954e-09,1.7992003074197438e-09,1.872460410267954e-09,solver,40
234,1.7953816080600784e-09,1.755434310226766e-09,1.7754079591434222e-09,1.7953816080600784e-09,solver,40
235,1.7421410624498425e-09,1.7897576837977984e-09,1.7659493731238205e-09,1.7897576837977984e-09,solver,40
236,1.8004801917986898e-09,1.780407387742304e-09,1.7904437897704969e-09,1.8004801917986898e-09,solver,40
237,1.886679224813276e-09,1.722212687891626e-09,1.804445956352451e-09,1.886679224813276e-09,solver,40
238,1.788659442009354e-09,1.8032037858644527e-09,1.7959316139369032e-09,1.8032037858644527e-09,solver,40
239,1.8784196094165522e-09,1.8099863605461873e-09,1.8442029849813697e-09,1.8784196094165522e-09,solver,40
240,1.932816779092611e-09,1.8935278464433607e-09,1.913172312767986e-09,1.932816779092611e-09,solver,40
241,2.000652205895865e-09,1.7386618469913547e-09,1.86965702644361e-09,2.000652205895865e-09,solver,40
242,1.8482258568734596e-09,1.6990531551787847e-09,1.7736395060261222e-09,1.8482258568734596e-09,solver,40
243,1.7534663263072337e-09,1.8211053188268e-09,1.7872858225670168e-09,1.8211053188268e-09,solver,40
244,1.926865566456357e-09,1.8407513311747503e-09,1.8838084488155537e-09,1.926865566456357e-09,solver,40
245,1.974384042421181e-09,1.8898000337282653e-09,1.932092038074723e-09,1.974384042421181e-09,solver,40
246,2.0069562132265207e-09,1.750905416283587e-09,1.878930814755054e-09,2.0069562132265207e-09,solver,40
247,1.8167958072005442e-09,1.7621732648674547e-09,1.7894845360339995e-09,1.8167958072005442e-09,solver,40
248,1.716660121437472e-09,1.8048680549398558e-09,1.760764088188664e-09,1.8048680549398558e-09,solver,40
249,1.8907349335407296e-09,1.686939359241738e-09,1.7888371463912338e-09,1.8907349335407296e-09,solver,40
250,1.76885774731889e-09,1.824984829074226e-09,1.7969212881965579e-09,1.824984829074226e-09,solver,40
251,1.7378874576117043e-09,1.781522526866582e-09,1.7597049922391431e-09,1.781522526866582e-09,solver,40
252,1.8020258797636208e-09,1.7905590110812177e-09,1.7962924454224193e-09,1.8020258797636208e-09,solver,40
253,1.9729778068892607e-09,1.841482519368618e-09,1.9072301631289394e-09,1.9729778068892607e-09,solver,40
254,1.7558134664774823e-09,2.0287012479141274e-09,1.892257357195805e-09,2.0287012479141274e-09,solver,40
255,1.707312951795791e-09,1.8654103988157844e-09,1.7863616753057877e-09,1.8654103988157844e-09,solver,40
256,1.8589725874807375e-09,1.7708200644743156e-09,1.8148963259775266e-09,1.8589725874807375e-09,solver,40
257,1.7964327452069137e-09,2.0134451570919343e-09,1.904938951149424e-09,2.0134451570919343e-09,solver,40
258,1.8571820590603986e-09,1.8301763035083995e-09,1.843679181284399e-09,1.8571820590603986e-09,solver,40
259,1.7660837625403376e-09,1.7085336951162175e-09,1.7373087288282776e-09,1.7660837625403376e-09,solver,40
260,1.8745913512810313e-09,1.7089774985476409e-09,1.791784424914336e-09,1.8745913512810313e-09,solver,40
261,2.0728513096288397e-09,1.6394577973021667e-09,1.8561545534655032e-09,2.0728513096288397e-09,solver,40
262,1.7744299258272807e-09,1.8635084368580707e-09,1.8189691813426757e-09,1.8635084368580707e-09,solver,40
263,1.7689414350253996e-09,1.7112368709281702e-09,1.7400891529767849e-09,1.7689414350253996e-09,solver,40
264,1.721758788207598e-09,1.7477806083989561e-09,1.734769698303277e-09,1.7477806083989561e-09,solver,40
265,1.7157260985968494e-09,1.7771941280892903e-09,1.74646011334307e-09,1.7771941280892903e-09,solver,40
266,1.665324845422353e-09,1.8009730542289375e-09,1.7331489498256453e-09,1.8009730542289375e-09,solver,40
267,1.7252593251276057e-09,1.7521436780645948e-09,1.7387015015961003e-09,1.7521436780645948e-09,solver,40
268,1.7252590445118142e-09,1.8171038859864064e-09,1.7711814652491103e-09,1.8171038859864064e-09,solver,40
269,1.7439476756612211e-09,1.90561361240876e-09,1.8247806440349907e-09,1.90561361240876e-09,solver,40
270,1.8980083654715974e-09,1.8174153734057348e-09,1.8577118694386662e-09,1.8980083654715974e-09,solver,40
271,1.8988987941251567e-09,1.8021714508522411e-09,1.8505351224886989e-09,1.8988987941251567e-09,solver,40
272,1.898269610493239e-09,1.87581948680877e-09,1.887044548651005e-09,1.898269610493239e-09,solver,40
273,1.96704394275779e-09,1.894482130251966e-09,1.930763036504878e-09,1.96704394275779e-09,solver,40
274,1.807877660800958e-09,1.9413546595593764e-09,1.874616160180167e-09,1.9413546595593764e-09,solver,40
275,1.7912357041867372e-09,1.7979666305899833e-09,1.7946011673883603e-09,1.7979666305899833e-09,solver,40
276,1.8855131057976413e-09,1.7364593773313139e-09,1.8109862415644777e-09,1.8855131057976413e-09,solver,40
277,1.8240951445556116e-09,1.892849510740076e-09,1.8584723276478436e-09,1.892849510740076e-09,solver,40
278,1.865936710353794e-09,1.819228690497145e-09,1.8425827004254695e-09,1.865936710353794e-09,solver,40
279,1.8131440297684339e-09,1.7852061941907686e-09,1.7991751119796011e-09,1.8131440297684339e-09,solver,40
280,1.7661409007436965e-09,1.787765100374169e-09,1.7769530005589328e-09,1.787765100374169e-09,solver,40
281,1.7621617527735233e-09,1.801074847394672e-09,1.7816183000840976e-09,1.801074847394672e-09,solver,40
282,1.8297513604157086e-09,1.7709866192720829e-09,1.8003689898438956e-09,1.8297513604157086e-09,solver,40
283,1.7682844331769694e-09,1.793922533794085e-09,1.7811034834855271e-09,1.793922533794085e-09,solver,40
284,1.7128158592335723e-09,1.730499808570426e-09,1.7216578339019992e-09,1.730499808570426e-09,solver,40
285,1.7480496271825513e-09,1.6852406478181848e-09,1.716645137500368e-09,1.7480496271825513e-09,solver,40
286,1.7048667491517121e-09,1.8592820893193176e-09,1.7820744192355148e-09,1.8592820893193176e-09,solver,40
287,1.829876676384857e-09,1.844950554411013e-09,1.837413615397935e-09,1.844950554411013e-09,solver,40
288,1.906601200361162e-09,1.780198812587408e-09,1.8434000064742848e-09,1.906601200361162e-09,solver,40
289,1.8270232503418991e-09,1.8277978016808305e-09,1.827410526011365e-09,1.8277978016808305e-09,solver,40
290,1.795716526826107e-09,1.7753521633731495e-09,1.7855343450996283e-09,1.795716526826107e-09,solver,40
291,1.754971792029618e-09,1.7174895446393802e-09,1.7362306683344991e-09,1.754971792029618e-09,solver,40
292,1.680874157180409e-09,1.7992473422337009e-09,1.740060749707055e-09,1.7992473422337009e-09,solver,40
293,1.7473477757035877e-09,1.818758101730588e-09,1.7830529387170878e-09,1.818758101730588e-09,solver,40
294,1.8903438360409312e-09,1.7080065393439609e-09,1.799175187692446e-09,1.8903438360409312e-09,solver,40
295,1.858042484817071e-09,1.7455728520234691e-09,1.80180766842027e-09,1.858042484817071e-09,solver,40
296,1.7436700321777498e-09,1.7905128888834266e-09,1.7670914605305882e-09,1.7905128888834266e-09,solver,40
297,1.6726129832152208e-09,1.787441718779454e-09,1.7300273509973375e-09,1.787441718779454e-09,solver,40
298,1.7622935115108293e-09,1.791807498351801e-09,1.7770505049313151e-09,1.791807498351801e-09,solver,40
299,1.8791692221719878e-09,1.7770893367981657e-09,1.8281292794850768e-09,1.8791692221719878e-09,solver,40
300,1.712939584941511e-09,1.8516455041719352e-09,1.7822925445567231e-09,1.8516455041719352e-09,solver,40
301,1.7346708382988086e-09,1.7025441653396344e-09,1.7186075018192214e-09,1.7346708382988086e-09,solver,40
302,1.702193684332654e-09,1.831716343831993e-09,1.7669550140823234e-09,1.831716343831993e-09,solver,40
303,1.7605535307055316e-09,1.906282040689534e-09,1.8334177856975329e-09,1.906282040689534e-09,solver,40
304,1.7875577106982018e-09,1.8481551419975897e-09,1.8178564263478956e-09,1.8481551419975897e-09,solver,40
305,1.7552638047687599e-09,1.8062506791119614e-09,1.7807572419403606e-09,1.8062506791119614e-09,solver,40
306,1.75000498373378e-09,1.8521790803491043e-09,1.8010920320414422e-09,1.8521790803491043e-09,solver,40
307,1.878579212961826e-09,1.7786255555605032e-09,1.8286023842611646e-09,1.878579212961826e-09,solver,40
308,1.7138591063040938e-09,1.8644200669732044e-09,1.7891395866386491e-09,1.8644200669732044e-09,solver,40
309,1.7879571674260893e-09,1.7324703200876184e-09,1.760213743756854e-09,1.7879571674260893e-09,solver,40
310,1.7519198699833453e-09,1.8703334928446325e-09,1.811126681413989e-09,1.8703334928446325e-09,solver,40
311,1.7947067920626107e-09,1.8860782476850164e-09,1.8403925198738135e-09,1.8860782476850164e-09,solver,40
312,1.8750000053393026e-09,1.654349865570291e-09,1.7646749354547968e-09,1.8750000053393026e-09,solver,40
313,1.6130952943181643e-09,1.7750440532265428e-09,1.6940696737723536e-09,1.7750440532265428e-09,solver,40
314,1.7858957754059737e-09,1.658455030243383e-09,1.7221754028246784e-09,1.7858957754059737e-09,solver,40
315,1.739348359257985e-09,1.8145380830010457e-09,1.7769432211295153e-09,1.8145380830010457e-09,solver,40
316,1.752105528888262e-09,1.7620918113375761e-09,1.757098670112919e-09,1.7620918113375761e-09,solver,40
317,1.7305540932705338e-09,1.7294558412512054e-09,1.7300049672608696e-09,1.7305540932705338e-09,solver,40
318,1.864204109165813e-09,1.7224449495446878e-09,1.7933245293552502e-09,1.864204109165813e-09,solver,40
319,1.9602898592357516e-09,1.752381592201027e-09,1.8563357257183893e-09,1.9602898592357516e-09,solver,40
320,1.6605604192412451e-09,1.969636237009626e-09,1.8150983281254355e-09,1.969636237009626e-09,solver,40
321,1.8162646400759808e-09,1.7147510164568561e-09,1.7655078282664185e-09,1.8162646400759808e-09,solver,40
322,1.8154962085728463e-09,1.857948446687955e-09,1.8367223276304006e-09,1.857948446687955e-09,solver,40
323,1.7540015089991562e-09,2.0956756141897137e-09,1.924838561594435e-09,2.0956756141897137e-09,solver,40
324,1.9023560071763162e-09,1.84762214449531e-09,1.874989075835813e-09,1.9023560071763162e-09,solver,40
325,1.8100657638118282e-09,1.6904700471671236e-09,1.750267905489476e-09,1.8100657638118282e-09,solver,40
326,1.7646318501963842e-09,1.7677395027654432e-09,1.7661856764809138e-09,1.7677395027654432e-09,solver,40
327,1.898930148601483e-09,1.7159356377745165e-09,1.8074328931879997e-09,1.898930148601483e-09,solver,40
328,1.7414383275926715e-09,1.727231858577358e-09,1.7343350930850146e-09,1.7414383275926715e-09,solver,40
329,1.6735736662589577e-09,1.649467251872321e-09,1.6615204590656394e-09,1.6735736662589577e-09,solver,40
330,1.6908330678511563e-09,1.6859462996525246e-09,1.6883896837518404e-09,1.6908330678511563e-09,solver,40
331,1.7157166898342474e-09,1.7386117120617688e-09,1.727164200948008e-09,1.7386117120617688e-09,solver,40
332,1.738854005763566e-09,1.7374692450366996e-09,1.7381616254001327e-09,1.738854005763566e-09,solver,40
333,1.706899148454258e-09,1.7750110886995771e-09,1.7409551185769176e-09,1.7750110886995771e-09,solver,40
334,1.7443896764589403e-09,1.7296842607476033e-09,1.7370369686032718e-09,1.7443896764589403e-09,solver,40
335,1.885135040286064e-09,1.6234250179160088e-09,1.7542800291010364e-09,1.885135040286064e-09,solver,40
336,1.738140052791322e-09,1.8669012922079212e-09,1.8025206724996215e-09,1.8669012922079212e-09,solver,40
337,1.7536710498486312e-09,1.8035697917773877e-09,1.7786204208130094e-09,1.8035697917773877e-09,solver,40
338,1.6830628500550045e-09,1.770945401943581e-09,1.7270041259992927e-09,1.770945401943581e-09,solver,40
339,1.7891151374667583e-09,1.7662088482847669e-09,1.7776619928757627e-09,1.7891151374667583e-09,solver,40
340,1.8666548901515015e-09,1.8307626181312578e-09,1.8487087541413798e-09,1.8666548901515015e-09,solver,40
341,1.687886388248848e-09,1.8449394034092543e-09,1.7664128958290512e-09,1.8449394034092543e-09,solver,40
342,1.8024166825445024e-09,1.7034231774646401e-09,1.7529199300045713e-09,1.8024166825445024e-09,solver,40
343,1.7504039911298587e-09,1.7505413229145028e-09,1.7504726570221807e-09,1.7505413229145028e-09,solver,40
344,1.7565720639529648e-09,1.7464187426774172e-09,1.751495403315191e-09,1.7565720639529648e-09,solver,40
345,1.7147113879317835e-09,1.7501201073685104e-09,1.732415747650147e-09,1.7501201073685104e-09,solver,40
346,1.6796560251644662e-09,1.7026951334311672e-09,1.6911755792978168e-09,1.7026951334311672e-09,solver,40
347,1.6984306112581323e-09,1.605835223702334e-09,1.6521329174802333e-09,1.6984306112581323e-09,solver,40
348,1.6620886971279592e-09,1.6301782516446436e-09,1.6461334743863013e-09,1.6620886971279592e-09,solver,40
349,1.6811250186793618e-09,1.654240762069101e-09,1.6676828903742314e-09,1.6811250186793618e-09,solver,40
350,1.6663001653346336e-09,1.6990833375295898e-09,1.6826917514321117e-09,1.6990833375295898e-09,solver,40
351,1.6171981226930832e-09,1.7203139336854316e-09,1.6687560281892574e-09,1.7203139336854316e-09,solver,40
352,1.6468014355501086e-09,1.6459190466019209e-09,1.6463602410760147e-09,1.6468014355501086e-09,solver,40
353,1.6783581743437832e-09,1.637141629859515e-09,1.6577499021016492e-09,1.6783581743437832e-09,solver,40
354,1.711230669808316e-09,1.713419231003662e-09,1.712324950405989e-09,1.713419231003662e-09,solver,40
355,1.7877818439427954e-09,1.7247629247453999e-09,1.7562723843440976e-09,1.7877818439427954e-09,solver,40
356,1.770519578938989e-09,1.7341947740857157e-09,1.7523571765123524e-09,1.770519578938989e-09,solver,40
357,1.6992458555108688e-09,1.7297359566750473e-09,1.714490906092958e-09,1.7297359566750473e-09,solver,40
358,1.6867643559841985e-09,1.6515164139279176e-09,1.669140384956058e-09,1.6867643559841985e-09,solver,40
359,1.7084178761143774e-09,1.5632503710719077e-09,1.6358341235931426e-09,1.7084178761143774e-09,solver,40
360,1.5551443321994643e-09,1.7173805359776346e-09,1.6362624340885494e-09,1.7173805359776346e-09,solver,40
361,1.6874578561561333e-09,1.6384913056686816e-09,1.6629745809124073e-09,1.6874578561561333e-09,solver,40
362,1.7515228101840558e-09,1.616443609418912e-09,1.683983209801484e-09,1.7515228101840558e-09,solver,40
363,1.730881272641008e-09,1.6739724482344185e-09,1.7024268604377133e-09,1.730881272641008e-09,solver,40
364,1.766106595549856e-09,1.6675762502127165e-09,1.7168414228812861e-09,1.766106595549856e-09,solver,40
365,1.6441064282237777e-09,1.7824638497933102e-09,1.713285139008544e-09,1.7824638497933102e-09,solver,40
366,1.7213658770341998e-09,1.6821351027893436e-09,1.7017504899117718e-09,1.7213658770341998e-09,solver,40
367,1.682799852282008e-09,1.732970924009271e-09,1.7078853881456397e-09,1.732970924009271e-09,solver,40
368,1.7516385850142883e-09,1.704308137565592e-09,1.72797336128994e-09,1.7516385850142883e-09,solver,40
369,1.719439222142363e-09,1.7396389413935899e-09,1.7295390817679764e-09,1.7396389413935899e-09,solver,40
370,1.7051701086511233e-09,1.7070620797452487e-09,1.706116094198186e-09,1.7070620797452487e-09,solver,40
371,1.7251140311446716e-09,1.6413495473439774e-09,1.6832317892443245e-09,1.7251140311446716e-09,solver,40
372,1.6134085723509403e-09,1.7439906619432658e-09,1.678699617147103e-09,1.7439906619432658e-09,solver,40
373,1.7471870541775836e-09,1.6207966361192184e-09,1.6839918451484011e-09,1.7471870541775836e-09,solver,40
374,1.650862901861051e-09,1.7270339652845267e-09,1.688948433572789e-09,1.7270339652845267e-09,solver,40
375,1.7332907774747893e-09,1.667833166131209e-09,1.700561971802999e-09,1.7332907774747893e-09,solver,40
376,1.6975785933436133e-09,1.748439491019636e-09,1.7230090421816246e-09,1.748439491019636e-09,solver,40
377,1.7779176099430419e-09,1.6921776526316525e-09,1.735047631287347e-09,1.7779176099430419e-09,solver,40
378,1.7492062461672868e-09,1.6962669504055125e-09,1.7227365982863998e-09,1.7492062461672868e-09,solver,40
379,1.6830876564580448e-09,1.7378553683752174e-09,1.710471512416631e-09,1.7378553683752174e-09,solver,40
380,1.7482643919195417e-09,1.7008799174368172e-09,1.7245721546781793e-09,1.7482643919195417e-09,solver,40
381,1.6904096576804066e-09,1.7901934561882406e-09,1.7403015569343237e-09,1.7901934561882406e-09,solver,40
382,1.7850544540697997e-09,1.6844067003114614e-09,1.7347305771906305e-09,1.7850544540697997e-09,solver,40
383,1.6251719472724926e-09,1.8164702277015395e-09,1.7208210874870162e-09,1.8164702277015395e-09,solver,40
384,1.7410861422782018e-09,1.706075582013725e-09,1.7235808621459634e-09,1.7410861422782018e-09,solver,40
385,1.7045847256590923e-09,1.7626102995872504e-09,1.7335975126231715e-09,1.7626102995872504e-09,solver,40
386,1.6946387400216287e-09,1.7784156019166776e-09,1.7365271709691531e-09,1.7784156019166776e-09,solver,40
387,1.7367799323343198e-09,1.6937249956363726e-09,1.7152524639853463e-09,1.7367799323343198e-09,solver,40
388,1.6143271051662292e-09,1.738092569741606e-09,1.6762098374539175e-09,1.738092569741606e-09,solver,40
389,1.6940367919370792e-09,1.621820174571311e-09,1.657928483254195e-09,1.6940367919370792e-09,solver,40
390,1.7189593543175042e-09,1.6271644749484069e-09,1.6730619146329555e-09,1.7189593543175042e-09,solver,40
391,1.652071281763822e-09,1.7490682363911943e-09,1.7005697590775081e-09,1.7490682363911943e-09,solver,40
392,1.8236568122369592e-09,1.6008537724076144e-09,1.7122552923222868e-09,1.8236568122369592e-09,solver,40
393,1.7160155406216833e-09,1.7115328239397158e-09,1.7137741822806995e-09,1.7160155406216833e-09,solver,40
394,1.6064218501164382e-09,1.8020913673302945e-09,1.7042566087233663e-09,1.8020913673302945e-09,solver,40
395,1.6914235236912777e-09,1.71234155847039e-09,1.701882541080834e-09,1.71234155847039e-09,solver,40
396,1.766938318504015e-09,1.6359699000789112e-09,1.7014541092914632e-09,1.766938318504015e-09,solver,40
397,1.6618248222733811e-09,1.7658041180898042e-09,1.7138144701815928e-09,1.7658041180898042e-09,solver,40
398,1.7150495425053713e-09,1.7203619464465322e-09,1.7177057444759517e-09,1.7203619464465322e-09,solver,40
399,1.7396932128440902e-09,1.6632489528045917e-09,1.701471082824341e-09,1.7396932128440902e-09,solver,40
400,1.6820655866788514e-09,1.6950764320464108e-09,1.6885710093626311e-09,1.6950764320464108e-09,solver,40
401,1.6424854052279016e-09,1.7297645915957216e-09,1.6861249984118115e-09,1.7297645915957216e-09,solver,40
402,1.7009528108333405e-09,1.689352535538232e-09,1.6951526731857862e-09,1.7009528108333405e-09,solver,40
403,1.727698403867458e-09,1.7118385799596547e-09,1.7197684919135565e-09,1.727698403867458e-09,solver,40
404,1.8123010287749774e-09,1.6851539227904152e-09,1.7487274757826963e-09,1.8123010287749774e-09,solver,40
405,1.7573609414873333e-09,1.756559375614976e-09,1.7569601585511547e-09,1.7573609414873333e-09,solver,40
406,1.72053323680643e-09,1.7460270736342174e-09,1.7332801552203237e-09,1.7460270736342174e-09,solver,40
407,1.6782051113223192e-09,1.7194384554055055e-09,1.6988217833639124e-09,1.7194384554055055e-09,solver,40
408,1.6917198938187243e-09,1.6435423845013897e-09,1.6676311391600569e-09,1.6917198938187243e-09,solver,40
409,1.6456517602920835e-09,1.6398036456899638e-09,1.6427277029910237e-09,1.6456517602920835e-09,solver,40
410,1.5848796568187946e-09,1.6704799048456918e-09,1.6276797808322431e-09,1.6704799048456918e-09,solver,40
411,1.635171175127379e-09,1.6241125385758889e-09,1.629641856851634e-09,1.635171175127379e-09,solver,40
412,1.7021219639911146e-09,1.6077940696751294e-09,1.654958016833122e-09,1.7021219639911146e-09,solver,40
413,1.6019946289616874e-09,1.7971097701711652e-09,1.6995521995664263e-09,1.7971097701711652e-09,solver,40
414,1.7473599480373079e-09,1.7250283075199555e-09,1.7361941277786317e-09,1.7473599480373079e-09,solver,40
415,1.7707384560496412e-09,1.6882835916303365e-09,1.7295110238399889e-09,1.7707384560496412e-09,solver,40
416,1.720095108631002e-09,1.6793298383312104e-09,1.6997124734811062e-09,1.720095108631002e-09,solver,40
417,1.721326159445909e-09,1.6561063390756592e-09,1.6887162492607842e-09,1.721326159445909e-09,solver,40
418,1.7181711935859812e-09,1.70581244512274e-09,1.7119918193543606e-09,1.7181711935859812e-09,solver,40
419,1.652518329538818e-09,1.8074054841493274e-09,1.7299619068440728e-09,1.8074054841493274e-09,solver,40
420,1.8077372219019908e-09,1.6258313066303567e-09,1.7167842642661738e-09,1.8077372219019908e-09,solver,40
421,1.614433380238498e-09,1.766972446758872e-09,1.690702913498685e-09,1.766972446758872e-09,solver,40
422,1.785268681248856e-09,1.57300959943641e-09,1.679139140342633e-09,1.785268681248856e-09,solver,40
423,1.6657592328851068e-09,1.7249055169428257e-09,1.6953323749139663e-09,1.7249055169428257e-09,solver,40
424,1.6979389849838823e-09,1.7321347471574591e-09,1.7150368660706706e-09,1.7321347471574591e-09,solver,40
425,1.781880190554632e-09,1.6851217402073847e-09,1.7335009653810084e-09,1.781880190554632e-09,solver,40
426,1.7287065927040075e-09,1.7886948297856493e-09,1.7587007112448284e-09,1.7886948297856493e-09,solver,40
427,1.788965173734433e-09,1.7674225625542596e-09,1.7781938681443463e-09,1.788965173734433e-09,solver,40
428,1.819423809227679e-09,1.7201140455099398e-09,1.7697689273688094e-09,1.819423809227679e-09,solver,40
429,1.7612112936022484e-09,1.7275913531974632e-09,1.7444013233998558e-09,1.7612112936022484e-09,solver,40
430,1.6842076967971565e-09,1.7819139395854455e-09,1.733060818191301e-09,1.7819139395854455e-09,solver,40
431,1.693608360494606e-09,1.787688780002854e-09,1.7406485702487301e-09,1.787688780002854e-09,solver,40
432,1.795571082563533e-09,1.68600850983803e-09,1.7407897962007815e-09,1.795571082563533e-09,solver,40
433,1.7122224818786448e-09,1.7595880342072623e-09,1.7359052580429536e-09,1.7595880342072623e-09,solver,40
434,1.7788046999747064e-09,1.7157885805815557e-09,1.747296640278131e-09,1.7788046999747064e-09,solver,40
435,1.7071597473522944e-09,1.817439717992607e-09,1.7622997326724508e-09,1.817439717992607e-09,solver,40
436,1.7043373952683326e-09,1.7789545215465635e-09,1.741645958407448e-09,1.7789545215465635e-09,solver,40
437,1.7628363989979222e-09,1.6037616219883859e-09,1.683299010493154e-09,1.7628363989979222e-09,solver,40
438,1.6124957169483214e-09,1.6601763980167617e-09,1.6363360574825415e-09,1.6601763980167617e-09,solver,40
439,1.7113640607973085e-09,1.5326187564780197e-09,1.6219914086376641e-09,1.7113640607973085e-09,solver,40
440,1.5578458794642165e-09,1.7357553006726115e-09,1.6468005900684141e-09,1.7357553006726115e-09,solver,40
441,1.6941233037606705e-09,1.6932210271441133e-09,1.693672165452392e-09,1.6941233037606705e-09,solver,40
442,1.6953928630766691e-09,1.758665799523472e-09,1.7270293313000706e-09,1.758665799523472e-09,solver,40
443,1.7600462588289824e-09,1.7098182935085189e-09,1.7349322761687506e-09,1.7600462588289824e-09,solver,40
444,1.7589280301863762e-09,1.6931502183677316e-09,1.7260391242770538e-09,1.7589280301863762e-09,solver,40
445,1.6936375699320234e-09,1.7351903650105426e-09,1.714413967471283e-09,1.7351903650105426e-09,solver,40
446,1.7467886075455735e-09,1.6670195627589985e-09,1.7069040851522859e-09,1.7467886075455735e-09,solver,40
447,1.6787840878999194e-09,1.7495893344358978e-09,1.7141867111679086e-09,1.7495893344358978e-09,solver,40
448,1.7222872745874094e-09,1.7518252921676558e-09,1.7370562833775325e-09,1.7518252921676558e-09,solver,40
449,1.7130225706705225e-09,1.7751683587089164e-09,1.7440954646897193e-09,1.7751683587089164e-09,solver,40
450,1.6820639013857828e-09,1.7477426222903844e-09,1.7149032618380836e-09,1.7477426222903844e-09,solver,40
451,1.671026655180492e-09,1.6879588025757813e-09,1.6794927288781366e-09,1.6879588025757813e-09,solver,40
452,1.7218600190788314e-09,1.6125178403339368e-09,1.667188929706384e-09,1.7218600190788314e-09,solver,40
453,1.6424992816345546e-09,1.689357551439233e-09,1.6659284165368936e-09,1.689357551439233e-09,solver,40
454,1.6248758077933208e-09,1.6885365261664646e-09,1.6567061669798927e-09,1.6885365261664646e-09,solver,40
455,1.6328731991143025e-09,1.6751225854002894e-09,1.6539978922572958e-09,1.6751225854002894e-09,solver,40
456,1.6922179736020078e-09,1.6196764591511645e-09,1.655947216376586e-09,1.6922179736020078e-09,solver,40
457,1.6522220493161397e-09,1.6324639811996041e-09,1.642343015257872e-09,1.6522220493161397e-09,solver,40
458,1.6780499631074773e-09,1.587598079125258e-09,1.6328240211163678e-09,1.6780499631074773e-09,solver,40
459,1.667263337813691e-09,1.662475905700549e-09,1.66486962175712e-09,1.667263337813691e-09,solver,40
460,1.654787465968104e-09,1.752130735590297e-09,1.7034591007792006e-09,1.752130735590297e-09,solver,40
461,1.7301296070428955e-09,1.6802417574593782e-09,1.7051856822511369e-09,1.7301296070428955e-09,solver,40
462,1.6315641300530091e-09,1.7292362678765528e-09,1.680400198964781e-09,1.7292362678765528e-09,solver,40
463,1.7314498141235585e-09,1.6039940362411556e-09,1.667721925182357e-09,1.7314498141235585e-09,solver,40
464,1.6578003088503421e-09,1.707285840747763e-09,1.6825430747990526e-09,1.707285840747763e-09,solver,40
465,1.6761033237655997e-09,1.749833379026496e-09,1.7129683513960478e-09,1.749833379026496e-09,solver,40
466,1.7082349225466726e-09,1.7741331459065184e-09,1.7411840342265955e-09,1.7741331459065184e-09,solver,40
467,1.7517819835838893e-09,1.7459168304240013e-09,1.7488494070039453e-09,1.7517819835838893e-09,solver,40
468,1.6846211362432623e-09,1.788067138866741e-09,1.7363441375550016e-09,1.788067138866741e-09,solver,40
469,1.7313063997984508e-09,1.7120815536226088e-09,1.7216939767105298e-09,1.7313063997984508e-09,solver,40
470,1.6901188680906222e-09,1.7329901824395672e-09,1.7115545252650946e-09,1.7329901824395672e-09,solver,40
471,1.734598699095812e-09,1.6657466307277711e-09,1.7001726649117916e-09,1.734598699095812e-09,solver,40
472,1.6698673819594216e-09,1.6979451063274372e-09,1.6839062441434294e-09,1.6979451063274372e-09,solver,40
473,1.6391868353055486e-09,1.7254279743908132e-09,1.682307404848181e-09,1.7254279743908132e-09,solver,40
474,1.7368275840916184e-09,1.682084276053782e-09,1.7094559300727002e-09,1.7368275840916184e-09,solver,40
475,1.698846452843752e-09,1.7752241074348272e-09,1.7370352801392895e-09,1.7752241074348272e-09,solver,40
476,1.7224124688495151e-09,1.7395360139918222e-09,1.7309742414206688e-09,1.7395360139918222e-09,solver,40
477,1.661908193153148e-09,1.7059048023010686e-09,1.6839064977271082e-09,1.7059048023010686e-09,solver,40
478,1.6284044775676316e-09,1.6391876256723228e-09,1.6337960516199773e-09,1.6391876256723228e-09,solver,40
479,1.6043409435144792e-09,1.6589226189782981e-09,1.6316317812463887e-09,1.6589226189782981e-09,solver,40
480,1.7644228615506513e-09,1.5718900956733661e-09,1.6681564786120087e-09,1.7644228615506513e-09,solver,40
481,1.6014597836070756e-09,1.7882649832938459e-09,1.6948623834504606e-09,1.7882649832938459e-09,solver,40
482,1.7680049090284617e-09,1.62081581441211e-09,1.694410361720286e-09,1.7680049090284617e-09,solver,40
483,1.6943049665159265e-09,1.6888160356676917e-09,1.691560501091809e-09,1.6943049665159265e-09,solver,40
484,1.705566174014339e-09,1.7035406276922252e-09,1.704553400853282e-09,1.705566174014339e-09,solver,40
485,1.6822676754781444e-09,1.7840236911929174e-09,1.733145683335531e-09,1.7840236911929174e-09,solver,40
486,1.7666208735113674e-09,1.7448917096060965e-09,1.755756291558732e-09,1.7666208735113674e-09,solver,40
487,1.7802019220692357e-09,1.7260597762875143e-09,1.7531308491783751e-09,1.7802019220692357e-09,solver,40
488,1.6892986947252332e-09,1.8036497045337037e-09,1.7464741996294683e-09,1.8036497045337037e-09,solver,40
489,1.8211619573124827e-09,1.6906893867948702e-09,1.7559256720536766e-09,1.8211619573124827e-09,solver,40
490,1.7393513941749396e-09,1.782484289458094e-09,1.7609178418165168e-09,1.782484289458094e-09,solver,40
491,1.6749947838368597e-09,1.807875892217833e-09,1.7414353380273464e-09,1.807875892217833e-09,solver,40
492,1.7654193890778744e-09,1.6753771912830652e-09,1.7203982901804697e-09,1.7654193890778744e-09,solver,40
493,1.7341436607040057e-09,1.6804989955674384e-09,1.707321328135722e-09,1.7341436607040057e-09,solver,40
494,1.7291576121771393e-09,1.6577459963683991e-09,1.6934518042727691e-09,1.7291576121771393e-09,solver,40
495,1.6173544140394327e-09,1.7614848997598164e-09,1.6894196568996246e-09,1.7614848997598164e-09,solver,40
496,1.7246692229207603e-09,1.711865621613727e-09,1.7182674222672435e-09,1.7246692229207603e-09,solver,40
497,1.8031929489730153e-09,1.7180998822674201e-09,1.7606464156202177e-09,1.8031929489730153e-09,solver,40
498,1.734302144716601e-09,1.8344585471227427e-09,1.7843803459196718e-09,1.8344585471227427e-09,solver,40
499,1.8547688773101006e-09,1.6909256658322331e-09,1.7728472715711669e-09,1.8547688773101006e-09,solver,40
500,1.7019860987116032e-09,1.7812437591552039e-09,1.7416149289334035e-09,1.7812437591552039e-09,solver,40
501,1.693841196370788e-09,1.7311790208686821e-09,1.7125101086197352e-09,1.7311790208686821e-09,solver,40
502,1.6690081155702186e-09,1.7429354592160013e-09,1.70597178739311e-09,1.7429354592160013e-09,solver,40
503,1.6900660591986375e-09,1.7434575681306577e-09,1.7167618136646477e-09,1.7434575681306577e-09,solver,40
504,1.810548387015966e-09,1.622514015699974e-09,1.71653120135797e-09,1.810548387015966e-09,solver,40
505,1.5900047265709948e-09,1.8247515400504135e-09,1.707378133310704e-09,1.8247515400504135e-09,solver,40
506,1.7355365532221079e-09,1.6981153510006272e-09,1.7168259521113675e-09,1.7355365532221079e-09,solver,40
507,1.7357973031237453e-09,1.7216475500244355e-09,1.7287224265740905e-09,1.7357973031237453e-09,solver,40
508,1.7060642221042139e-09,1.7246033689275222e-09,1.715333795515868e-09,1.7246033689275222e-09,solver,40
509,1.7151312183952197e-09,1.6403772004397216e-09,1.6777542094174707e-09,1.7151312183952197e-09,solver,40
510,1.6793331050225857e-09,1.6308622172589299e-09,1.6550976611407579e-09,1.6793331050225857e-09,solver,40
511,1.7468792684846514e-09,1.5780394296338696e-09,1.6624593490592606e-09,1.7468792684846514e-09,solver,40
512,0.015439033187758964,1.675865885954591e-09,0.007719517431812425,0.015439033187758964,solver,40
