model,sample_index,rank,singular_value,right_hi16,right_hi32,right_hi64,right_hi128,right_hi256,right_rough1,right_rough2,right_zero_crossings
deeponet,115,1,6.674566188440011,0.946329713814404,0.9211041841676503,0.869963770948341,0.7643444603669375,0.4712301540854382,1.4033059621291832,2.398517241362241,512
deeponet,115,2,4.520972907567014,0.9506333505537229,0.9043152432776573,0.8371534047078781,0.6953119929262757,0.4691876924176753,1.3577367751839027,2.333011060172279,465
deeponet,115,3,3.3753357807515307,0.9628906707946027,0.9343483785994672,0.8892115905817511,0.7553741636573815,0.4866633345696316,1.4075056163935664,2.440451217985633,511
deeponet,115,4,3.3537762408807508,0.9411821601549706,0.9235006044937187,0.8639647526801139,0.7453436149218319,0.4624283328649237,1.3958670667839714,2.4189771829300137,508
deeponet,115,5,2.998333980993245,0.9606406180718269,0.9388594420429941,0.8708238845042559,0.7460729272192841,0.5342674019191228,1.4418922704006916,2.52954856888915,525
deeponet,115,6,2.8366355403886625,0.9727496500078475,0.9424968921065905,0.875665796664689,0.7513579734958579,0.47900988647812315,1.3845870893524905,2.3631440345971715,487
deeponet,115,7,2.551176363440292,0.9671923455513967,0.9336166976607541,0.8847004448706877,0.7714585147255086,0.5185485330709058,1.4354861384551234,2.5055484927059886,533
deeponet,115,8,2.0775792372866038,0.9559478912749277,0.9337792788934834,0.8830894461357907,0.7421395829970374,0.5062761306324156,1.4210834991257022,2.4742030458826845,489
deeponet,115,9,1.6841924746632424,0.9811245411869827,0.9418256386110447,0.8876120371169175,0.758707024863102,0.5476147311527474,1.4503553505088889,2.5487413970944277,533
deeponet,115,10,1.3923232788144926,0.9783020301004742,0.9487796813451442,0.8905220182633037,0.7767013890108013,0.5535194405499684,1.471764080555304,2.585941608422647,537
deeponet,115,11,1.3342956326925246,0.970083625755576,0.9349445722260344,0.8596103684018139,0.7124123738121099,0.5077225337622794,1.4122966453433619,2.4782167392374093,506
deeponet,115,12,1.020483011719573,0.9924612037149093,0.9532107372274677,0.8941861840660033,0.7821969971069284,0.5086544814010578,1.4390262756432461,2.488295873101127,536
deeponet,115,13,0.8190485321861537,0.9860114646212953,0.9403017560608137,0.8703938505613806,0.7339122283632799,0.48334851625640013,1.4030587255725646,2.4320966320405986,504
deeponet,115,14,0.5545355764951392,0.9753621537397332,0.9460404049038951,0.8820752371761403,0.7559391645161853,0.5077900075691268,1.4082247003537531,2.4239418171270906,494
deeponet,115,15,0.35327645520820977,0.9667576844251515,0.9461332772056923,0.8739912995550696,0.7271888676520905,0.4859682388972125,1.4024417718450584,2.4230795891819117,504
deeponet,115,16,0.2281897331888096,0.9619378817778952,0.9339868892696583,0.8705805490441112,0.7380281788174865,0.5134153910475331,1.4234701553553442,2.4688665150773317,532
deeponet,115,17,0.19015144411628826,0.9554975727618368,0.9154127569523911,0.8692963920934731,0.7535636390204316,0.5181828642897576,1.4217797085502242,2.4705196038301422,501
deeponet,115,18,0.07906762488825149,0.9728975375906329,0.9388544592571039,0.879041279266662,0.7381223825425042,0.49507220943303265,1.420541862664804,2.4710173536563667,481
deeponet,115,19,0.06826143695465998,0.9608632088590146,0.930611928949675,0.8900471966949736,0.7743194179220616,0.5223779420888645,1.447568452912455,2.5275533040917444,523
deeponet,115,20,0.05342160130672957,0.9619730542715039,0.9438557909188228,0.8789014132764972,0.7466233422074864,0.5040602139662558,1.4316143782598638,2.4946566170215805,501
deeponet,115,21,0.04949332193943944,0.9779785955608079,0.9420630344168461,0.8549033969840861,0.7544249848255439,0.49361334406923674,1.4013722034037641,2.4145415790051996,524
deeponet,115,22,0.03571977005920843,0.9608259059268963,0.932769793480656,0.8759027768564279,0.7528661442614317,0.5121626711739493,1.412331982012958,2.4261971404049767,511
deeponet,115,23,0.028860426227433903,0.9632364261586931,0.9228498933477045,0.8630865205100618,0.7419820629913334,0.49805138431951274,1.4289621184413608,2.5056818504591574,514
deeponet,115,24,0.02804324830632933,0.9622531371450394,0.9221497130256298,0.8492253512169246,0.7342871868124341,0.4965062223872841,1.3982759894179637,2.4136420546977098,520
deeponet,115,25,0.023403874129312077,0.9623629403070033,0.9356218155376246,0.8852765316347024,0.7694692979404698,0.5128640112879496,1.4269665701606853,2.475235377228636,502
deeponet,115,26,0.01884013577943252,0.947935641461779,0.927770087049886,0.8575627615424766,0.7263969707687427,0.5126517686874443,1.4047594853791714,2.417939165635204,499
deeponet,115,27,0.014819862372276985,0.9509270592860573,0.9220588019923978,0.8814871240901618,0.7637722591460738,0.5100851863909385,1.4168963745412997,2.456681885167314,521
deeponet,115,28,0.012475475825191191,0.9560059165092496,0.9262100974067629,0.8710888594838824,0.7711917690151321,0.5160314387726211,1.4310379294717837,2.4859170323576967,492
deeponet,115,29,0.009451710142156436,0.9373820549082885,0.8790249371205745,0.8150983288350897,0.7051921434888786,0.46070737514328036,1.3538245996354608,2.318012810391846,514
deeponet,115,30,0.006938701684128042,0.9263549957506104,0.8955614769965243,0.8312727077932017,0.7053120311591048,0.4673567131583073,1.3797029382960821,2.382901774582605,494
deeponet,115,31,0.006861751829037226,0.959979577349358,0.9374511287018904,0.8839582898639752,0.7590632904346615,0.5270233664450947,1.4422927949296995,2.5177116113488287,511
deeponet,115,32,0.0058302582889086145,0.9576234138265641,0.9220487899330668,0.8544170857462513,0.7145106818568066,0.4826364143577453,1.3879393064178247,2.399590875174229,494
