sample_index,direction_source,rank,fno_gain,solver_gain,mismatch_gain,cos_fno_solver_response,D_f,D_sym
0,fno,1,4.50438631357126,4.860832814377716,0.9891785093102907,0.9805568088627723,0.21960334235246526,0.10562255833776384
0,fno,2,4.3120573363752905,4.5119579003443855,1.1960313995933978,0.9642644003173979,0.27736902107840683,0.13554274692019627
0,fno,3,1.7370858367200395,1.740347259188817,0.4530135843575042,0.966059928624887,0.26078925634649486,0.13027237091005325
0,fno,4,1.20862303471809,0.9827001007635802,0.43327688278323695,0.9424576591666056,0.3584877268176272,0.1977237761258899
0,fno,5,0.9264512871399028,1.056509620914447,0.16569705030213194,0.9946157071393853,0.17885114279728706,0.08356037986867394
0,fno,6,0.702267104419062,0.7417554532069961,0.24226181511001862,0.9451619209218113,0.34497055125467374,0.16776860310249478
0,fno,7,0.4845558111190195,0.5094179984542887,0.06555035528230256,0.9925484137711234,0.13527898850688475,0.0659477027495716
0,fno,8,0.44348190928950393,0.47015051883520936,0.0871717162252098,0.9834830071356473,0.1965616135351553,0.09541213526319293
0,fno,9,0.3836694723911733,0.38741126073951904,0.06689488447132008,0.9849939841370193,0.17435505019296102,0.08675459629904358
0,fno,10,0.3805809989222645,0.37747013518297606,0.06272796149029179,0.9863386628519114,0.1648211467382204,0.08274887526612154
0,fno,11,0.29327778793245257,0.31469286014436243,0.06653617343241115,0.9785006352342035,0.22687005051226428,0.10943959910447099
0,fno,12,0.2784042186060815,0.3139755869734612,0.10303099069257446,0.9465173596819734,0.3700756444452793,0.1739269566504208
0,fno,13,0.18744218269087187,0.24134886200772204,0.11236081744490763,0.8925812644224457,0.5994393385339128,0.2620403499413992
0,fno,14,0.17271651755261205,0.23636019236781103,0.11079498952709065,0.8992608328382549,0.6414809053363161,0.2708409352067687
0,fno,15,0.10477516467811016,0.17018453725108604,0.11930635284586873,0.7208357140339531,1.1386783741550164,0.4339032887564811
0,fno,16,0.0933864506530709,0.16998962336129386,0.12207280383554545,0.7154683969575434,1.30716496683306,0.4634906219243955
0,fno,17,0.08166666464637845,0.004755582272462157,0.08181206577846649,-0.0014862401382721797,1.0017681555204658,0.9466442039061036
0,fno,18,0.07994687371344043,0.01308601155711858,0.08106792578976363,-0.004426688637384647,1.0140097794262526,0.8713806324867949
0,fno,19,0.07706972625262257,0.012505114699658097,0.07830614985644682,-0.01853796235223654,1.016029738707467,0.8741882746952107
0,fno,20,0.07467582580640438,0.013808087161489575,0.075499173724199,0.03249686148909896,1.0110120898808221,0.853243464810699
0,fno,21,0.07378413863427412,0.02968797073545622,0.07965482860298614,-0.004432090257399381,1.079551113914767,0.7698118775803222
0,fno,22,0.07242134208587109,0.006509805500956625,0.07274266807290862,-0.004525836861546256,1.0044230271738206,0.921584807924927
0,fno,23,0.0697770527585905,0.038555371440298414,0.07599422369216804,0.10783853045533512,1.0890849011663235,0.7014845533973941
0,fno,24,0.06901655098170102,0.011924429325951412,0.07067858885344579,-0.0546709954763957,1.0240668909301804,0.8732006380966155
0,fno,25,0.06566996986066531,0.060022075621544095,0.0870976327468884,0.04175878741868091,1.326272977720357,0.6929391551676278
0,fno,26,0.0644478539549277,0.013880967988198024,0.06594548245728844,-0.0014528889511859337,1.0232219568001535,0.8418949618597448
0,fno,27,0.06204499088187816,0.06447252947245892,0.08034848926470717,0.193791459214365,1.2949827720162115,0.6350729445750494
0,fno,28,0.059742024665341786,0.02553365136781078,0.06473899801325741,0.009813285325707867,1.0836243791790123,0.7591641821040161
0,fno,29,0.05668935639353398,0.07907111671000105,0.09057960277938296,0.14068742872526832,1.597795613606591,0.6671966700766773
0,fno,30,0.05427714129795696,0.03588287567579199,0.0607185288852188,0.14038906674283572,1.118655271408571,0.6734454748097778
0,fno,31,0.05328811300625353,0.03593122149781433,0.0625203568423489,0.05794114902485174,1.1732294518584325,0.7007411168078325
0,fno,32,0.05046810490555083,0.02978082103826055,0.0561349781950539,0.09407671300191513,1.1122641921251888,0.6995019314330327
0,solver,1,4.492811030307817,4.875140868159329,0.9963033023130212,0.9806775141292217,0.22175494892555325,0.10635229629261306
0,solver,2,4.30400231913759,4.518274442481082,1.2006602646347366,0.9641153734317905,0.2789636010028258,0.13609413544631416
0,solver,3,1.7122851860842754,1.7658221402594838,0.45770230248726496,0.9658311613652641,0.26730479180817135,0.13159518322662728
0,solver,4,0.9221533575816182,1.061276831264362,0.17366076227396177,0.9944808618415731,0.18832070883381513,0.08755572830081533
0,solver,5,1.2005205325065487,0.9890521151309798,0.4224012737574782,0.943697788215069,0.3518481445939197,0.19291485089493748
0,solver,6,0.7465850072432445,0.6976656187580884,0.2549273732935653,0.9399127836700115,0.341457475522318,0.17651174400916345
0,solver,7,0.48149015050191035,0.5125416300353114,0.07051066147081676,0.9918804235341823,0.14644227915158123,0.07093393985730481
0,solver,8,0.4455077019533105,0.46813762185442703,0.08741978836215374,0.9829062543632773,0.19622464831520928,0.09568230734823145
0,solver,9,0.36469395694606843,0.394701187922293,0.09344843861695287,0.9727945768854529,0.25623726579463546,0.12305624574003049
0,solver,10,0.38268447416424367,0.38623642096956834,0.05465629051320166,0.9899372148299035,0.14282300793508532,0.07108171955968307
0,solver,11,0.28159892734430814,0.3324148715711019,0.13513533523426918,0.9162499267917511,0.47988412677763653,0.22008481794408047
0,solver,12,0.283072871926329,0.3208643396629925,0.08863491480763969,0.9646146904594216,0.3131158457136137,0.14676156121068804
0,solver,13,0.20052801214474678,0.2762067807445237,0.1861169074549723,0.7389990019673325,0.9281295781810791,0.39039843500527965
0,solver,14,0.17282143971736807,0.2600984413372083,0.15183760879767133,0.8282849520862693,0.8785757743380136,0.3507283095881205
0,solver,15,0.10657249511009809,0.22099465178537517,0.18782428544920016,0.5290086191478629,1.7623920962258408,0.5733899563474184
0,solver,16,0.10339315957532258,0.20129255967573148,0.16023355484106105,0.6134372496675599,1.5497350672339574,0.5258960916804277
0,solver,17,0.11492996381740357,0.16140052742009228,0.17886784292281865,0.19583333867492025,1.5563068209102877,0.647294458267476
0,solver,18,0.11175442564250845,0.14603106557024123,0.17039088866596758,0.14648225414873473,1.5246766560670315,0.6609767946503643
0,solver,19,0.09415303951766323,0.11262228012934304,0.13701027017738754,0.13093311032095578,1.4551714496719443,0.6626013578889578
0,solver,20,0.1461620825133354,0.1014492435727588,0.17304930988539602,0.05763541825209716,1.183946773082099,0.698871952865655
0,solver,21,0.09912186963655761,0.07925552301212194,0.12508687240566818,0.029268070119402953,1.2619375615769577,0.7012445316290619
0,solver,22,0.12837286207850965,0.06836746812360994,0.14312926895998226,0.03803980438155184,1.1149408971777186,0.7274997521514178
0,solver,23,0.10468117112836679,0.05490400777751906,0.11976564607047681,-0.03229384566115057,1.144088289147288,0.75047630622892
0,solver,24,0.09021912514698699,0.04395277119681991,0.09943796043536628,0.023128758962942853,1.1021704999118718,0.7411180882654927
0,solver,25,0.09474566893405613,0.03541999210655671,0.10179337104681198,-0.019454263032589757,1.074374140980728,0.7820233709079454
0,solver,26,0.083854262744518,0.027785302679442264,0.08869743109363101,-0.013664410051302162,1.0577443584413497,0.7944910593814924
0,solver,27,0.0739626923377309,0.022361233110068053,0.07813798966190727,-0.040825040459326195,1.0564371138357427,0.8111918000315748
0,solver,28,0.10221880480711848,0.016780119963268298,0.10384428611449563,-0.015560259188127552,1.0158920407884013,0.8726416114536685
0,solver,29,0.06894758727210278,0.014446755058301293,0.07066434207875344,-0.015546474180710399,1.0248845534699573,0.8473415913179938
0,solver,30,0.08425325270321317,0.010335289667437679,0.08511479314363452,-0.02245063545751452,1.0102136143020888,0.89983301547343
0,solver,31,0.048798620441444146,0.009199030258811323,0.049200700648952544,0.05036597421408187,1.0082189206366812,0.8483076770738708
0,solver,32,0.050966163041384044,0.006674998250608564,0.05132802040282492,0.011081304210905047,1.007080193204944,0.8904596783388686
0,error,1,4.284371842342596,4.4992528804143745,1.2057729941792081,0.963486196352886,0.28143512214028493,0.13727508801465016
0,error,2,4.2253063011249425,4.612382827801444,1.0500115978896032,0.9755577683313188,0.24850538033294026,0.1188106374597635
0,error,3,1.5787124245634176,1.635498786232107,0.4870307751016808,0.9546909579553791,0.308498532744387,0.15152415060396388
0,error,4,1.4530534549680496,1.3021773807027142,0.3124566358494641,0.9802166269574256,0.21503436074344134,0.11340484376095931
0,error,5,0.8018666947669216,0.7137664849838504,0.3064101653119785,0.9247608904170395,0.3821206008318399,0.20216630728291177
0,error,6,1.1273106664871422,1.1490641381398263,0.3012274508032296,0.9651582174133823,0.26720866975669266,0.1323276456334467
0,error,7,0.6238562854521227,0.6543676469362587,0.26644118822320123,0.914190862300289,0.4270867623676232,0.2084462456270135
0,error,8,0.5813051825899234,0.7103833728164867,0.20695237690443236,0.968315611449545,0.35601268849814527,0.16021835590310865
0,error,9,0.3352329393272577,0.43229532346379446,0.197543854316055,0.8978659151667681,0.5892716432962695,0.2573763163083897
0,error,10,0.2877156884533312,0.36199056704095095,0.1939028387383691,0.8459844417316267,0.6739367110775744,0.2984464727746535
0,error,11,0.26367650416218247,0.35618016791291657,0.17255503140245354,0.887036107285829,0.6544169626860492,0.27837847166558516
0,error,12,0.20182865494822463,0.2314554306625531,0.145002296163535,0.784349722062358,0.7184390034295626,0.3346579445704515
0,error,13,0.22823133052823302,0.283599094825617,0.12782067001710085,0.8974716991054488,0.5600462902046608,0.24973196971782882
0,error,14,0.2900918989738928,0.2958955939588847,0.1152750264513932,0.922791674838202,0.3973727962978077,0.19671892510117453
0,error,15,0.3346137122091012,0.38082428801795254,0.10942877450040994,0.9613932575906496,0.3270291786573561,0.15295332581209764
0,error,16,0.31209311486466,0.33286538217503625,0.10258169712141302,0.9514293782338591,0.3286883418673169,0.1590513785629228
0,error,17,0.24914069891565713,0.2571490133997528,0.084514510635329,0.9447558929212754,0.3392226632601555,0.16692881891674516
0,error,18,0.1865877483006956,0.19818777791778106,0.08279267076688479,0.9091377414448301,0.44371738125099014,0.21517079428040525
0,error,19,0.10343009252319152,0.07769473430107707,0.08106763684324442,0.6323001164927137,0.7837840137390725,0.4475763521118258
0,error,20,0.09065613821786421,0.04584709391222977,0.0791687490701358,0.487546689847436,0.8732765078010746,0.5799728538429844
0,error,21,0.0973791161750985,0.07577591082270604,0.07487660830723795,0.6517269206672169,0.7689106487879194,0.4324227669429451
0,error,22,0.07776481894266798,0.02329823855110869,0.07441067395681047,0.29066019759784434,0.9568557879094535,0.736272378153752
0,error,23,0.07884268339820778,0.03420585131214715,0.07224058383799759,0.40185439229125397,0.9162507473571396,0.639017082406272
0,error,24,0.11724728532609668,0.09563668708118186,0.07120513600395581,0.7947429246886514,0.6073021520606173,0.33447704269012696
0,error,25,0.22701387556906508,0.2228539378074163,0.06909861255095935,0.9529825543642337,0.30437922791512123,0.15359724990123474
0,error,26,0.21239869417846063,0.23130028659501897,0.06739630717521272,0.9574071573406525,0.31730887106920963,0.15189612372244005
0,error,27,0.2265723379911705,0.22281353150917788,0.06625858781220666,0.9566582943288454,0.2924377086892225,0.14744219804614317
0,error,28,0.11511552947887037,0.11344681638181164,0.065571136494897,0.8354916911333006,0.5696066133311687,0.28688386691217355
0,error,29,0.06909907340026693,0.029071428197623386,0.06417335438200282,0.37375645346600883,0.928701681838661,0.6536861852725485
0,error,30,0.09192612155396394,0.07465720089317833,0.0609579968097153,0.7510062518680619,0.6631122108390085,0.36592877357386056
0,error,31,0.15789673997591494,0.15797201655348053,0.05614375586482601,0.9368142967987825,0.35557035758326844,0.17774337271697982
0,error,32,0.11629214155238868,0.10280068120608614,0.05566471456328435,0.8780191313634937,0.4786586192463298,0.2540679324612824
0,random,1,0.08542949099850985,0.0925304083455672,0.03089373276445567,0.9428197575348314,0.3616241976766181,0.17359843020755045
0,random,2,0.24415103662624504,0.24790868641527378,0.05454161642093038,0.975542650142607,0.22339201906566217,0.1108432635789309
0,random,3,0.2852228237489668,0.3066622764048608,0.06455609532795575,0.9788043724665472,0.22633486389542737,0.10906844291693622
0,random,4,0.1967321966118904,0.1962460294501143,0.057629909219656425,0.9569910690669379,0.2929343405797805,0.14664874221764465
0,random,5,0.24193925576219993,0.2529056567350797,0.05079259547721667,0.9799010133476626,0.2099385871822012,0.10264325559624765
0,random,6,0.361188606765757,0.3618683885547814,0.09983025594137268,0.9618767825028337,0.2763929362068156,0.13806673404823772
0,random,7,0.07386371334296574,0.08609160528296064,0.033792411408551194,0.9219689727537421,0.45749059163944217,0.21126024716521566
0,random,8,0.2445991597094785,0.2630180199578538,0.060273915900401216,0.9744016289247239,0.2464181379602981,0.11873868650626684
0,random,9,0.08252405963042987,0.08650990687365327,0.026390196841321916,0.9523363680813536,0.3197840384424385,0.15612270873366574
0,random,10,0.24676308285927992,0.2738655330919914,0.06282533348134182,0.9762319893443625,0.25459674987290876,0.12067183955056064
0,random,11,0.21599732292528695,0.2279477852439851,0.06612180767171555,0.9570510364896109,0.3061218567636141,0.14894106842018762
0,random,12,0.2579631823724602,0.2784456262509362,0.07544418151452577,0.963299540706215,0.29245990982421005,0.14064653610294764
0,random,13,0.48427168673675947,0.4980056447897954,0.11230099451429426,0.9742445369740658,0.23189619730781708,0.1143270607830346
0,random,14,0.09953141092976868,0.09732451968903827,0.04078628381334223,0.9143864551172847,0.4097789195734598,0.20718744158579128
0,random,15,0.16794236010108576,0.17771820951885398,0.06244481036698538,0.9362773210276487,0.3718206562581552,0.18065303133248056
0,random,16,0.21705229075512125,0.23969683599804248,0.051683312363756534,0.9792569259089102,0.23811347058573493,0.11315445653217555
0,random,17,0.09686778850416988,0.09954875144089041,0.026451720144959966,0.9640930676137094,0.27306752312507043,0.13467086570964457
0,random,18,0.06792771875248994,0.06989411305142366,0.025525235538457616,0.9317917682399942,0.37576500789692846,0.18520324393547108
0,random,19,0.11505908906629624,0.1276257877803784,0.038636221160061004,0.9545495234716184,0.33579168479349325,0.15920259416031368
0,random,20,0.2318831524135051,0.24014366762271955,0.05957502280191307,0.968744452619825,0.25691718119518797,0.12621082968656622
0,random,21,0.24374087051412782,0.2445724394144237,0.06938993715424231,0.9596201460859243,0.2846861600260851,0.14210097009935102
0,random,22,0.224001138585662,0.25229310991932064,0.06198051376738504,0.9730938221780387,0.27669608048711863,0.13013044736837565
0,random,23,0.1859574917477847,0.20607182144390276,0.07096056010536404,0.939577995258904,0.38159354508858767,0.18100783974495135
0,random,24,0.35486375963077765,0.37629387673118103,0.089971287412188,0.9714093923566903,0.2535368333158792,0.12305303245799025
0,random,25,0.15760839910382196,0.16857810698211037,0.051060231629514403,0.9532014322510838,0.32396692024616836,0.15653644200603706
0,random,26,0.09145552054726788,0.10803135274406403,0.03594733804598287,0.9485098000073824,0.3930538558746508,0.18019811155881849
0,random,27,0.21706945826909738,0.2371591184317258,0.051223628904487915,0.978435648252431,0.23597696947314284,0.11277035123194146
0,random,28,0.14048186587636002,0.1427180124687514,0.047074231750717274,0.9448613230431839,0.3350887772473808,0.16622205420334946
0,random,29,0.24939973597570256,0.25791130606938195,0.0707565815359561,0.9616463309054871,0.283706386266837,0.13947349101101764
0,random,30,0.16002135213546914,0.1628639187449202,0.04793191099205852,0.9560775483992671,0.2995325987427125,0.14844827827880772
0,random,31,0.18730832248968252,0.1891721081619471,0.049134491606255576,0.9659824195533513,0.2623173847044481,0.13050973462678245
0,random,32,0.1339189337554687,0.12934003533266908,0.04144524645795652,0.9510208895183362,0.3094777998743154,0.1574308718545846
7,fno,1,3.328910811766,3.4655145088591843,0.536820255585616,0.9883189001617438,0.16125998102089428,0.07900891558070805
7,fno,2,2.729440533949235,2.8751203741120017,0.8313355670006026,0.9573176959244438,0.3045808296899994,0.14833194469756214
7,fno,3,2.2214246874091508,2.277580361473222,0.3553088895946316,0.9878355965733219,0.15994633158718372,0.0789749748575902
7,fno,4,2.0731710629067277,2.3246645232280927,0.7173015235083475,0.9531819348652826,0.34599227741022237,0.16310326895042068
7,fno,5,1.966501115828339,2.0483638868575036,0.2824662741817199,0.9909280425378096,0.14363893733352948,0.0703550937921109
7,fno,6,0.5165087199722418,0.5082517887523623,0.11928562143924615,0.973028583717795,0.23094555015471302,0.11640330010804802
7,fno,7,0.4427098060820824,0.44066669621799104,0.09048897030768856,0.9790245894551006,0.20439747362053579,0.1024352217167406
7,fno,8,0.423423883528141,0.43386334115228997,0.16281822418544295,0.9281447259706587,0.3845268205042135,0.1899223849086884
7,fno,9,0.39510917205877183,0.39223267334455947,0.06700428992699077,0.9855418340857737,0.1695838139976412,0.08510179563855254
7,fno,10,0.3875197665325127,0.382693406704635,0.09185829023445011,0.9716298709831284,0.23704094894419878,0.1192633080853046
7,fno,11,0.3320143182440808,0.36901772418865797,0.10658245180760588,0.959228555264749,0.3210166698671773,0.15203627412160395
7,fno,12,0.27368055870618185,0.30815769740241766,0.1422655270991342,0.8870551544102669,0.5198213857436671,0.24451001819750115
7,fno,13,0.24783784348758067,0.289445408294417,0.1627717687099382,0.8273975205059264,0.6567645588537245,0.30295280044050615
7,fno,14,0.21876297615025825,0.2257228475043844,0.0763452850503526,0.9414723984399846,0.34898472039982836,0.17176051344476156
7,fno,15,0.17086247654606282,0.1760435956238707,0.06900078786095845,0.9213034639810584,0.40383579484499504,0.1989027996153339
7,fno,16,0.1311626632916266,0.1822342111360215,0.1208715925942921,0.7489441056060603,0.9215326071333391,0.3856809584782199
7,fno,17,0.12198377198200396,0.16418916989530888,0.10603526760290612,0.763781040272383,0.869250037361624,0.37052733350671413
7,fno,18,0.08199497024062032,0.13548045100268274,0.10662889897212817,0.6170112823570392,1.3004163333785987,0.4903009639506457
7,fno,19,0.06716953579187408,0.009223477556244395,0.06738445754718106,0.045319314560871404,1.0031847558276117,0.8820646356163808
7,fno,20,0.0665565826468413,0.029297792881988922,0.06898999814627146,0.1355205371080491,1.0365460313115142,0.7197300909381079
7,fno,21,0.06475919158063477,0.03662888720956694,0.06814871216286052,0.18784988216942952,1.0523241284424953,0.6721504226690582
7,fno,22,0.06392152143641913,0.035926932710873244,0.06758428235631692,0.17615255721954615,1.05728436296963,0.6768618109481133
7,fno,23,0.060878699453634534,0.04210495023431869,0.0653542725898226,0.23560731764567952,1.0734986075218038,0.6346020769876688
7,fno,24,0.059140662531214486,0.02224212196853302,0.06088786242073253,0.10833022945292507,1.0295257152873647,0.7481571764572025
7,fno,25,0.05556105199648929,0.03704569807679282,0.06000037359617145,0.20875729140556376,1.0798804478992712,0.6478979734276248
7,fno,26,0.05302026615735972,0.03632942881797851,0.05880695355798653,0.1746235169371098,1.1091201289583634,0.6581588825270792
7,fno,27,0.049549706523299215,0.04194122599629152,0.05841543859358635,0.19292798215424908,1.1789022335356378,0.6384763878616088
7,fno,28,0.04841081681056309,0.08724277771510694,0.08221118795224706,0.3783869379296236,1.6981636585534878,0.6060331995367114
7,fno,29,0.04461430412379418,0.05891524460000793,0.06716154840681117,0.18086020692428711,1.5053477663282957,0.6487123775030321
7,fno,30,0.04362420228716489,0.044675927226986004,0.05687710882241089,0.17034901248988332,1.3037672226254613,0.6441266282250209
7,fno,31,0.038774243966303835,0.044293557856002926,0.05600511912815712,0.09571982985582797,1.4443524630515867,0.6742016003548262
7,fno,32,0.03739487795584427,0.03829524847298038,0.04984382022140927,0.13285065578608746,1.3328693681229542,0.6585160318399987
7,solver,1,3.320695132980693,3.474183867096544,0.5423062669937211,0.988274932705259,0.16331101831559067,0.07981101461505674
7,solver,2,2.72272669181524,2.8821860693027603,0.8324621658323356,0.9574658138940437,0.3057456565835762,0.14852363503025354
7,solver,3,2.061009943289172,2.339151020971975,0.7351197145183156,0.9519770547909969,0.35667919033226303,0.1670665126622795
7,solver,4,2.215509128517662,2.2831127719965325,0.35601365637753585,0.9879231653925694,0.16069150476677577,0.07913836395063105
7,solver,5,1.9623081668103606,2.0522020324542867,0.28359380578627263,0.9910176817828081,0.14452045099867764,0.07064217577428095
7,solver,6,0.5084689389188555,0.5171670285693448,0.06019668999478291,0.9932538423103718,0.1183879033690317,0.058692004971511
7,solver,7,0.43449400081183714,0.4422821612113977,0.12549448135161148,0.9591812054984828,0.2888283665338609,0.14313155815101608
7,solver,8,0.41976412923842815,0.43714612632941763,0.12229872582723345,0.9600681655702277,0.29135037026328914,0.14272041011550285
7,solver,9,0.3722630629510004,0.40601443088523165,0.09074375676820882,0.9765281244655508,0.243761796529237,0.11659548283407074
7,solver,10,0.3770862669127494,0.3918987308901773,0.06392097432179084,0.98691808239806,0.16951241776238735,0.08312371682243856
7,solver,11,0.3402268501647538,0.3758726138875893,0.10578418961588162,0.9612155043081898,0.31092160610795416,0.14772255420316188
7,solver,12,0.24008249244434773,0.323611978816777,0.12022503534540695,0.9518822214767781,0.5007634390909886,0.21328011572708597
7,solver,13,0.21631356706779736,0.299478085845729,0.16275634601445246,0.8489276276016614,0.7524058514443058,0.31554607281647123
7,solver,14,0.19138532136313557,0.2482373469175725,0.15565799804372435,0.779018013057745,0.8133183026616596,0.35407101408455965
7,solver,15,0.14774277917674797,0.23679125991585315,0.15725527391687147,0.7598974705921957,1.0643783094836416,0.40894914098842977
7,solver,16,0.16535716952705037,0.206676162385986,0.14986950811507893,0.6963661103005759,0.9063326507769687,0.40283784387434224
7,solver,17,0.14509666187955325,0.20034330368422,0.17275243687369768,0.5391812626427723,1.1905942152058997,0.5000925023231073
7,solver,18,0.1110327424013047,0.16380656456515774,0.16123804466830421,0.3618658327101072,1.4521535632433982,0.5866608375167454
7,solver,19,0.10361362051172243,0.15596081055207503,0.14325710730921737,0.44979146140922355,1.3825954928147421,0.5518900872941561
7,solver,20,0.11596908475641031,0.11606726251535356,0.14980460304622864,0.1663799284678697,1.291752121772491,0.6456055665503553
7,solver,21,0.11838107943961618,0.10270718964000101,0.14632505485258016,0.12961312207639608,1.2360405860856416,0.6618369831413506
7,solver,22,0.14745581215252243,0.09050959416534686,0.16130682453562126,0.1466830104995594,1.0939258904415554,0.6778554462017291
7,solver,23,0.11170757633481299,0.06935881683338499,0.1260394956470524,0.09055825806804559,1.1282884428612427,0.6960916233546877
7,solver,24,0.12214502985621958,0.05905258917225608,0.13316265644012304,0.046743753013966875,1.0901922608280543,0.7348988483140498
7,solver,25,0.10326764492121562,0.04675197070771709,0.10956417622418234,0.08757772491175018,1.0609626601353161,0.7303274670941424
7,solver,26,0.09453190170523451,0.037461159846034486,0.09803944312991811,0.10277182558464631,1.0370933438139605,0.7427564693267487
7,solver,27,0.10997363852667359,0.036247704245960286,0.11130812502200041,0.12776266228195565,1.0121254001212596,0.7612251514467746
7,solver,28,0.1237143233543779,0.027057863534660467,0.12628336101033388,0.013424344017380485,1.0207576360496584,0.837571743464388
7,solver,29,0.10335586647955425,0.025118337933858568,0.10453873893261552,0.0741523839671875,1.0114348711732186,0.8136880529586584
7,solver,30,0.09253262985663377,0.018826596249841107,0.09396998483859648,0.02478948684325963,1.0155225185069268,0.843837949365772
7,solver,31,0.09634455002251936,0.014677708925104055,0.09759185304946057,-0.009356481245486529,1.0129357611913565,0.8790216930625385
7,solver,32,0.0743258257326915,0.010712580634896779,0.07498769477968717,0.01000562549920537,1.0088913933896815,0.8817993678783229
7,error,1,2.696594216316189,2.8519318649731917,0.8401874236511314,0.9556735675014575,0.3115734310316359,0.15142530825602216
7,error,2,1.9805926353902255,2.293187842313522,0.7501662837644201,0.9488059331917784,0.37875830274321715,0.1755275246706052
7,error,3,3.2194908245219245,3.401636880859954,0.5526302397187054,0.9875714727027038,0.17165138780893402,0.08346465750915077
7,error,4,2.15631257172596,2.2234975415873683,0.3635388678107847,0.9866883715440801,0.16859276525343217,0.08300332101211721
7,error,5,1.5387519007344752,1.63403869740563,0.30572945626691544,0.9832183437415353,0.1986865182323849,0.09635976609561575
7,error,6,1.110872118592725,1.0772350367899541,0.27711103249402186,0.9683876725321225,0.24945336047475103,0.12664412031568786
7,error,7,0.680257670988822,0.5792837149190886,0.25589449882574805,0.9298508509263759,0.37617234404933136,0.20316465860042712
7,error,8,0.31584498292929564,0.23506877119145755,0.2337437487277205,0.6759973435604696,0.7400561075999048,0.4242829711481769
7,error,9,0.4088388688883591,0.3628125446730808,0.20976185896675975,0.8588246246403517,0.5130660557570009,0.2718346437855835
7,error,10,0.3729731669260824,0.4070644989570826,0.18863910110852233,0.8866369583571635,0.5057698839123828,0.24183301336087473
7,error,11,0.49799031020818707,0.5257442334805716,0.1798842586009203,0.9396749578526051,0.36121967374434516,0.1757136007535259
7,error,12,0.19588582940609015,0.25841699779288296,0.17253102163610884,0.7446000595214944,0.8807688712876008,0.37977012586456776
7,error,13,0.3248562823152065,0.3105477535563481,0.15803465665237867,0.8772334126136445,0.4864741080331974,0.24871483184833448
7,error,14,0.28556591917607194,0.32900858444610087,0.13711080616199206,0.9099975891710914,0.4801354672228463,0.22309839125362324
7,error,15,0.20242693754515054,0.24208675149978767,0.11891340644580527,0.871773000346603,0.5874357457170764,0.2675128839978193
7,error,16,0.20401464217539805,0.24407143580434262,0.10502669936709264,0.9053497097368676,0.5147972883216385,0.23438903848916887
7,error,17,0.3124917258913322,0.3174051110366215,0.09827679830400554,0.9514339625128087,0.31449307507458857,0.15602021874421237
7,error,18,0.19725075909286138,0.21706888011269798,0.09452508296105468,0.9002471785157118,0.47921034213213043,0.22814476040175588
7,error,19,0.2348778651057624,0.25462625714116865,0.09112485228947192,0.9338383253010066,0.3879653124534631,0.1861570965206447
7,error,20,0.16841301109553064,0.22217642938389123,0.08053466659444652,0.9519564796274705,0.4781945757990663,0.20618698833385674
7,error,21,0.2812996878473752,0.2971585950507269,0.07108819532316567,0.9712765225518104,0.25271248309828476,0.12289230620867767
7,error,22,0.08040658154190551,0.04430885626361244,0.06719357215678921,0.5492310556799278,0.8356621461344458,0.5387707774461171
7,error,23,0.08753245645515749,0.05701118809393188,0.06616263743080393,0.654737539704886,0.7558554192898619,0.45773150321272665
7,error,24,0.1704693910457237,0.1589229499471187,0.0654433350516269,0.9234167537395666,0.38389854478642943,0.19867837902967492
7,error,25,0.1663408803181427,0.15725267763994527,0.06304299288464482,0.9256080233104587,0.3789965146724916,0.19482093049540766
7,error,26,0.0786166605794797,0.050618739497883744,0.06221445883211774,0.6121656342656986,0.7913547461670027,0.4814004320367555
7,error,27,0.10845464690214304,0.09898695663576816,0.058725326343513906,0.8435565675509882,0.5414685912712353,0.2830919268364348
7,error,28,0.10194808107774724,0.08480009356888929,0.05629999162701309,0.8336861312316122,0.5522363814547601,0.30147384444157754
7,error,29,0.10403286327256132,0.09535527305740951,0.053583487272818316,0.8590793143477377,0.5150581319126195,0.2687382485279566
7,error,30,0.10864512301061532,0.09616100264269029,0.049075980971070146,0.8921935848914335,0.45170485251715015,0.23962047616519563
7,error,31,0.14368936883487574,0.13772806079018057,0.047773164211351846,0.943235689032178,0.33247297364968975,0.1697584777052509
7,error,32,0.22346713998379053,0.22433707742313205,0.04723955003956901,0.9777505400495767,0.2113927741242916,0.10549128997003675
7,random,1,0.08958897408681318,0.09164900443638267,0.03242228091268459,0.9362444468915879,0.36189630863457134,0.17889242798030355
7,random,2,0.2437788998986759,0.25401408762153127,0.07401544105016908,0.9566114158044697,0.3036158480700529,0.14868689238068497
7,random,3,0.1969929093685526,0.20521381835696423,0.039446051943954875,0.9815908087937532,0.20023995701387862,0.09807382908086365
7,random,4,0.15341178734993383,0.1670792807354643,0.049670144389522816,0.955517926791699,0.32376795472873754,0.15498088513157132
7,random,5,0.08932657091007871,0.09844661995658159,0.027662999142167452,0.9612193504538775,0.3096804140125372,0.14732056101262142
7,random,6,0.0809334681930724,0.0970110344729788,0.04439500862359327,0.8909481082483316,0.5485303062434067,0.24948654480416396
7,random,7,0.12219866078240761,0.12866319624320155,0.037010240988651806,0.9577684772755327,0.30286696993826645,0.14753176866224418
7,random,8,0.14266020961089992,0.15213074624961315,0.037604459683806025,0.9694879953766073,0.26359274386057696,0.1275627062958236
7,random,9,0.19628803226049535,0.2052500659782435,0.04956219154367201,0.9705112561507591,0.25249597989712425,0.12343054950580265
7,random,10,0.1477389643728238,0.1565763687541728,0.03200160722578606,0.9795524480634459,0.21660765495400802,0.10515901955361437
7,random,11,0.1651510832213412,0.1792193159867872,0.05190204110349036,0.9578369412950032,0.3142681587245246,0.15071530685427864
7,random,12,0.13805735406209718,0.1404640805340461,0.03283344021171571,0.972353625844697,0.23782291506204384,0.11788436453718389
7,random,13,0.19810281660924806,0.2150859074337844,0.04990822069901648,0.9741557099668544,0.25192962737037256,0.12078766192602287
7,random,14,0.15501588554803283,0.15824068674188999,0.04538246902994889,0.9582310604200438,0.2927582299793198,0.14487269596773544
7,random,15,0.2476419567577719,0.27032406933630876,0.0737974250275125,0.9631661348116677,0.29799928895089195,0.1424751409061865
7,random,16,0.19780941336213356,0.2095582426165244,0.04057710117181995,0.9818049241060732,0.20513126929033323,0.09960781365060592
7,random,17,0.17405636601356117,0.18344652911225592,0.04304611809725529,0.9723646864933091,0.24730994776688436,0.12040741005662603
7,random,18,0.2189378057650912,0.22502743456906144,0.055411848855118774,0.9692148026997753,0.2530928615485942,0.1248109514214704
7,random,19,0.1645929657289622,0.1721714338316836,0.0409075469842699,0.9714873592978872,0.24853612830273852,0.12147194170671663
7,random,20,0.1785415222723757,0.20271145178482844,0.05689302690693839,0.9633537676384825,0.3186525326451095,0.14922605606309575
7,random,21,0.21743204502939628,0.23116807366646733,0.05697749823776423,0.969582638174847,0.26204617715794326,0.12701149387100183
7,random,22,0.09981885243892025,0.11023942513750525,0.036637232618231534,0.9439430426424285,0.36703352813158935,0.1744137799621913
7,random,23,0.20046328536588043,0.21226641433577378,0.058413866757448966,0.9615424070415906,0.2913928865225744,0.14153022006764682
7,random,24,0.11634049174395854,0.11729673330880257,0.03056812329453836,0.9657968941589853,0.26274481129923904,0.13083528300061065
7,random,25,0.16934413370348025,0.17935183893411757,0.04139269719493248,0.9734427834315592,0.24442802866370059,0.11870678681788292
7,random,26,0.1548257680552595,0.16050888511936584,0.051203205691016905,0.9478998896301795,0.3307128756491376,0.16237683616023527
7,random,27,0.1604814439179383,0.1593412175164879,0.045539075919180855,0.9594759238061729,0.28376359935337836,0.14238807633849127
7,random,28,0.2597092254481577,0.27956444810433906,0.055131020014874986,0.9817837441266765,0.21227897330473042,0.10223179896748506
7,random,29,0.10632118996408355,0.11504322582784947,0.03239641302042639,0.9602072080671376,0.3047003925649965,0.1463481226483752
7,random,30,0.17414752668427724,0.19057128546651086,0.056699786002654295,0.9556290126870252,0.32558292098243374,0.1554612173884664
7,random,31,0.18070778900449794,0.20385533630949126,0.06153964648416107,0.9558703331332037,0.3405459514347657,0.16002440798115306
7,random,32,0.20343395493880342,0.20050795650577083,0.05838922331739633,0.9583141777299586,0.2870166699472112,0.1445482063507086
40,fno,1,4.060781245915016,4.1486974809553745,0.4210926625391707,0.9949667525394298,0.10369742503744765,0.05129346518280511
40,fno,2,2.620044327199483,2.706470646003837,0.5549552111625489,0.9788109800057584,0.21181130166008616,0.10418728000712324
40,fno,3,2.4544568389661228,2.5327813461181083,0.6090062951617697,0.9706629192289232,0.24812253259901093,0.12211291108378713
40,fno,4,2.1755831993345867,2.191960264566303,0.1536790066456486,0.9975518926820226,0.07063804135581242,0.035186592355465014
40,fno,5,0.7792543480642751,0.828841118436007,0.1177594600000002,0.9911682687568478,0.1511179362355651,0.07322910189354587
40,fno,6,0.5987459980888098,0.6319211421583908,0.11231321150955126,0.9847847822992394,0.18758041688401464,0.0912619802500057
40,fno,7,0.5289076358755009,0.5175782017209474,0.04730456272109541,0.9961472924443834,0.08943806077734447,0.04520320850833027
40,fno,8,0.4742292896589035,0.527703420604883,0.131618878934403,0.9711010852332876,0.2775421178370358,0.13136485736142237
40,fno,9,0.4166427189341139,0.435365370680964,0.06020831117988827,0.9909739502110784,0.1445079055407753,0.07066627799368817
40,fno,10,0.3690348479180267,0.38829372193713446,0.06249338540141262,0.9876668908036671,0.16934231661769122,0.0825180844495012
40,fno,11,0.3583850397296045,0.39141227901971426,0.08174478592469325,0.9800700072401898,0.2280914345502078,0.1090223649221373
40,fno,12,0.33028425723331933,0.3688704984217427,0.06813151971308554,0.9870600379935991,0.20628083821784463,0.09744827123571467
40,fno,13,0.24635500293116566,0.2810376020652484,0.06949616597373989,0.9738078038975824,0.28209649915921803,0.13177286435661734
40,fno,14,0.21398678911831134,0.2526116695400298,0.07252248502451819,0.9651503985493882,0.33890945517653515,0.15542770930992753
40,fno,15,0.17313227178957766,0.21619936208422055,0.07415799552892935,0.9513154124555574,0.42832896740413556,0.19047464578314183
40,fno,16,0.14479477780057695,0.18925410627696673,0.06857740648052174,0.9502567571156538,0.4736146835370533,0.2052909153670077
40,fno,17,0.10055552336596797,0.1329455957033509,0.07315711433951667,0.8390666758009664,0.727522311737716,0.31330385621810486
40,fno,18,0.09293295108543687,0.011862342778941753,0.09286174282729877,0.06982263267048731,0.9992230152996324,0.8861166688535296
40,fno,19,0.09051696297776092,0.009946135384082067,0.09082564440060864,0.023852495114373342,1.0033991200500536,0.9040607130467703
40,fno,20,0.08702253432087635,0.022795064431623047,0.08711966548259037,0.12670875448410043,1.0011046570616122,0.7933052003234341
40,fno,21,0.0818509210421992,0.041743817363774485,0.08180552508001654,0.2560862570695224,0.9994331719818923,0.6618798199280201
40,fno,22,0.0795405120936441,0.10245061776057837,0.06710118197530433,0.7559388832894931,0.8435995269527465,0.3687037567451574
40,fno,23,0.07674708079472461,0.03404174462555174,0.0782462800863486,0.17730858823664428,1.0195210000837827,0.7062587181586826
40,fno,24,0.06890235850322467,0.02087973482035966,0.07072265915828818,0.06318499127649613,1.0264036571595907,0.7877057532802856
40,fno,25,0.0645979602044287,0.03920038484376267,0.068629366932821,0.1973681008696955,1.0623912012768897,0.6611734101111924
40,fno,26,0.056360602175865686,0.06744016406574546,0.0698727361404941,0.37391708608219776,1.2397223187955069,0.5643920782529925
40,fno,27,0.0540803012015807,0.06499466526796567,0.06976541223411048,0.3245828578632236,1.2900098681810444,0.5858899516213706
40,fno,28,0.050343190027109214,0.07701870320379098,0.07407450855823447,0.38418912166891866,1.471361611307025,0.5816019617577505
40,fno,29,0.04636281075470517,0.06781930113739158,0.06559628774856373,0.3889736946755104,1.4148165709589946,0.5744832721896066
40,fno,30,0.042929262037379394,0.002370572265083778,0.042970804175368485,0.010077638594835318,1.0009443720132383,0.9485654036405242
40,fno,31,0.04267975740707468,0.0033449346274822666,0.04277491142561882,0.010707520020379058,1.0022060062722442,0.9293703046008003
40,fno,32,0.04249393841082648,0.029542579339298717,0.049066541963165004,0.1079247467643377,1.1546443834982538,0.6811248290558948
40,solver,1,4.052834692873746,4.156827600994898,0.425065788866722,0.9949585370044495,0.10488108106976339,0.05177627554886215
40,solver,2,2.616279725976053,2.7103427630074766,0.5560862785473163,0.9788193860945974,0.2125483985820588,0.10439751930982327
40,solver,3,2.4507816118049432,2.5365603307059525,0.6105252528112536,0.9706120937343001,0.24911440528036724,0.12241493313148473
40,solver,4,2.1690866491519465,2.198363708592875,0.1571100404809904,0.9975016554926225,0.07243139323688283,0.03597293423826837
40,solver,5,0.7786935652294658,0.8316861110065293,0.1370745973872242,0.9876617286689927,0.17603127530090187,0.0851193754433355
40,solver,6,0.5931244324729318,0.6377630522233948,0.1274512769401867,0.981162774856012,0.21488081603380435,0.10354412972807224
40,solver,7,0.47883001858703056,0.5243623093498675,0.13017849000318507,0.9703815014825251,0.2718672871012518,0.1297641106434606
40,solver,8,0.5274271672522098,0.5182046638914274,0.050267228393595584,0.9955331069696923,0.09530630238327487,0.048073498551701885
40,solver,9,0.41056600338703975,0.44321230488244157,0.08754846045874691,0.9818678136087015,0.21323793616267636,0.10254226075846018
40,solver,10,0.35030966528020824,0.3948250463494036,0.07525312939617207,0.9866915374042998,0.21481826519891487,0.10099251481531259
40,solver,11,0.36616454168105994,0.38657750773694094,0.07056636396876255,0.9838824052180198,0.19271710725371247,0.09374562013335416
40,solver,12,0.3426405352379506,0.3772347481719849,0.09521378197327701,0.9695607560832754,0.2778816114840103,0.132264090604937
40,solver,13,0.23097308224099536,0.3115647198378992,0.12828885294469172,0.9307768650008191,0.5554253174208386,0.2364602355686189
40,solver,14,0.19658192612718148,0.28895413724361524,0.13375348334858947,0.9176333783083912,0.6803921682499333,0.27547533121368356
40,solver,15,0.14354841805676974,0.26258813875763487,0.14213439965983252,0.9199910522245273,0.9901426392660287,0.34996615623209804
40,solver,16,0.12746785396431556,0.24312493664747675,0.14748280747972037,0.8648846106960048,1.157010539382488,0.3979635148129421
40,solver,17,0.0805797481236684,0.21310398325023977,0.17651442408033843,0.6041586402925848,2.1905284846628534,0.6010337114039715
40,solver,18,0.10670635637213614,0.16537182915198537,0.153843765067777,0.4268953849858248,1.4417353245192879,0.5654374654621929
40,solver,19,0.09119247042838338,0.15067695960869404,0.1548215693896936,0.2565350976156894,1.6977264782491093,0.6401012697830003
40,solver,20,0.11561290759921726,0.1371806341597998,0.1634746608309106,0.1721613185377723,1.4139705527262827,0.6466700574047484
40,solver,21,0.10033216295394759,0.1160616012013789,0.13080222553682755,0.2759886322258416,1.303678880300675,0.6044611386389124
40,solver,22,0.09094621669463983,0.08616306342513083,0.11594697643364191,0.14366562575158337,1.274882076083099,0.6546597766952481
40,solver,23,0.09155326941173703,0.08175812938973799,0.11809916310029499,0.07474596145543588,1.289936164191104,0.6814236252974296
40,solver,24,0.10163723530699509,0.06956074989294272,0.12134921863468462,0.03134335404401014,1.193932758357651,0.708819730987101
40,solver,25,0.07835551574482097,0.05313568934518007,0.0891530377734303,0.12186026641812665,1.1377871632752243,0.6780100593218334
40,solver,26,0.08679110584552602,0.04390673656636156,0.0939892640428417,0.08220451312258073,1.082924110749488,0.7191285118397728
40,solver,27,0.07414971952782064,0.03662635064763339,0.08045124177803477,0.06761610142253467,1.084969131659609,0.7262445346371071
40,solver,28,0.08781157485892478,0.030162498259682747,0.09167511492870403,0.04083684544967379,1.0439861839376037,0.7770719059994772
40,solver,29,0.056171101284804896,0.025436320462565675,0.06093379096988842,0.03124055242935373,1.0847696556862045,0.7466605733231413
40,solver,30,0.056563691577689,0.018320130677344837,0.0577148509237181,0.09846733137149223,1.0203335210349271,0.7707149350927175
40,solver,31,0.05710357649684533,0.015201190128556785,0.058734998317151316,0.024246860757275807,1.0285515088339032,0.8123141632871758
40,solver,32,0.06609209521733712,0.012257179068419432,0.0669904276027997,0.01893963600618571,1.013576794709218,0.8550120368242032
40,error,1,2.4262141885683626,2.5125728661485227,0.6167611084452537,0.9694115813287938,0.25420709232687067,0.1248810642635705
40,error,2,2.587142126843384,2.6836753962223123,0.5615869831249194,0.9779591618982919,0.21706838608891382,0.10654644637589994
40,error,3,3.8470008009301684,4.000627038463555,0.4373094422392003,0.9945538010889541,0.1136753931681194,0.055725041434679407
40,error,4,1.0197979519509683,0.8366449226181426,0.2824752348713532,0.9728980600505104,0.2769911013645899,0.1521593185449342
40,error,5,0.6566100207505495,0.7913885788095136,0.22940058697642174,0.9668426321199616,0.34937060105113954,0.15842586354728216
40,error,6,0.4119996376028067,0.4555244856796055,0.21097894478809484,0.8864593229116502,0.5120840249560273,0.24319635146683033
40,error,7,0.17659302503691446,0.27206357835461675,0.2019781503877947,0.6703001727338855,1.1437428324405317,0.4501832775394512
40,error,8,0.8362291998465974,0.844143343623871,0.18302889001474085,0.976316002126508,0.218873810164135,0.10892154945306509
40,error,9,0.4010968174836723,0.44087061540533545,0.18197336730498634,0.9108408349818946,0.45368825102717997,0.2161284915167062
40,error,10,1.2776195500869152,1.2946745063359704,0.16972018795818564,0.9913807975646124,0.13284084069142418,0.06598006225390173
40,error,11,0.6760606474012841,0.6979357156818852,0.1502823217955093,0.9765747544853536,0.22229085523957773,0.10937598996426355
40,error,12,0.20731285629849458,0.25286883685827966,0.14825147226720753,0.810167612167412,0.7151064328944425,0.3221578613707263
40,error,13,0.6888041673619033,0.7122540139787811,0.12900957388945686,0.9835981869609269,0.1872947242593409,0.09208003174141909
40,error,14,0.557048123276042,0.556936982079701,0.11440394661826683,0.9789062965884495,0.2053749693482144,0.1026978218742978
40,error,15,0.4613625234486454,0.45506061041439994,0.1081808952931027,0.9722231292639245,0.23448081565803364,0.11804675509480826
40,error,16,0.5955330332613021,0.5907528879475732,0.09870632072452261,0.9861857125064047,0.1657442147915219,0.08320611056213686
40,error,17,0.10278172450171172,0.045443071931247435,0.0927570144220827,0.4309072562527375,0.9024572453373518,0.6257818588550181
40,error,18,0.29449001210878883,0.3446566910508499,0.09136475162192724,0.9712761588509303,0.3102463160681315,0.14294778995569235
40,error,19,0.13341392670419816,0.10561310622914039,0.09033445909604837,0.7378533364556764,0.6770940952981525,0.3779241203948716
40,error,20,0.3683476526862121,0.3766871079725311,0.08733174660943852,0.9727668873531464,0.23708990374354502,0.11721819437528988
40,error,21,0.16512549726946993,0.14254763421164598,0.08498788639435575,0.8573984636694607,0.5146835171805529,0.27622694824953803
40,error,22,0.1256322647217859,0.10258111343128815,0.08077512275232554,0.767477555833832,0.6429437532424359,0.3539440564877376
40,error,23,0.16726722702675706,0.15192378216981198,0.07174480141649714,0.9033543128105351,0.42892067843237486,0.2247700423236921
40,error,24,0.13091974064892878,0.12050033576532125,0.06893506333822197,0.8528297277935314,0.5265404319936988,0.2741817206471672
40,error,25,0.3593408215153273,0.36705737363004837,0.06809805333005345,0.9826465319377116,0.1895077312261824,0.09374742398554674
40,error,26,0.4988000723990378,0.5214428552004409,0.06433996854698995,0.9930276904452133,0.12898923460116055,0.06306331927735635
40,error,27,0.21324753889640077,0.2293059141489055,0.05876900476826755,0.9673211147920595,0.2755892493913798,0.13279496876342833
40,error,28,0.2360645504428001,0.23602039238310443,0.057183488269527454,0.9706552285164626,0.24223563396804615,0.12112940268296771
40,error,29,0.22160268497027288,0.21387194124536546,0.05483106045270168,0.9689133253961436,0.24742846880031358,0.12591074483133183
40,error,30,0.20031877119822872,0.1985856372146768,0.052504205742562704,0.9653889134417077,0.26210196541511904,0.13162069161071838
40,error,31,0.19687112389291223,0.20460764704847978,0.0512287838234795,0.9681672125734107,0.26021349701771485,0.12759991295042827
40,error,32,0.10171578164764468,0.09575347082894059,0.043068359501069055,0.906601547696631,0.4234144927064386,0.21810049342077903
40,random,1,0.2097114953718007,0.2061490034339938,0.02804124873733451,0.9910526510398135,0.13371281805416502,0.0674292975374228
40,random,2,0.21606698887481118,0.21851637117327777,0.045984418847338865,0.9776701876655985,0.212823838861119,0.10581241083376876
40,random,3,0.13269055718112352,0.14186438546583285,0.030536313362421307,0.97746747741402,0.23013004000502718,0.11122073362544946
40,random,4,0.23317848206623648,0.23952308150776735,0.058662524132185534,0.9695529218685404,0.2515766979683143,0.12410028769180059
40,random,5,0.11204012938427162,0.11028490469264675,0.026704226761539534,0.971268385177348,0.2383430701590936,0.12011290927944428
40,random,6,0.27243680015261856,0.28971613564134713,0.05776073707900805,0.9807566651865407,0.21201440125654636,0.10274896856753106
40,random,7,0.14262967097591367,0.14803387966018394,0.03594434993898344,0.9700959217927034,0.25200996176378804,0.12366265463167739
40,random,8,0.24693348750563685,0.25050100991538976,0.05195599969248808,0.9782830167355481,0.21040398292402174,0.10444771223978978
40,random,9,0.2519392147336056,0.2583616978833567,0.05490038322726428,0.9771644041001835,0.21791036133439193,0.10758412200675613
40,random,10,0.16335710352153618,0.17538593356768864,0.03837718299257827,0.9768221556746196,0.2349267172259921,0.11329257135372028
40,random,11,0.18728472516791952,0.1893301006129752,0.042482685432660525,0.9746099228132697,0.22683354748244022,0.11280111595038454
40,random,12,0.37625273051544744,0.3705139492640909,0.048970950820025186,0.9915168450461631,0.13015406054031042,0.0655772232061281
40,random,13,0.19256984971294966,0.19561968568328597,0.04118420136621275,0.97761061005153,0.21386519002020724,0.10609274985072736
40,random,14,0.16597128224425856,0.18103612974293076,0.03545247453937973,0.9828612635747878,0.21360479026976886,0.10216603780973631
40,random,15,0.1236039720096353,0.12186514195721519,0.03146837528270611,0.9672298316143276,0.25458826429937687,0.12819636074701848
40,random,16,0.18056637588297908,0.18465116613145754,0.04069252323266708,0.9754182986930671,0.22535922136365777,0.11141965303354877
40,random,17,0.2765460273736494,0.2835229487682221,0.04917667124205425,0.9848887014078515,0.1778239010886581,0.08780451253754992
40,random,18,0.12161748602401552,0.11466223144882397,0.027972999860175804,0.9736781384265898,0.23000615099461183,0.11838883917131877
40,random,19,0.1754890266368375,0.1815901198579312,0.03285104749610546,0.9836513385992937,0.18719609385032496,0.09199908709174548
40,random,20,0.11482756300792592,0.11543648535821815,0.025365174853059554,0.9757447292177092,0.220896040049798,0.11015642640096396
40,random,21,0.2686387843932484,0.2850477951972906,0.06577307712381365,0.9735106255366036,0.24483744011472153,0.11879095639539884
40,random,22,0.18929662364043015,0.1835216470568222,0.05253778916499266,0.9607532134727597,0.2775406693154686,0.1409202616236432
40,random,23,0.22987543338508903,0.23644767572464645,0.05226546079073701,0.9752685343708223,0.22736328392211438,0.11207968828915489
40,random,24,0.14180273170747507,0.1504498050900742,0.033363527799901066,0.9756645799948637,0.23527961780812806,0.11415953478439082
40,random,25,0.20597215101468802,0.20783317803807708,0.03763271548753553,0.9834988446841086,0.18270689797259998,0.09094282239152733
40,random,26,0.09202428404898448,0.09526656718477781,0.02573915716535657,0.9628148803237396,0.27969657938415904,0.13742806745623476
40,random,27,0.12855602989973228,0.13736797077339624,0.029027552473359072,0.9783417048211047,0.22579513929342515,0.10915691416708638
40,random,28,0.09873856242364103,0.09981210847283253,0.028658031903419274,0.9583914263427887,0.2902385953510944,0.14433538521245587
40,random,29,0.16816504631905824,0.17118082835148626,0.04366040058014986,0.967048322217974,0.2596267292703892,0.12866009337064807
40,random,30,0.17429017414530243,0.18763937367922326,0.034829569874575125,0.9841776643097991,0.19983553410190774,0.09623274433154921
40,random,31,0.3036455218375077,0.31467486245244913,0.05815496027956285,0.9829389520453864,0.1915219049032404,0.09405296623590742
40,random,32,0.17478599439110964,0.1806817968444497,0.029619014462774623,0.9866607305573019,0.16945777096262696,0.08332381124042734
47,fno,1,3.8713084499051904,3.8784561408337783,0.7320722375528151,0.9821548658841023,0.18910196847496752,0.09446379106326097
47,fno,2,3.616929559979116,3.789725277222458,0.9440672346459318,0.9685783198633348,0.26101337003588554,0.1274620092247495
47,fno,3,2.6386364518975993,2.6870706078940603,0.2592458942800715,0.9954259016826835,0.0982499107990878,0.04867820229151148
47,fno,4,2.074286958430271,2.3029699977832867,0.4585800937924783,0.983462519621892,0.22107831843150233,0.10476423788127902
47,fno,5,0.5858744043882759,0.5732783164010911,0.05952079734337646,0.9949622278966869,0.1015929272633032,0.051348493539617554
47,fno,6,0.5575455144692849,0.5901852100407111,0.08936364816144676,0.989484266405027,0.16028016648352625,0.0778610944117616
47,fno,7,0.5251318111869261,0.4955018173645127,0.058576130737216354,0.9950937940068539,0.11154536431425842,0.057391870801358165
47,fno,8,0.46530085665241844,0.45348934121792295,0.08379832622124585,0.983691102585321,0.1800945451284614,0.091204972811539
47,fno,9,0.3770779847847688,0.3770589539774768,0.0573396681339993,0.9884378161437719,0.15206275196356528,0.07603339546623257
47,fno,10,0.34677510616659796,0.350752319314404,0.05657130693934152,0.9869093247539091,0.1631349621076937,0.08110251119921177
47,fno,11,0.320122976589781,0.33834647429127973,0.08029835097126796,0.9717681227698657,0.25083516650852217,0.12194677963730255
47,fno,12,0.28776787618609406,0.3005771542749443,0.05645547928192386,0.9825244645203695,0.19618340951304025,0.09595625084388577
47,fno,13,0.19589093661361276,0.21819701060015606,0.06671717904195101,0.9537510470408422,0.340581548149924,0.16111799044833963
47,fno,14,0.16466345850008365,0.20331534475235777,0.10900422260955447,0.8448568666692555,0.6619778402848183,0.2962233841262626
47,fno,15,0.15586484355622823,0.19006930710474668,0.09892263623631986,0.8545872250334215,0.6346652607095008,0.28595716869855337
47,fno,16,0.10115491446236999,0.11647684337230015,0.06325014785829147,0.8401903693201332,0.6252738477473854,0.2906278838149032
47,fno,17,0.0674620627646773,0.005482582746238581,0.06756660654568192,0.021551441846255376,1.0015348218234,0.9262596289667623
47,fno,18,0.06685019217473599,0.015043891287445857,0.06778856643958159,0.04970588089852029,1.0140218032671053,0.827748914510668
47,fno,19,0.06603799651336188,0.08922835676977607,0.09133305810086177,0.33780355233580234,1.383017049363887,0.5882309202135446
47,fno,20,0.06567621674366418,0.08703124355834825,0.09033863692767813,0.32599806528783487,1.3754942947760194,0.5915758481816585
47,fno,21,0.06447624329753832,0.01759828805464904,0.06509253276963692,0.10128388225000028,1.0095427385016955,0.7930808573181679
47,fno,22,0.0627858519840926,0.016413251986412844,0.0637596227518207,0.07091980512362712,1.015493224090524,0.8050446849863371
47,fno,23,0.06099464797228565,0.02287726263974432,0.06209109433901514,0.13917688562135877,1.0179594184691214,0.7402997450062185
47,fno,24,0.05865156522506417,0.017704436394146452,0.05939936172938936,0.10842186807116332,1.0127325463338142,0.7779163726937793
47,fno,25,0.0569886577637331,0.03665817682496062,0.06086485809510287,0.21229188788029035,1.0679983085253033,0.6499334273176157
47,fno,26,0.05387529137421407,0.024602255211768325,0.054665854346834186,0.19595643470711574,1.014655109928335,0.6965706772734555
47,fno,27,0.05301864950699393,0.05667099873431413,0.06728416464486933,0.24885352734568447,1.2690420489481686,0.6133992799172008
47,fno,28,0.05074670343979138,0.09566542888526901,0.08166766408311905,0.5208858911782552,1.6092878799926789,0.5577892009154197
47,fno,29,0.04893910892827306,0.027183992333890912,0.051062346392274985,0.197932311233484,1.043363970993859,0.6707776583978476
47,fno,30,0.04757496047248156,0.029979369384389318,0.05148561132894297,0.1792690870593398,1.0821770242289233,0.6638565192612831
47,fno,31,0.043933223138903736,0.025143730454446664,0.0476911424409758,0.13030891260182875,1.0855123644770974,0.6903959940927762
47,fno,32,0.04298558515819897,0.0030003772672862155,0.04306335767721639,0.008955444849150073,1.0017859645918579,0.9364253563603805
47,solver,1,3.8652826515796637,3.8841609481063513,0.7314378277858723,0.9821943856620268,0.1892326394951502,0.09438583867229763
47,solver,2,3.6106921454547076,3.7966432189058663,0.9464611662908406,0.9685884553817418,0.26212727810511555,0.12777348290063
47,solver,3,2.6255855643332184,2.699282118511596,0.28814062743736063,0.9945257731489294,0.10974333558510399,0.05411225038575436
47,solver,4,2.075866280062892,2.3034260451934276,0.4472089696261729,0.9845018113502756,0.21543235153868984,0.10211898048642308
47,solver,5,0.5622010257788647,0.5897304897619244,0.09328658429755121,0.9880190239131783,0.16593071533015846,0.08098268174482137
47,solver,6,0.5822349653354596,0.5735766584216303,0.061017292806206914,0.9945379937328195,0.1047982200327514,0.05279168227793171
47,solver,7,0.522510322684049,0.4973569888196188,0.05536862215777725,0.995318899519617,0.1059663585343153,0.05428997208094756
47,solver,8,0.467545944967938,0.4481123959317826,0.07353258279987712,0.9879974638810195,0.1572731542603056,0.08030561095748176
47,solver,9,0.36704424197367347,0.38108318526489326,0.07018052740038568,0.9830983551105633,0.191204024394953,0.09380812818386083
47,solver,10,0.32916056150801315,0.37114807912631476,0.08580804543213601,0.9770803293400238,0.2606867127468257,0.12252872222980196
47,solver,11,0.31071275833115725,0.3536649296413367,0.09875084691411778,0.9640232512244381,0.3178193570973758,0.14863638569665585
47,solver,12,0.2783901637746731,0.3199809395541979,0.09634082113074403,0.9576122605410539,0.34606278383433636,0.16100486736393557
47,solver,13,0.15662291864385194,0.26553341193289565,0.14954587000618133,0.873733821887787,0.9548086352393887,0.3542420305763093
47,solver,14,0.13017141484972855,0.24916840720706115,0.15638567796291708,0.8412776050675009,1.2013734103607834,0.4122563902165667
47,solver,15,0.15965618601725795,0.2432859525629497,0.17275467853847076,0.7058573453458912,1.0820350956191664,0.42873215101063983
47,solver,16,0.13101577749611007,0.17747480924436482,0.19317608583683105,0.24396700652379288,1.4744377745252244,0.6261956375469796
47,solver,17,0.10222255503868606,0.1681116921687223,0.1545146934917054,0.43166622561249557,1.5115370760998283,0.5715669528404399
47,solver,18,0.12614698522096573,0.15364199837345266,0.16753860980943697,0.2953784432617784,1.328111658033775,0.5988013139609021
47,solver,19,0.09632950218630876,0.11400726929877536,0.14041003493199472,0.11664501289957897,1.457586452320508,0.6675455099701469
47,solver,20,0.11112191050875708,0.09815120534699638,0.12915330224751964,0.24302211420597508,1.162256294909965,0.6171489566179376
47,solver,21,0.11411011397285913,0.09096304795604028,0.1337477575294549,0.16411348593359587,1.1720835322076189,0.6521921448876926
47,solver,22,0.12448493586660574,0.06612959607334615,0.13811834587513222,0.04816156000328758,1.1095096398932522,0.7245912464186947
47,solver,23,0.08251426579173192,0.056617249205524245,0.09289338480363969,0.14822515471067593,1.1257721091040547,0.6676612207108571
47,solver,24,0.10759198131477447,0.047660257672316686,0.11368376559804651,0.09005079742936084,1.0566094944934448,0.7322473034362843
47,solver,25,0.07796023592121254,0.037111188049075046,0.0846816281194816,0.049091113504199084,1.086201714465644,0.735898534138352
47,solver,26,0.08287924722930538,0.029447284225910517,0.08727189099227778,0.02452895706807739,1.0529878217040305,0.7769412348126994
47,solver,27,0.07209185021173242,0.02463094502601094,0.07511295173147296,0.04560558585415682,1.041891831310188,0.7765715928210656
47,solver,28,0.0892418172658372,0.01866597929869215,0.09160740060382423,-0.023831127578411666,1.0264960633295943,0.848933576504517
47,solver,29,0.07322372798037094,0.015668451053366467,0.07434841109943166,0.034658894127568486,1.0153456782982102,0.8363792577517606
47,solver,30,0.07730417652881859,0.011256401428559763,0.0779359661034563,0.016449414060205437,1.00815973267201,0.880020070791469
47,solver,31,0.06554235734910356,0.009513497759612282,0.0661456997427492,0.008863668705067756,1.0091899838215088,0.8812745970629956
47,solver,32,0.07251711853987522,0.007377629911678098,0.0732671119127099,-0.0513152574415744,1.0103283619034165,0.9170339264940632
47,error,1,3.600141401734676,3.7877970708224926,0.9486662367694502,0.9682929521279714,0.2635079757712776,0.12840741864403643
47,error,2,3.8570778467130262,3.868903379635596,0.7342095219587014,0.9819427727987393,0.19035377578148013,0.09503122068476415
47,error,3,2.090978608755716,2.338458762953052,0.49135750622811974,0.9815748431370306,0.2349891429694587,0.11092997915186394
47,error,4,0.5920194489360001,0.720191206862215,0.2947282205491436,0.9173989882122474,0.4978345276397791,0.2246041781802808
47,error,5,1.1874020937821148,1.3090912336176743,0.26435523371115194,0.982284220052472,0.2226331016783256,0.10589058056722675
47,error,6,0.8365640459517433,0.8552327287481688,0.23894659546429206,0.9603421592127825,0.2856282325212946,0.1412382727047126
47,error,7,1.8681042421531122,1.8142749912959977,0.20432666090858503,0.9942683866636034,0.10937641857537177,0.05548765959923753
47,error,8,0.36546564836887635,0.42377633661816655,0.1854220381235017,0.8999804451740733,0.5073569338024786,0.23493656788922335
47,error,9,0.35891462616018455,0.39037229973247645,0.1793730833901174,0.8887122803137384,0.4997639286679119,0.23939139707399132
47,error,10,0.20765803924419937,0.276910607702925,0.16846150047641076,0.7949369922676662,0.8112408739323225,0.3476517803740874
47,error,11,0.27682037444319085,0.2637681723999926,0.14582847200904034,0.8555421655672871,0.5267962862418603,0.2697582164890489
47,error,12,0.21932958415562792,0.24479940706232906,0.1364314847303823,0.8327039309737034,0.6220358426327637,0.29395102086026076
47,error,13,0.27751889378499267,0.293133055481256,0.12785543387454443,0.9010250916385142,0.46070727446155585,0.22405112255871493
47,error,14,0.4134516341139458,0.42022195436123083,0.09819000520498834,0.9723858650818967,0.2374879178492006,0.11777977470151955
47,error,15,0.25010031786797515,0.2525052397897077,0.09076701948910205,0.9348166723495217,0.3629209964300014,0.1805925889867159
47,error,16,0.2419084515327565,0.23812439617249515,0.08710578155942955,0.9342662128639107,0.3600759747398076,0.18145758257637257
47,error,17,0.21667539547177328,0.21756890324683464,0.08441881393657105,0.9244223434761611,0.3896078008532702,0.19440351843918216
47,error,18,0.16967063279345854,0.19091958116265365,0.0779976766062241,0.9130669869890611,0.4596978017013059,0.21630498355879868
47,error,19,0.14427511070496127,0.14765681661415128,0.06850492070879804,0.8901224359443999,0.4748181828167506,0.23465979441885693
47,error,20,0.06893696308796307,0.015245001360216365,0.06742607333797396,0.20859319811541288,0.9780688363527658,0.800946768505396
47,error,21,0.07779252548234464,0.05100514452819507,0.06651222691880099,0.5329534251310968,0.8549840941955515,0.5164046097165307
47,error,22,0.07874463359492072,0.044773913089927585,0.06557982723155513,0.5537483213618838,0.8328058869766359,0.530926715581928
47,error,23,0.12451144649628723,0.1267838324353338,0.06388995825507802,0.8708744102078931,0.5131210577970864,0.25424156110350843
47,error,24,0.23579652282758154,0.24182888840960726,0.062247697406241274,0.9663431769013054,0.26398791921049003,0.13032716772299496
47,error,25,0.20741853259486015,0.21412831950199976,0.06198847703205119,0.9572484520610925,0.2988555429498989,0.14704968065596494
47,error,26,0.1571667608820852,0.1485580083700796,0.059238504455470055,0.9264383728510707,0.37691256860186245,0.19376353063195573
47,error,27,0.18633108503405652,0.17921486077364165,0.057508304790922435,0.9512392526861286,0.3086333992366986,0.15732125640895275
47,error,28,0.24160691459766284,0.23830572370636463,0.057248276377384354,0.9716335828680128,0.23694702415985397,0.1192887049005207
47,error,29,0.15897595087149838,0.14969537665236843,0.054249013712633354,0.9399775053976597,0.3412382324308322,0.1757495210141206
47,error,30,0.10963672606415771,0.11292481012158227,0.05255660392709633,0.8888841631401908,0.4793660523052193,0.2361430851202878
47,error,31,0.1342230678037726,0.12972245372996008,0.051473522929952956,0.9244972881373671,0.3834895169859112,0.19501496981605262
47,error,32,0.13110438553339704,0.12215654814950751,0.048862973987427866,0.9279585048112867,0.3726999755855246,0.19293453728662807
47,random,1,0.13309221067941202,0.1356334938478141,0.024803980263026985,0.9831379525643901,0.18636548127742983,0.09230188085201621
47,random,2,0.21035057474065652,0.2252127869184442,0.05483731829049641,0.9705928636959814,0.2606936428125418,0.12589946083195724
47,random,3,0.1600175426490835,0.18212344241485728,0.0459828174470419,0.972107337504393,0.2873593065266256,0.1343968862472358
47,random,4,0.15769403491224074,0.16259946890760565,0.03588338734908846,0.9753606359679124,0.22754925270195106,0.11203247923751923
47,random,5,0.13418364723483814,0.13054906217799125,0.0387855988086745,0.9574394670661772,0.2890464714699839,0.14650797170749308
47,random,6,0.11263762000587255,0.1100155044085736,0.023901927959555383,0.9772259550888376,0.21220011358723348,0.10735003459924494
47,random,7,0.15426708942782755,0.1625327625454032,0.036937464319654195,0.9741548410969434,0.23943684307398477,0.11659521775141996
47,random,8,0.15467060379619277,0.16960846909997512,0.04368681385277847,0.9678769233301548,0.28244883210976196,0.13471939074951014
47,random,9,0.1503218290323719,0.15476590181019495,0.03621813327633792,0.972232529070468,0.24093568162250573,0.11871344174632052
47,random,10,0.24531743613047405,0.2392878600179386,0.032251390471889185,0.991449991316745,0.13146745503764787,0.06655173638522449
47,random,11,0.16826964282395615,0.17476387427839515,0.042650533548460184,0.9697883922690991,0.25346390096744886,0.12433306685500263
47,random,12,0.11302162599632543,0.11100638270858358,0.026287152731635153,0.9726228868845868,0.2325831000643163,0.11733816474749743
47,random,13,0.2657290060493814,0.2664336306560952,0.06121145643222352,0.9735424349729677,0.23035206803423028,0.11502374873107067
47,random,14,0.22553603306847417,0.22287498010133305,0.03994253968043402,0.9842009055113643,0.1770996946133776,0.08907553434637433
47,random,15,0.14351807813958642,0.13988332837670292,0.03433965696373001,0.9709600259184169,0.2392689348961071,0.12116924971050395
47,random,16,0.19703971665207154,0.20795840755907863,0.0531481045845115,0.9669867864878886,0.2697315838449715,0.1312301716405743
47,random,17,0.1848204658301633,0.20083809976531486,0.04284976278613406,0.9787233229304897,0.2318440804138503,0.11110774011263491
47,random,18,0.2832089128055645,0.29149704450063224,0.0496513705333484,0.9854849602488861,0.1753164994879122,0.08639423953744614
47,random,19,0.17496307322264215,0.18260565231016554,0.032534611436170244,0.9843487398023295,0.18595024016599043,0.09098816010693034
47,random,20,0.25900297108387216,0.26096238415942846,0.06266837632166765,0.9709758530335771,0.2419591331338083,0.12052390638302762
47,random,21,0.22035111143747585,0.23063901738598835,0.04594051049069292,0.9802771761970189,0.2084868177164183,0.10186566332367007
47,random,22,0.11954492991865054,0.126873591931641,0.029241329579491163,0.9735827431423667,0.24460330518478973,0.11866482557845515
47,random,23,0.23736475379382738,0.2513147335214388,0.05420062374324681,0.9770079146660028,0.22834222240131877,0.11091219140141348
47,random,24,0.17164859999054016,0.1794375501721714,0.04731801804648635,0.9646377817894916,0.2756663461440872,0.13477570462079513
47,random,25,0.1976633671435743,0.20473928711937214,0.04820432503342847,0.9719098242757596,0.24386957411709448,0.11979097238001189
47,random,26,0.2327938499339208,0.24798132747949805,0.05824867238263102,0.972611042796636,0.25021460912543814,0.12115548797781438
47,random,27,0.24200719109232993,0.24256997503249428,0.04467323941024533,0.9830046288975433,0.18459391481175852,0.09218995516759992
47,random,28,0.31803798076102985,0.3212379862141192,0.06962268741983481,0.976327328909019,0.2189124341086615,0.10890848727002748
47,random,29,0.19766619500941757,0.21362628945044168,0.05753906929204226,0.963814124865712,0.29109063488911696,0.13989783807931405
47,random,30,0.19647797051891513,0.19746570505689137,0.03440908123027553,0.9847541163077432,0.17512857044903413,0.087344958222831
47,random,31,0.1908607132906968,0.205682525337111,0.04837402519693177,0.9729936612815607,0.2534506494933035,0.12198897496108906
47,random,32,0.21348997778124287,0.2149723073215321,0.04174695612748445,0.9810367954355643,0.19554435771173978,0.09743415032041931
115,fno,1,3.7076576490340596,4.068491544281195,0.6916725912418159,0.9884580804778134,0.1865523924167114,0.08894794648339101
115,fno,2,2.3486580841042897,2.469104538661601,0.5253237665262556,0.9774569754187096,0.22366965477520495,0.10903892504063241
115,fno,3,1.5207246700842905,1.693827383449421,0.28832242367333916,0.9896800333898029,0.1895952895023848,0.08969284963469198
115,fno,4,1.388508479624613,1.422909082087798,0.1469653753647624,0.9948334261929063,0.1058439841581023,0.052274455808973185
115,fno,5,0.982992477863296,0.952393658582392,0.048907526991579416,0.9992225673019526,0.04975366377596753,0.025270151935285375
115,fno,6,0.8510670334482376,0.9533391535009039,0.14625016396694904,0.9932646518189143,0.17184309387628297,0.08105164123970605
115,fno,7,0.7304764263067643,0.713129567229401,0.03943411894658319,0.9987962395607913,0.05398403499743853,0.027316381205654838
115,fno,8,0.5418758012185275,0.5260378144439792,0.06609659273570058,0.9927767782061212,0.12197715899087773,0.06189314367113139
115,fno,9,0.5279385740997417,0.5336969650462672,0.06892086593380026,0.9916295076608042,0.13054688323247254,0.06491945538087913
115,fno,10,0.48305476549454024,0.5034377716244577,0.07251877605711361,0.9900416433975523,0.15012506057736572,0.0735116585445667
115,fno,11,0.43687034854325024,0.4496248899707481,0.06804184566028271,0.9886293721251177,0.15574801571942998,0.07675367667023471
115,fno,12,0.42572378234875263,0.4583322021695587,0.08231877614195318,0.9853603259347424,0.19336148506035963,0.09311478511399976
115,fno,13,0.35489219492219515,0.3748137585729806,0.08306553098680527,0.9755559758854108,0.23405782972259054,0.11383409543918295
115,fno,14,0.3231519359282826,0.35899377482713607,0.10289227950285172,0.9599076752521073,0.31840119046817705,0.15083599741895315
115,fno,15,0.2662252896749076,0.325350224164448,0.14219964750712605,0.9034537873996297,0.53413074899841,0.24037405843623602
115,fno,16,0.22161536240822366,0.259573123681837,0.09199570743899885,0.9389624449383163,0.4151124332125808,0.19118395164141366
115,fno,17,0.17622585464525703,0.2774618674133059,0.1765175073340786,0.7861816970634578,1.001649309859196,0.38907184320815763
115,fno,18,0.13650639198919276,0.20663206496787928,0.10552716922543055,0.8897709409836307,0.7730509512172432,0.3075343481662979
115,fno,19,0.09337935104920517,0.22083187368678725,0.17891206709672608,0.6177373200935753,1.9159498233461496,0.569398810778453
115,fno,20,0.08501315510141486,0.13975640833465575,0.08301112325295074,0.8361257828136021,0.9764388430835469,0.3693149226658446
115,fno,21,0.05318997556020155,0.0026142075350664156,0.053230412636280665,0.009100173783835153,1.0007414241920507,0.9538614459056289
115,fno,22,0.05280686958435254,0.007461340931601977,0.053123242955804846,0.02811875125641519,1.0059720904087703,0.8814325341418238
115,fno,23,0.052185744302912306,0.008117338930255942,0.05258145574252837,0.028839791097251582,1.0075634424965276,0.8719385640806441
115,fno,24,0.05134035280378523,0.017678868814200818,0.05305685654661947,0.07345659927303878,1.0334136840801702,0.7687146651061076
115,fno,25,0.05027823985208824,0.01473298832361797,0.05159742708164315,0.05580020842682088,1.0262173261455974,0.7936572630950693
115,fno,26,0.04918015120680888,0.0390522077814376,0.056950022199039274,0.18235435620709775,1.1579643989942803,0.6454477405379699
115,fno,27,0.047681081303121584,0.024943007664460774,0.05107740606619058,0.12054798035097147,1.07120756205008,0.7033024921868253
115,fno,28,0.04709074893724621,0.07332198512433077,0.07218503822560696,0.3450795343691314,1.5328595742281668,0.599475124562561
115,fno,29,0.0449999560828038,0.05553551099851406,0.06168970639872015,0.2608081852102061,1.3708532388780428,0.613605273684653
115,fno,30,0.044687201361490306,0.05921444798034056,0.06683119411050825,0.19592557956854878,1.4954997532771477,0.6432097211558034
115,fno,31,0.04240880643674312,0.08571593396834676,0.08378177425934688,0.2924728875204191,1.9755283340968,0.653902752050115
115,fno,32,0.041641549103645294,0.027420683673995073,0.0469025024376077,0.12526616402434443,1.1263119921134213,0.679124051267879
115,solver,1,3.693497200014164,4.0841138672679556,0.7077558556922418,0.9884539360456993,0.19162209303080954,0.09099912024020072
115,solver,2,2.3378516212591536,2.4799354597381233,0.5288773945076103,0.9776184922303331,0.22622358214469482,0.10977597719452475
115,solver,3,1.5203474791285332,1.696088984709902,0.296719495903956,0.9889171655924891,0.19516545053804787,0.09225097619334922
115,solver,4,1.3861871209438938,1.4251235947883756,0.14918455291995936,0.994750668664774,0.10762215507832766,0.053065816958366305
115,solver,5,0.8479370958266418,0.9572143951885581,0.15176177695351303,0.9931682344454235,0.17897742500360572,0.08407144421808027
115,solver,6,0.9824283454848827,0.952797423419139,0.04734350553207404,0.9992717224470159,0.048190239582783866,0.024464060901186333
115,solver,7,0.7300311288822056,0.7131675938522253,0.0364589427967434,0.9989965363315335,0.04994155921954804,0.02526257608175301
115,solver,8,0.5291699869413643,0.5436896360092456,0.08627819327194614,0.9874296143709038,0.16304407346789468,0.08041882740990301
115,solver,9,0.5226169932493442,0.5232994825477615,0.05729808463406767,0.9939985697810785,0.10963664736803351,0.05478260566437151
115,solver,10,0.49061696594845816,0.5050344983917678,0.07920418670245509,0.9877603623489859,0.16143759951663875,0.07955003330900219
115,solver,11,0.43008271942956294,0.46640301441248766,0.0886619736794984,0.9836938019231036,0.2061504997145539,0.09889937054564321
115,solver,12,0.4349443372619058,0.4377998945128996,0.04533375814212414,0.9946250114652345,0.10422863348188065,0.05194386229980758
115,solver,13,0.3445973302733909,0.3818893178690407,0.07045543513720234,0.9864235211258912,0.20445669333715502,0.09698091263815843
115,solver,14,0.31508072671565074,0.3684291223562124,0.10474526849333386,0.9650018268386266,0.3324384107741751,0.15324594867157862
115,solver,15,0.25386719457597534,0.3285606651829832,0.12347404272955133,0.9420535011359151,0.48637066543835666,0.2119984967445668
115,solver,16,0.21006523829481452,0.28396117806544074,0.13652584194524148,0.8895338365412276,0.649918059434359,0.2763527638832173
115,solver,17,0.16833121728146538,0.27476000717777826,0.1716487057872168,0.8039359816465311,1.0197020425401155,0.3873882147146668
115,solver,18,0.10726590189364069,0.22402127736471553,0.1852601093870373,0.5695042772649554,1.7270948085247202,0.5592113482641395
115,solver,19,0.15703950791142993,0.2158389787171612,0.15263699225834138,0.707323660502753,0.9719593644235275,0.4093467131657376
115,solver,20,0.10973543271467508,0.17683650041055396,0.18703741537953603,0.2146333324694959,1.704424052728693,0.652669508385856
115,solver,21,0.10390585698971089,0.16481677507291687,0.13242832858244438,0.5962984965841015,1.2744907546915576,0.492804922164721
115,solver,22,0.11322716665280988,0.13571754749946396,0.16599011553054754,0.11996311246804685,1.4659790089114573,0.6667723366750373
115,solver,23,0.06766214425624215,0.12203212170656161,0.11798759848092541,0.3360155821525024,1.7437498623194807,0.6219849392765601
115,solver,24,0.1014296235479318,0.1023786728790632,0.13986085991442074,0.05817961603358205,1.3788819887154538,0.6862339567739946
115,solver,25,0.07091562199828357,0.08359041924226729,0.10899521942805254,0.011507156294242846,1.5369488331055956,0.7054385259915676
115,solver,26,0.12711114983545901,0.07430029085192712,0.1452769681048007,0.03030263701103346,1.142903871052887,0.7212909371883649
115,solver,27,0.0641580252033233,0.05838583998997324,0.0865499772869215,0.004572967278886693,1.3489914632063083,0.7062717572898841
115,solver,28,0.1152152565760585,0.05049747695021003,0.12613366833083203,-0.007317857765667266,1.0947558276862306,0.7611539831177458
115,solver,29,0.08051511844364032,0.041156346953141035,0.09031280913596251,0.003036733709948643,1.12167365841387,0.7422616846091424
115,solver,30,0.09757713959864844,0.032379829381320446,0.10317657180692959,-0.011972258483141028,1.057373836305019,0.7939226244974076
115,solver,31,0.08023111399914973,0.028679686223348988,0.08480725387968985,0.014620958698899891,1.0570237982335677,0.7786782856075736
115,solver,32,0.08123915670355704,0.020620342001202087,0.08475761243915444,-0.04741396639909595,1.0432970082570434,0.8320950075536435
115,error,1,3.4754175886360734,3.9369673137383767,0.7296985174023854,0.9883270851165014,0.20995989369118132,0.09844313653025501
115,error,2,2.293397176216601,2.4430539272315945,0.5367010350754543,0.9762934202947475,0.23401999733026965,0.11331288131990806
115,error,3,1.2663696768804906,1.4529362621345954,0.3315017077001688,0.979595611047656,0.2617730446165828,0.1219066898789426
115,error,4,1.2781092540570367,1.0760098817724462,0.3025015874689705,0.9815805298919901,0.23667878925840394,0.1284987893629239
115,error,5,0.638619973657843,0.6835908390541479,0.20833362904699712,0.9526055770010753,0.3262242200623637,0.15756448932314687
115,error,6,0.26328401024396575,0.3547850696041329,0.20152149910451625,0.8274342444389234,0.7654119728190449,0.32604959481948004
115,error,7,0.5738809801188057,0.6329137395764598,0.18969137807171452,0.9552637429381062,0.3305407464309027,0.15718598846175433
115,error,8,0.5827983843366759,0.6438424269303484,0.1859670668666772,0.958882088318024,0.319092764791334,0.15160665905769824
115,error,9,0.4875084074812006,0.5260099288408246,0.1745273009250885,0.9434993371892767,0.3579978114203235,0.17219928093176112
115,error,10,0.6795129712251792,0.7398763637652654,0.165583743634199,0.9763560687860635,0.243679674953037,0.11665835644520839
115,error,11,0.5646629208533712,0.6111485965975191,0.15192699430983314,0.9696880312192114,0.26905737855577405,0.12921022021368184
115,error,12,0.5569344990098393,0.6090662389843499,0.14270744628129683,0.9739870627659608,0.25623693683561666,0.12239042329970183
115,error,13,0.2857523096994988,0.3302253241066233,0.12825424485403628,0.9233208136119891,0.4488285542131072,0.20821216486285468
115,error,14,0.46251661272921335,0.44561181178413545,0.11908363991703126,0.9662907622600443,0.257468335560986,0.13113069206060157
115,error,15,0.2854530741853537,0.32646611958783817,0.10900616789826287,0.9452720686725018,0.3818693714894466,0.17813788302378855
115,error,16,0.2158400975855916,0.23703316398076715,0.10262950245544628,0.901452109784692,0.4754863814327511,0.22661809505464287
115,error,17,0.4512218231015552,0.4569242304497904,0.09028434555650135,0.9803109549500537,0.20008816250897257,0.09941599788651054
115,error,18,0.33401075804440655,0.3600966391235188,0.08353644874760822,0.9738191445013077,0.25010032352364714,0.1203507248845432
115,error,19,0.23679985826294758,0.26236748146053224,0.07551166747824484,0.9593720927274142,0.31888257513997453,0.1512749536961327
115,error,20,0.30397195792421927,0.3274407958654212,0.06910613874744907,0.9787764876564248,0.22734304794532842,0.10944667950719399
115,error,21,0.4059248873768151,0.43198789245357666,0.060725374099278674,0.9914222660822992,0.1495971949256545,0.07247210340850407
115,error,22,0.4870459006793266,0.49597135919493784,0.05734006490891017,0.9933593964633362,0.11773006835467592,0.05833062034498159
115,error,23,0.25509805367879934,0.2538311842691632,0.05524710876321364,0.9764436190528851,0.21657120230942314,0.10855536701056184
115,error,24,0.056740178240357764,0.02032764800621052,0.0531947444324202,0.3480944091714449,0.9374980584133319,0.690223881991311
115,error,25,0.06359295498051963,0.035788246780948434,0.052764976322405094,0.5581839539829722,0.8297168549835953,0.5309298384136107
115,error,26,0.07524745071832248,0.055784487918487,0.05223288468994476,0.7201442905304821,0.6941390047413483,0.39862408058115256
115,error,27,0.0963765292184177,0.08309697742929695,0.051199538261068184,0.8473486782131071,0.5312393737033464,0.285274712366622
115,error,28,0.10202185581288065,0.09248657829344918,0.050425700775285555,0.8700762972856898,0.49425886359984816,0.2592455271229673
115,error,29,0.23509574804334307,0.23432157494880554,0.04944098738039096,0.9778190202278276,0.21030060088826022,0.10532394020166508
115,error,30,0.27502390508328656,0.26077068977876533,0.048545129469141315,0.9849865428279218,0.17651175792403334,0.0906038234256852
115,error,31,0.15556766363991126,0.1444214699478955,0.04777942378848632,0.9519605230375804,0.3071275581506536,0.15926998403932954
115,error,32,0.3998932194986574,0.3833661202785523,0.04744197576803992,0.9935501469215406,0.11863631294175085,0.06056986848272478
115,random,1,0.12004637059817135,0.13207200670245786,0.03631012270637629,0.9629824508733857,0.30246495633723935,0.14401956364932558
115,random,2,0.10344464270001949,0.11429355563611095,0.029511565106247032,0.9681455639123746,0.285285724327966,0.13553629907596682
115,random,3,0.1428841451796876,0.14472785254652984,0.02732964615136052,0.9820228502230902,0.19127003102381054,0.09502229164683292
115,random,4,0.1391295526937806,0.15180251334511824,0.033018461922205124,0.9779922963927252,0.23731999394034686,0.11349160950233973
115,random,5,0.10895786351659348,0.1131527598507577,0.03231489799068978,0.9583638079061935,0.29657888259607723,0.1454894503078034
115,random,6,0.11153431795555101,0.11582350505085873,0.02992872747842907,0.9660430590464933,0.2683340849071345,0.13163653419152913
115,random,7,0.0800936799973781,0.09007799865351088,0.025052116788746966,0.9634133422653429,0.31278128322089616,0.14721585737121554
115,random,8,0.13453316058124098,0.15434423859734306,0.0365682016526156,0.9772506373363605,0.2718135044261357,0.12658683292553563
115,random,9,0.11599296448862424,0.1255936926978572,0.02728496245556162,0.9776120304976712,0.23522743252936673,0.1129402171175507
115,random,10,0.19587301264969892,0.20382889195159432,0.0356666965479913,0.9848612401753176,0.182089987668643,0.08923301816775416
115,random,11,0.12757178716959078,0.1317618432837548,0.02702823795734566,0.9787921619668412,0.21186523048536418,0.1042214759752576
115,random,12,0.09377787650694636,0.10185956377752363,0.025837697524763507,0.9684745602497569,0.2755172431912176,0.13206861334200962
115,random,13,0.18254144055937302,0.18794871137405086,0.030069574243874013,0.9872488954300419,0.16472648306733745,0.08116138290200632
115,random,14,0.2487323292786919,0.2615586579646794,0.047090497920500386,0.9842217919781059,0.18932122227873247,0.09228147628749993
115,random,15,0.17912164396384173,0.1940326198144447,0.04554375002126493,0.9733581869646027,0.25426014831747645,0.12205040218412988
115,random,16,0.18946012612812366,0.19748866711346416,0.04358277168717224,0.9754785472988635,0.23003543036949575,0.1126315931637204
115,random,17,0.17239703214919053,0.19678017381106513,0.04223289599962958,0.982474520034553,0.24497319066311557,0.11439704543170194
115,random,18,0.30754900154387704,0.33926027173503337,0.07331497390126454,0.9790611653687639,0.23838391654439633,0.113348499444211
115,random,19,0.1936203560178477,0.2060006287370799,0.042997438637962154,0.9787455223786308,0.22206971132873754,0.10759527823358064
115,random,20,0.16468418390257,0.18731758007496904,0.04377676179125046,0.9772412603620554,0.2658208877924889,0.12436482400474508
115,random,21,0.12211430783840549,0.12210163755713714,0.031842555710889085,0.965998527111932,0.26075810047521775,0.1303863483318724
115,random,22,0.18276701037404292,0.18838177085182278,0.03691379323103321,0.9806694214539438,0.20197075601735487,0.0994579415057477
115,random,23,0.11125121605330499,0.12421090161814156,0.030297117609650596,0.9728640695989359,0.2723282167712879,0.12867033236146003
115,random,24,0.12352779464770264,0.1293093674203225,0.033916111830232826,0.9650392845863823,0.2745603721541987,0.13414158508677906
115,random,25,0.11721488757518646,0.11828969093604008,0.026208802792502043,0.9752711622093031,0.22359428687250932,0.11128739691935863
115,random,26,0.38100065392587523,0.42140771618996814,0.0754508699314323,0.9873561637946223,0.19803291968415299,0.09403039488501923
115,random,27,0.14422360188576225,0.13720965313912745,0.029958185299200475,0.9785663007874363,0.20771896685788616,0.10644825483859814
115,random,28,0.15699352748039877,0.16766126246105514,0.03589422081416558,0.9776877434419161,0.2286335797191853,0.1105608522202499
115,random,29,0.14383648961310078,0.15435866935259215,0.03763597493523873,0.9705943995423421,0.2616562277085989,0.12621213856603936
115,random,30,0.15952885246678095,0.18598843820999572,0.04130597606575599,0.9830459002549978,0.2589231759890029,0.11954787106884786
115,random,31,0.08566730778265515,0.08967489939391249,0.02300695997973843,0.966594273943274,0.2685585903962088,0.13121101381800787
115,random,32,0.12666404327883585,0.13014199832256992,0.03429963455786562,0.9646825180790979,0.2707900591196234,0.13356189278914954
