sample_id,source_split,dataset_id,local_index,j_error_spectral_adv_only_trained,j_error_spectral_baseline,j_error_spectral_clean_plus_adv_trained,adv_only_minus_baseline,clean_plus_adv_minus_baseline,adv_only_over_baseline,clean_plus_adv_over_baseline,adv_only_lower_than_baseline,clean_plus_adv_lower_than_baseline,j_model_spectral_adv_only_trained,j_model_spectral_baseline,j_model_spectral_clean_plus_adv_trained,j_solver_spectral
0,train,train_original_gaussian_corr0p03,816,0.7002136693994849,1.7318946010333722,0.7883311981070072,-1.0316809316338873,-0.943563402926365,0.40430501312359735,0.455184280634995,True,True,6.321356145278554,5.840958771938537,6.299155437231117,6.32121717217155
1,train,train_original_gaussian_corr0p03,978,0.2915208592405842,0.9681128468102144,0.8295750568762043,-0.6765919875696302,-0.1385377899340101,0.301122808359688,0.8568991307258537,True,True,5.507517934942001,5.209431997371506,5.480874898848032,5.466800354586842
2,train,train_original_gaussian_corr0p03,1284,0.5156910951840987,4.247228992503153,1.0266683461777095,-3.7315378973190545,-3.2205606463254437,0.12141824613044239,0.24172662881843598,True,True,6.2527546499843485,5.862743482885733,6.252602427641564,6.276207821094439
3,train,train_original_gaussian_corr0p03,377,0.5139996693920162,0.8121481500905434,0.7506794935055028,-0.2981484806985272,-0.06146865658504064,0.6328890478106887,0.9243134930761244,True,True,4.667465424145275,4.646663906996005,4.747783694301679,4.753026533977013
4,train,train_original_gaussian_corr0p03,1062,0.4098246430472415,0.5834202404172253,0.6576849886174431,-0.1735955973699838,0.07426474820021778,0.7024518771480414,1.1272920324929219,True,False,4.653047581340795,4.514727122461061,4.6494569780857,4.7319074733650615
5,train,train_original_gaussian_corr0p03,168,0.5074066523926013,0.7052030523257685,0.4763029651852188,-0.19779639993316722,-0.2289000871405497,0.7195185141629319,0.6754125122039186,True,True,3.5164632137764755,3.438039310793187,3.4605303899016318,3.521078006882218
6,test,test_original_gaussian_corr0p03,41,0.4722064581476101,0.8923018590963998,0.3780684257498359,-0.4200954009487897,-0.5142334333465639,0.5292003522505216,0.4237001435060232,True,True,3.436784752373262,3.3521038346730068,3.5589517532012693,3.610830319605773
7,test,test_original_gaussian_corr0p03,57,0.4675500308936918,0.8029743521295363,0.3446905728780459,-0.3354243212358445,-0.4582837792514904,0.5822726836214893,0.4292672262369349,True,True,3.51210481355133,3.6255402146835887,3.550699577231174,3.569048918274364
8,test,test_original_gaussian_corr0p03,14,0.4674381856855741,0.8924201068335217,1.4501673014759766,-0.4249819211479476,0.5577471946424549,0.5237871514842205,1.62498277478468,True,False,5.681028085368609,5.386646580816612,5.629777692259187,5.614330733080682
9,test,test_original_gaussian_corr0p03,80,0.346009221156633,0.4884189801626007,0.6503845778138486,-0.1424097590059677,0.1619655976512479,0.7084270579358777,1.3316120057359924,True,False,4.655894087218126,4.532576241057638,4.702980484112994,4.7405522881853575
10,generalization,burgers_near_gaussian_corr0p08,156,0.550033617912933,0.7865062995919041,1.0956156168120748,-0.23647268167897106,0.30910931722017065,0.6993378415383703,1.393015691521554,True,False,5.9691378098084025,5.731516639911471,5.93642848502969,5.964944610823535
11,generalization,burgers_near_gaussian_corr0p3,92,2.888000665848843,5.632245254515047,2.973879488828734,-2.7442445886662044,-2.6583657656863133,0.5127618800927923,0.5280095866643495,True,True,7.849724310289561,7.04068657087693,8.31716233710491,8.856428965122248
12,generalization,burgers_target_gaussian_corr0p105,186,1.1392297873727897,3.3955723977447168,1.917117484203804,-2.2563426103719273,-1.4784549135409129,0.33550449053286197,0.5645933173084814,True,True,7.429566751147174,6.2724350279169725,7.428223151929335,7.955167978101807
13,generalization,burgers_target_gaussian_corr0p21,9,1.856846093146228,6.610660117089914,2.510968319818023,-4.753814023943686,-4.099691797271891,0.28088663768174976,0.3798362456007463,True,True,7.88321225871889,7.151198316908162,8.318771705747688,8.719294644933225
14,generalization,burgers_target_gaussian_corr0p55,17,2.236586346919098,4.4324657607802695,2.7502407057031517,-2.1958794138611717,-1.6822250550771178,0.504591906091877,0.620476469336339,True,True,7.878761755826612,6.988966675535928,8.275695447917407,8.816404137579154
15,generalization,burgers_mid_matern_corr0p75_nu2p5,62,1.0621628063812731,3.123381055766924,1.6562399273380115,-2.061218249385651,-1.4671411284289126,0.340068274545024,0.5302714903389633,True,True,7.270006341310582,6.503527767970079,7.275965993593016,7.774927025952814
16,generalization,burgers_target_matern_corr0p42_nu4,93,0.924606219956803,3.894458669009032,1.1676996201201304,-2.9698524490522287,-2.7267590488889013,0.23741585122331638,0.2998361824744332,True,True,5.984865236128031,5.4810269140666215,5.978384379755056,6.037562586490394
17,generalization,burgers_target_matern_corr0p8_nu2,101,1.166204097155766,1.471104028823784,1.2937852021283278,-0.3048999316680181,-0.17731882669545618,0.7927407404955584,0.8794654740785186,True,True,6.539904213922338,6.429528967268307,6.607304136870103,6.868188726479402
18,generalization,burgers_far_sawtooth_add_scale0p3_shift0,79,1.980432118694076,3.096343302413591,1.3330438360692858,-1.115911183719515,-1.7632994663443053,0.6396035339977756,0.4305219757221952,True,True,5.415563609335335,4.906351879471391,5.402486729177372,5.422724682798785
19,generalization,burgers_far_centered_scale_shift_scale1_shift0p4,168,1.1175768375280204,2.9883757221059333,0.3062702860807718,-1.8707988845779129,-2.6821054360251617,0.373974674356026,0.10248720862480457,True,True,2.967012548120612,2.8580955879160608,2.9790187989475414,3.048390419247738
