objective,epsilon,n,best_value_mean,best_value_std,best_value_min,best_value_max,local_reference_value_mean,local_reference_value_std,local_reference_value_min,local_reference_value_max,best_to_local_ratio_mean,best_to_local_ratio_std,best_to_local_ratio_min,best_to_local_ratio_max,selected_abs_cos_to_local_reference_mean,selected_abs_cos_to_local_reference_std,selected_abs_cos_to_local_reference_min,selected_abs_cos_to_local_reference_max
G_e,0.0001,5,0.1658156885017137,0.03462738702474957,0.11749061019306062,0.2019014643056538,0.1665143030499246,0.03533133966347382,0.11796038755763169,0.20492601962861828,0.9964983261653794,0.007712936646908658,0.9852407452775114,1.0070521889292996,1.0,1.4043333874306804e-16,1.0,1.0000000000000002
G_e,0.001,5,0.1665821594556971,0.03523797676090001,0.1179086692521536,0.20448382550952715,0.1665143030499246,0.03533133966347382,0.11796038755763169,0.20492601962861828,1.000527800224329,0.0017823256608558832,0.9978421768016941,1.0024904385145088,1.0,1.4043333874306804e-16,1.0,1.0000000000000002
G_e,0.01,5,0.167533350923586,0.03556529556956652,0.1186662354841439,0.2059455841354585,0.1665143030499246,0.03533133966347382,0.11796038755763169,0.20492601962861828,1.0060852470738404,0.0008240503313789913,1.0049752808778891,1.0072439865878045,1.0,1.4043333874306804e-16,1.0,1.0000000000000002
G_e,0.1,5,0.17626038079002382,0.03800863369593959,0.12444664111311177,0.21465798199171104,0.1665143030499246,0.03533133966347382,0.11796038755763169,0.20492601962861828,1.0576221324013957,0.010664760926806295,1.0460761451472989,1.0736648194379408,1.0,1.4043333874306804e-16,1.0,1.0000000000000002
L_e,0.0001,5,0.8685396736632323,0.20170671673392257,0.6175045500459804,1.206077972223242,0.8682172567626598,0.20180149645925335,0.6167611094805026,1.205772992555179,1.0004253011499231,0.0004169715607126884,1.000077563713792,1.0012053946885595,1.0,0.0,1.0,1.0
L_e,0.001,5,0.8683843469629808,0.20174676367591046,0.617029968718308,1.2058855401424287,0.8682172567626598,0.20180149645925335,0.6167611094805026,1.205772992555179,1.0002196090019129,0.00017594830792219663,0.9999785510603133,1.0004359211916456,1.0,0.0,1.0,1.0
L_e,0.01,5,0.8689074907228868,0.20130842320247438,0.6186315183529226,1.2058981100641188,0.8682172567626598,0.20180149645925335,0.6167611094805026,1.205772992555179,1.0009892719544407,0.0011638444547625222,0.9997085041621062,1.0030326310198052,1.0,0.0,1.0,1.0
L_e,0.1,5,0.8309165890744087,0.17876832888957647,0.6154328744399338,1.1219493055985137,0.8682172567626598,0.20180149645925335,0.6167611094805026,1.205772992555179,0.9608301455572423,0.02401187987718135,0.9304813696489977,0.9978464351591696,1.0,0.0,1.0,1.0
L_f,0.0001,5,3.8965379902733397,0.3875153015163397,3.332683578549769,4.504457709607155,3.8946088909797085,0.3885742517588537,3.328910806945473,4.504386304347574,1.0005278405617504,0.00038131303060749314,1.0000158523836005,1.001133335142661,1.0,9.930136612989092e-17,1.0,1.0000000000000002
L_f,0.001,5,3.8945539084245566,0.3885825054382373,3.328942687268515,4.504302708344198,3.8946088909797085,0.3885742517588537,3.328910806945473,4.504386304347574,0.999985575896525,5.149021972321979e-05,0.9998881348241092,1.0000332903146445,1.0,9.930136612989092e-17,1.0,1.0000000000000002
L_f,0.01,5,3.8947987645911377,0.3883633245736297,3.3291195518742938,4.504405610972939,3.8946088909797085,0.3885742517588537,3.328910806945473,4.504386304347574,1.000054596876006,0.00016916225224475285,0.9999108346101938,1.0003739892172139,1.0,9.930136612989092e-17,1.0,1.0000000000000002
L_f,0.1,5,3.85576324660578,0.38344954095694306,3.299626251961866,4.467103021461254,3.8946088909797085,0.3885742517588537,3.328910806945473,4.504386304347574,0.9900765220007097,0.0031020238218067535,0.9863308917719709,0.9944119841115361,1.0,9.930136612989092e-17,1.0,1.0000000000000002
L_j,0.0001,5,4.093560937593679,0.45658166813879886,3.4711995035817256,4.872845499881878,4.094885430936768,0.456601938929897,3.47418386669353,4.875140865644955,0.9996698517696899,0.00034226173715833997,0.9991409887253191,1.0001348716451015,1.0,1.4043333874306804e-16,1.0,1.0000000000000002
L_j,0.001,5,4.095020647936353,0.45667248903124663,3.4743423212797673,4.875525562342914,4.094885430936768,0.456601938929897,3.47418386669353,4.875140865644955,1.0000318928042924,5.6956727907118066e-05,0.9999274158309076,1.0000849848887585,1.0,1.4043333874306804e-16,1.0,1.0000000000000002
L_j,0.01,5,4.094550741075966,0.45687327587873877,3.4737062155386798,4.875484548466698,4.094885430936768,0.456601938929897,3.47418386669353,4.875140865644955,0.9999106932301421,8.190906500215418e-05,0.9998415107185455,1.0000704970033103,1.0,1.4043333874306804e-16,1.0,1.0000000000000002
L_j,0.1,5,4.035541978347983,0.45355735248476875,3.426460709262358,4.817119372278872,4.094885430936768,0.456601938929897,3.47418386669353,4.875140865644955,0.9854338536684628,0.0016374723923673095,0.9833505311363614,0.9880984991069777,1.0,1.4043333874306804e-16,1.0,1.0000000000000002
