objective,epsilon_a,epsilon_b,n,selected_cosine_mean,selected_cosine_std,selected_cosine_min,selected_cosine_max,selected_abs_cosine_mean,selected_abs_cosine_std,selected_abs_cosine_min,selected_abs_cosine_max
G_e,0.0001,0.001,5,1.0,1.4043333874306804e-16,1.0,1.0000000000000002,1.0,1.4043333874306804e-16,1.0,1.0000000000000002
G_e,0.0001,0.01,5,1.0,1.4043333874306804e-16,1.0,1.0000000000000002,1.0,1.4043333874306804e-16,1.0,1.0000000000000002
G_e,0.0001,0.1,5,1.0,1.4043333874306804e-16,1.0,1.0000000000000002,1.0,1.4043333874306804e-16,1.0,1.0000000000000002
G_e,0.001,0.01,5,1.0,1.4043333874306804e-16,1.0,1.0000000000000002,1.0,1.4043333874306804e-16,1.0,1.0000000000000002
G_e,0.001,0.1,5,1.0,1.4043333874306804e-16,1.0,1.0000000000000002,1.0,1.4043333874306804e-16,1.0,1.0000000000000002
G_e,0.01,0.1,5,1.0,1.4043333874306804e-16,1.0,1.0000000000000002,1.0,1.4043333874306804e-16,1.0,1.0000000000000002
L_e,0.0001,0.001,5,0.2,0.9797958971132713,-1.0,1.0,1.0,0.0,1.0,1.0
L_e,0.0001,0.01,5,-0.6,0.8000000000000002,-1.0,1.0,1.0,0.0,1.0,1.0
L_e,0.0001,0.1,5,-0.6,0.8000000000000002,-1.0,1.0,1.0,0.0,1.0,1.0
L_e,0.001,0.01,5,0.2,0.9797958971132713,-1.0,1.0,1.0,0.0,1.0,1.0
L_e,0.001,0.1,5,0.2,0.9797958971132713,-1.0,1.0,1.0,0.0,1.0,1.0
L_e,0.01,0.1,5,1.0,0.0,1.0,1.0,1.0,0.0,1.0,1.0
L_f,0.0001,0.001,5,-0.2,0.9797958971132713,-1.0000000000000002,1.0,1.0,9.930136612989092e-17,1.0,1.0000000000000002
L_f,0.0001,0.01,5,-0.6,0.8000000000000002,-1.0000000000000002,1.0,1.0,9.930136612989092e-17,1.0,1.0000000000000002
L_f,0.0001,0.1,5,-0.6,0.8000000000000002,-1.0000000000000002,1.0,1.0,9.930136612989092e-17,1.0,1.0000000000000002
L_f,0.001,0.01,5,0.6,0.8000000000000002,-1.0,1.0000000000000002,1.0,9.930136612989092e-17,1.0,1.0000000000000002
L_f,0.001,0.1,5,0.6,0.8000000000000002,-1.0,1.0000000000000002,1.0,9.930136612989092e-17,1.0,1.0000000000000002
L_f,0.01,0.1,5,1.0,9.930136612989092e-17,1.0,1.0000000000000002,1.0,9.930136612989092e-17,1.0,1.0000000000000002
L_j,0.0001,0.001,5,0.6,0.8000000000000002,-1.0,1.0000000000000002,1.0,1.4043333874306804e-16,1.0,1.0000000000000002
L_j,0.0001,0.01,5,0.2000000000000001,0.9797958971132714,-1.0,1.0000000000000002,1.0,1.4043333874306804e-16,1.0,1.0000000000000002
L_j,0.0001,0.1,5,0.2000000000000001,0.9797958971132714,-1.0,1.0000000000000002,1.0,1.4043333874306804e-16,1.0,1.0000000000000002
L_j,0.001,0.01,5,0.6,0.8000000000000002,-1.0,1.0000000000000002,1.0,1.4043333874306804e-16,1.0,1.0000000000000002
L_j,0.001,0.1,5,0.6,0.8000000000000002,-1.0,1.0000000000000002,1.0,1.4043333874306804e-16,1.0,1.0000000000000002
L_j,0.01,0.1,5,1.0,1.4043333874306804e-16,1.0,1.0000000000000002,1.0,1.4043333874306804e-16,1.0,1.0000000000000002
