family,role,rank_group,singular_value,dc_energy_frac_raw,spectral_centroid_mode,spectral_centroid_freq_frac,upper_half_energy_frac,top_quarter_energy_frac,q01_mode,q01_freq_frac,q05_mode,q05_freq_frac,q10_mode,q10_freq_frac,q20_mode,q20_freq_frac,q25_mode,q25_freq_frac,q30_mode,q30_freq_frac,q40_mode,q40_freq_frac,q50_mode,q50_freq_frac,q60_mode,q60_freq_frac,q70_mode,q70_freq_frac,q75_mode,q75_freq_frac,q80_mode,q80_freq_frac,q90_mode,q90_freq_frac,q95_mode,q95_freq_frac,q99_mode,q99_freq_frac
FNO nu=0.001,error,rank1,0.868217256763,0.344006604494,1.67210555796,0.00326583116788,1.91999222497e-08,7.89447925039e-10,0,0,0,0,0,0,0,0,0.2,0.000390625,0.2,0.000390625,0.8,0.0015625,1.2,0.00234375,1.4,0.002734375,1.8,0.003515625,2.4,0.0046875,2.4,0.0046875,3.4,0.006640625,5.2,0.01015625,13.4,0.026171875
FNO nu=0.001,error,rank1to5,0.525740839777,0.21152982034,5.89833795751,0.0115201913233,3.79845213385e-07,1.67435121771e-08,0.04,7.8125e-05,0.36,0.000703125,0.84,0.001640625,2.04,0.003984375,2.92,0.005703125,3.32,0.006484375,4.52,0.008828125,5.36,0.01046875,6.16,0.01203125,7,0.013671875,7.8,0.015234375,8.4,0.01640625,10.28,0.020078125,13.04,0.02546875,25.48,0.049765625
FNO nu=0.001,error,rank2to5,0.44012173553,0.178410624302,6.9548960574,0.0135837813621,4.70006536168e-07,2.07320282401e-08,0.05,9.765625e-05,0.45,0.00087890625,1.05,0.00205078125,2.55,0.00498046875,3.6,0.00703125,4.1,0.0080078125,5.45,0.01064453125,6.4,0.0125,7.35,0.01435546875,8.3,0.0162109375,9.15,0.01787109375,9.9,0.0193359375,12,0.0234375,15,0.029296875,28.5,0.0556640625
FNO nu=0.001,model,rank1,3.89460889098,0.386756505865,1.12427482222,0.00219584926216,1.47103094606e-10,6.00934225602e-11,0,0,0,0,0,0,0,0,0,0,0,0,0.6,0.001171875,1,0.001953125,1,0.001953125,1.2,0.00234375,1.8,0.003515625,1.8,0.003515625,2.2,0.004296875,3.2,0.00625,7.4,0.014453125
FNO nu=0.001,model,rank1to5,2.39334996496,0.280250941785,1.73928140819,0.00339703400038,2.80842234278e-09,1.15603611392e-09,0.04,7.8125e-05,0.04,7.8125e-05,0.12,0.000234375,0.32,0.000625,0.4,0.00078125,0.68,0.001328125,1.08,0.002109375,1.36,0.00265625,1.8,0.003515625,2.24,0.004375,2.56,0.005,2.76,0.005390625,3.52,0.006875,4.44,0.008671875,8.24,0.01609375
FNO nu=0.001,model,rank2to5,2.01803523346,0.253624550765,1.89303305468,0.00369733018493,3.47375215482e-09,1.43002178676e-09,0.05,9.765625e-05,0.05,9.765625e-05,0.15,0.00029296875,0.4,0.00078125,0.5,0.0009765625,0.85,0.00166015625,1.2,0.00234375,1.45,0.00283203125,2,0.00390625,2.5,0.0048828125,2.75,0.00537109375,3,0.005859375,3.85,0.00751953125,4.75,0.00927734375,8.45,0.01650390625
FNO nu=0.001,solver,rank1,4.09488543094,0.410909652486,1.12515975268,0.00219757764196,4.55937872469e-16,1.44999565679e-16,0,0,0,0,0,0,0,0,0,0,0,0,0.4,0.00078125,0.8,0.0015625,1,0.001953125,1.2,0.00234375,1.8,0.003515625,1.8,0.003515625,2.4,0.0046875,3,0.005859375,7.8,0.015234375
FNO nu=0.001,solver,rank1to5,2.5035960682,0.267553953141,1.92503850321,0.00375984082657,6.2837784892e-16,1.61749751337e-16,0.04,7.8125e-05,0.12,0.000234375,0.2,0.000390625,0.44,0.000859375,0.6,0.001171875,0.8,0.0015625,1.2,0.00234375,1.52,0.00296875,2,0.00390625,2.36,0.004609375,2.6,0.005078125,2.92,0.005703125,3.8,0.007421875,4.76,0.009296875,9.48,0.018515625
FNO nu=0.001,solver,rank2to5,2.10577372751,0.231715028304,2.12500819084,0.00415040662273,6.71487843033e-16,1.65937297751e-16,0.05,9.765625e-05,0.15,0.00029296875,0.25,0.00048828125,0.55,0.00107421875,0.75,0.00146484375,1,0.001953125,1.4,0.002734375,1.7,0.0033203125,2.25,0.00439453125,2.65,0.00517578125,2.8,0.00546875,3.2,0.00625,4.15,0.00810546875,5.2,0.01015625,9.9,0.0193359375
FNO nu=0.01,error,rank1,0.0372977870946,0.293589379849,75.8487073477,0.148142006539,0.165453816321,0.0962059157594,20,0.0390625,33.6,0.065625,42.4,0.0828125,53.8,0.105078125,58.2,0.113671875,62.4,0.121875,69.8,0.136328125,76.8,0.15,84.4,0.16484375,91.8,0.179296875,95.4,0.186328125,99,0.193359375,107.4,0.209765625,112.4,0.21953125,119.4,0.233203125
FNO nu=0.01,error,rank1to5,0.0323385878646,0.0587733606447,242.850036204,0.47431647696,0.474974243564,0.240956827911,56.04,0.109453125,91.48,0.178671875,115.08,0.224765625,147.4,0.287890625,160.8,0.3140625,173.28,0.3384375,199.92,0.39046875,236.36,0.461640625,272.92,0.533046875,321.4,0.627734375,335.64,0.655546875,350.68,0.684921875,378.2,0.738671875,393.92,0.769375,413.68,0.80796875
FNO nu=0.01,error,rank2to5,0.0310987880572,6.93558435485e-05,284.600368418,0.555860094566,0.552354350375,0.277144555949,65.05,0.12705078125,105.95,0.20693359375,133.25,0.26025390625,170.8,0.33359375,186.45,0.36416015625,201,0.392578125,232.45,0.45400390625,276.25,0.53955078125,320.05,0.62509765625,378.8,0.73984375,395.7,0.7728515625,413.6,0.8078125,445.9,0.8708984375,464.3,0.9068359375,487.25,0.95166015625
FNO nu=0.01,model,rank1,1.3794249538,0.67075489447,0.414357354863,0.000809291708716,1.16707987301e-09,4.81049217026e-10,0,0,0,0,0,0,0,0,0,0,0,0,0,0,0,0,0.4,0.00078125,0.6,0.001171875,0.8,0.0015625,0.8,0.0015625,1.2,0.00234375,1.6,0.003125,2.2,0.004296875
FNO nu=0.01,model,rank1to5,0.926027375088,0.280635525534,1.21537535351,0.00237377998732,4.75528107934e-09,1.96242492216e-09,0.24,0.00046875,0.4,0.00078125,0.6,0.001171875,0.72,0.00140625,0.8,0.0015625,0.88,0.00171875,1.04,0.00203125,1.08,0.002109375,1.24,0.002421875,1.36,0.00265625,1.44,0.0028125,1.52,0.00296875,1.88,0.003671875,2.44,0.004765625,3.48,0.006796875
FNO nu=0.01,model,rank2to5,0.81267798041,0.1831056833,1.41562985317,0.00276490205697,5.65233138092e-09,2.33276884845e-09,0.3,0.0005859375,0.5,0.0009765625,0.75,0.00146484375,0.9,0.0017578125,1,0.001953125,1.1,0.0021484375,1.3,0.0025390625,1.35,0.00263671875,1.45,0.00283203125,1.55,0.00302734375,1.6,0.003125,1.7,0.0033203125,2.05,0.00400390625,2.65,0.00517578125,3.8,0.007421875
FNO nu=0.01,solver,rank1,1.37308452197,0.691885050311,0.393535340363,0.000768623711646,1.94797218112e-16,9.70363416562e-17,0,0,0,0,0,0,0,0,0,0,0,0,0,0,0,0,0.2,0.000390625,0.6,0.001171875,0.8,0.0015625,0.8,0.0015625,1.2,0.00234375,1.6,0.003125,2.2,0.004296875
FNO nu=0.01,solver,rank1to5,0.922478975928,0.278855922294,1.21237842747,0.00236792661614,2.80558975138e-16,1.32888417245e-16,0.24,0.00046875,0.44,0.000859375,0.56,0.00109375,0.72,0.00140625,0.8,0.0015625,0.88,0.00171875,1.04,0.00203125,1.08,0.002109375,1.2,0.00234375,1.4,0.002734375,1.44,0.0028125,1.48,0.002890625,1.8,0.003515625,2.44,0.004765625,3.48,0.006796875
FNO nu=0.01,solver,rank2to5,0.809827589417,0.17559864029,1.41708919924,0.00276775234227,3.01999414395e-16,1.41851436142e-16,0.3,0.0005859375,0.55,0.00107421875,0.7,0.0013671875,0.9,0.0017578125,1,0.001953125,1.1,0.0021484375,1.3,0.0025390625,1.35,0.00263671875,1.45,0.00283203125,1.6,0.003125,1.6,0.003125,1.65,0.00322265625,1.95,0.00380859375,2.65,0.00517578125,3.8,0.007421875
