family,source_root,sample_index,role,prefix,status
DeepONet nu=0.01,deeponet_solver_jacobian_similarity_20260515,0,model,machine-sync/NeuralOperatorRobustness2-selected/forensics/deeponet_solver_jacobian_similarity_20260515/index_000/deeponet/,missing_raw_npz
DeepONet nu=0.01,deeponet_solver_jacobian_similarity_20260515,0,solver,machine-sync/NeuralOperatorRobustness2-selected/forensics/deeponet_solver_jacobian_similarity_20260515/index_000/solver/,missing_raw_npz
DeepONet nu=0.01,deeponet_solver_jacobian_similarity_20260515,0,error,machine-sync/NeuralOperatorRobustness2-selected/forensics/deeponet_solver_jacobian_similarity_20260515/index_000/error/,missing_raw_npz
DeepONet nu=0.01,deeponet_solver_jacobian_similarity_20260515,7,model,machine-sync/NeuralOperatorRobustness2-selected/forensics/deeponet_solver_jacobian_similarity_20260515/index_007/deeponet/,missing_raw_npz
DeepONet nu=0.01,deeponet_solver_jacobian_similarity_20260515,7,solver,machine-sync/NeuralOperatorRobustness2-selected/forensics/deeponet_solver_jacobian_similarity_20260515/index_007/solver/,missing_raw_npz
DeepONet nu=0.01,deeponet_solver_jacobian_similarity_20260515,7,error,machine-sync/NeuralOperatorRobustness2-selected/forensics/deeponet_solver_jacobian_similarity_20260515/index_007/error/,missing_raw_npz
DeepONet nu=0.01,deeponet_solver_jacobian_similarity_20260515,40,model,machine-sync/NeuralOperatorRobustness2-selected/forensics/deeponet_solver_jacobian_similarity_20260515/index_040/deeponet/,missing_raw_npz
DeepONet nu=0.01,deeponet_solver_jacobian_similarity_20260515,40,solver,machine-sync/NeuralOperatorRobustness2-selected/forensics/deeponet_solver_jacobian_similarity_20260515/index_040/solver/,missing_raw_npz
DeepONet nu=0.01,deeponet_solver_jacobian_similarity_20260515,40,error,machine-sync/NeuralOperatorRobustness2-selected/forensics/deeponet_solver_jacobian_similarity_20260515/index_040/error/,missing_raw_npz
DeepONet nu=0.01,deeponet_solver_jacobian_similarity_20260515,47,model,machine-sync/NeuralOperatorRobustness2-selected/forensics/deeponet_solver_jacobian_similarity_20260515/index_047/deeponet/,missing_raw_npz
DeepONet nu=0.01,deeponet_solver_jacobian_similarity_20260515,47,solver,machine-sync/NeuralOperatorRobustness2-selected/forensics/deeponet_solver_jacobian_similarity_20260515/index_047/solver/,missing_raw_npz
DeepONet nu=0.01,deeponet_solver_jacobian_similarity_20260515,47,error,machine-sync/NeuralOperatorRobustness2-selected/forensics/deeponet_solver_jacobian_similarity_20260515/index_047/error/,missing_raw_npz
DeepONet nu=0.01,deeponet_solver_jacobian_similarity_20260515,115,model,machine-sync/NeuralOperatorRobustness2-selected/forensics/deeponet_solver_jacobian_similarity_20260515/index_115/deeponet/,missing_raw_npz
DeepONet nu=0.01,deeponet_solver_jacobian_similarity_20260515,115,solver,machine-sync/NeuralOperatorRobustness2-selected/forensics/deeponet_solver_jacobian_similarity_20260515/index_115/solver/,missing_raw_npz
DeepONet nu=0.01,deeponet_solver_jacobian_similarity_20260515,115,error,machine-sync/NeuralOperatorRobustness2-selected/forensics/deeponet_solver_jacobian_similarity_20260515/index_115/error/,missing_raw_npz
