family,operator,role,top_k,max_offdiag_abs_mean,max_offdiag_abs_std,max_offdiag_abs_min,max_offdiag_abs_max,fro_offdiag_mean,fro_offdiag_std,fro_offdiag_min,fro_offdiag_max,max_diag_error_mean,max_diag_error_std,max_diag_error_min,max_diag_error_max
DeepONet nu=0.01,deeponet001_error,error,8,2.4371975813376745e-09,3.565980435098427e-10,1.883956568006495e-09,2.8914190442971832e-09,8.303952146560068e-09,5.256806446270575e-10,7.375826267335266e-09,8.781274369381406e-09,3.919885660508271e-09,1.5270645640400582e-09,1.55453183658949e-09,5.82732773146688e-09
DeepONet nu=0.01,deeponet001_model,model,8,2.5934188328108345e-09,2.6857023457562346e-10,2.2232394206872508e-09,2.9884576029093335e-09,8.271656464426295e-09,1.1547980547343432e-09,7.386996087449149e-09,1.0543030321740648e-08,4.68434897538117e-09,1.497478414613671e-09,2.856235692405562e-09,7.070984908708056e-09
DeepONet nu=0.01,deeponet001_solver,solver,8,2.3003800295184897e-09,2.8470065074312025e-10,1.955461959024518e-09,2.6406846154181096e-09,7.068729860747959e-09,3.202711255356635e-10,6.6247340825615555e-09,7.492090154720212e-09,5.280582637823272e-09,1.1888579709601135e-09,3.91583743208912e-09,6.761669002486315e-09
FNO nu=0.001,fno0001_error,error,8,3.3272497089106844e-09,1.146683483889534e-09,1.480703045418641e-09,4.838333969581221e-09,7.868420186579418e-09,2.3721170446579834e-09,4.362284822944435e-09,1.1325847362226802e-08,6.6166973899939304e-09,1.123980179333259e-09,4.454085766880667e-09,7.733302664902908e-09
FNO nu=0.001,fno0001_model,model,8,2.208184324498444e-09,7.778305271398701e-10,1.2235553395120724e-09,3.3740037430618486e-09,4.7394596433555e-09,1.5065591114728641e-09,3.315501276057624e-09,6.626117834109915e-09,7.148462555228719e-09,1.5986829111919212e-09,5.034427985606271e-09,9.734905992431209e-09
FNO nu=0.001,fno0001_solver,solver,8,1.936892994602868e-09,8.249490107186636e-10,8.502040599323024e-10,3.381791902068443e-09,3.8932643577992515e-09,1.4868315708339092e-09,2.110115389579527e-09,6.550241750099642e-09,1.523587724872044e-08,1.2280112684624563e-08,4.23707735563994e-09,3.90541425865365e-08
FNO nu=0.01,fno001_error,error,8,2.563356565017572e-08,3.070551857503345e-09,2.079912024799776e-08,2.9233159696989374e-08,6.682035868303202e-08,1.109595786650677e-08,4.9471993368665825e-08,8.261701746184519e-08,5.070120168149117e-08,8.187871516298971e-09,3.5770306605620306e-08,5.854306750485705e-08
FNO nu=0.01,fno001_model,model,8,2.5125948377446862e-09,3.6401767133781793e-10,2.0090641927872355e-09,3.0742188794619096e-09,7.380134044523746e-09,1.0389531075223114e-09,5.9224610079323806e-09,8.729035460026422e-09,4.594278202318947e-09,8.695868346981287e-10,3.880529231281571e-09,6.255360451845604e-09
FNO nu=0.01,fno001_solver,solver,8,2.3003800295184897e-09,2.8470065074312025e-10,1.955461959024518e-09,2.6406846154181096e-09,7.068729860747959e-09,3.202711255356635e-10,6.6247340825615555e-09,7.492090154720212e-09,5.280582637823272e-09,1.1888579709601135e-09,3.91583743208912e-09,6.761669002486315e-09
