attack_name,k,n_rows,delta_norm_l2_mean,delta_norm_l2_std,delta_norm_l2_min,delta_norm_l2_max,budget_ratio_l2_mean,budget_ratio_l2_std,budget_ratio_l2_min,budget_ratio_l2_max,endpoint_vs_movement_cos_mean,endpoint_vs_movement_cos_std,endpoint_vs_movement_cos_min,endpoint_vs_movement_cos_max,endpoint_vs_movement_angle_deg_mean,endpoint_vs_movement_angle_deg_std,endpoint_vs_movement_angle_deg_min,endpoint_vs_movement_angle_deg_max,bias_vs_movement_cos_mean,bias_vs_movement_cos_std,bias_vs_movement_cos_min,bias_vs_movement_cos_max,bias_vs_movement_angle_deg_mean,bias_vs_movement_angle_deg_std,bias_vs_movement_angle_deg_min,bias_vs_movement_angle_deg_max,bias_norm_mean,bias_norm_std,bias_norm_min,bias_norm_max,movement_grad_norm_mean,movement_grad_norm_std,movement_grad_norm_min,movement_grad_norm_max,endpoint_grad_norm_mean,endpoint_grad_norm_std,endpoint_grad_norm_min,endpoint_grad_norm_max,bias_to_movement_norm_ratio_mean,bias_to_movement_norm_ratio_std,bias_to_movement_norm_ratio_min,bias_to_movement_norm_ratio_max,movement_to_bias_norm_ratio_mean,movement_to_bias_norm_ratio_std,movement_to_bias_norm_ratio_min,movement_to_bias_norm_ratio_max
loss1_original_pgd,0,5,8.004571306901062e-06,1.2537951892389221e-08,7.980501421123314e-06,8.01495290041005e-06,1.0005714133626328e-06,1.5672439865486526e-09,9.975626776404143e-07,1.0018691125512563e-06,-0.1143500583195473,0.3042634530999747,-0.4803547645322409,0.26703550174227014,96.96394868705859,18.014313809929522,74.51206220077277,118.70857480618942,-0.11435363214657399,0.3042616060396219,-0.4803571561255902,0.26702961755195326,96.9641614502961,18.01421092531455,74.51241204371293,118.70873103960089,0.04795367136847871,0.015289075579915622,0.028726434837757227,0.06811626839706592,1.944293762166474e-07,1.6567114306879235e-07,4.198503123048174e-08,5.02947408318088e-07,0.047953670345506974,0.015289067559662308,0.028726435254647555,0.0681163172453045,451358.6023082511,320426.0523989508,135434.17715354034,957672.6278649914,3.8668712046312e-06,2.5609320698212523e-06,1.0441981642822682e-06,7.383660616672188e-06
loss1_original_pgd,5,5,2.5804934183517947,0.22838260672915103,2.2644931998605595,2.974795911294383,0.32256167729397434,0.02854782584114388,0.28306164998256994,0.37184948891179787,0.9993470453997505,0.0004307633402857515,0.9986965349672786,0.999844296860358,1.9477233586145115,0.702915728379223,1.0110949713248076,2.9257317725863476,-0.0652051784072802,0.1812625641591728,-0.3173062552257001,0.15535379133610772,93.81923406219963,10.509473181079168,81.06268443997328,108.50009659750485,0.04795367136847871,0.015289075579915622,0.028726434837757227,0.06811626839706592,1.6911161999497637,1.1303605380190649,0.6932541210775337,3.8574170925942957,1.6872364004050755,1.1317216647797301,0.6988733650823901,3.8593787323850104,0.03471620208038863,0.012912940272915481,0.017658517801416827,0.052986998730391005,33.57773016955205,13.506869676642225,18.87255409743455,56.62989449317004
loss1_original_pgd,10,5,4.305773772142417,0.44149167049243226,3.6989223772714115,5.006877822902814,0.5382217215178021,0.05518645881155403,0.46236529715892644,0.6258597278628517,0.9997489236124067,0.00016437036761698628,0.9995236180030755,0.9999427430475761,1.2066144183958172,0.4389197213918733,0.6131317651688242,1.7686119002675915,-0.06339153912572323,0.1789921899713516,-0.3038699079798968,0.17549403021512927,93.70319660988552,10.369583008811116,79.89259111281358,107.69018778445506,0.04795367136847871,0.015289075579915622,0.028726434837757227,0.06811626839706592,2.7569114655977964,1.878955971802097,1.077933718558909,6.36397194598156,2.752821051195042,1.879919019926453,1.083938669011798,6.36506692675372,0.02152500826182538,0.00807214072031507,0.010703420595698409,0.03209440202052353,54.52746397530003,22.621545497085926,31.158081691645982,93.4280766656866
loss1_original_pgd,15,5,5.872031718334229,0.6201713981070119,5.054712574747702,6.8159366311232255,0.7340039647917787,0.07752142476337649,0.6318390718434628,0.8519920788904032,0.99985953434011,8.962059992894075e-05,0.9997513280846676,0.9999684349107979,0.904107377761658,0.32382611289431784,0.4552419585581765,1.277791515475565,-0.06038549681288106,0.17301257462332098,-0.28491110204314585,0.18303306641081887,93.51746713547728,10.012347470080883,79.45352256206425,106.55353480318615,0.04795367136847871,0.015289075579915622,0.028726434837757227,0.06811626839706592,3.690026069642119,2.535520507282845,1.403538581315005,8.571902953567795,3.6860301435829244,2.536274710550307,1.40967765831245,8.572750534639331,0.016109409534573727,0.005932001699289008,0.007946458186243765,0.0231165502618685,72.77967734088523,30.50299027930836,43.2590498440216,125.84222763936708
loss1_original_pgd,20,5,7.234950367629378,0.6575918906660466,6.380773175178182,8.000000550573889,0.9043687959536723,0.08219898633325583,0.7975966468972727,1.000000068821736,0.9999075868281991,5.675318498596707e-05,0.9998316408694661,0.9999768643503695,0.7371698054878205,0.25167964285718103,0.3897438912382123,1.0513856874702965,-0.05592259660092097,0.16729945790359135,-0.2631888265950342,0.18736043020345103,93.24980262964563,9.671505051415163,79.20121816152526,105.25936031307779,0.04795367136847871,0.015289075579915622,0.028726434837757227,0.06811626839706592,4.435995789988608,2.9070322814555594,1.6888060535834255,10.012451288772171,4.432217566810907,2.9074922145354254,1.6950237994797488,10.013324104988415,0.013113903652632805,0.0045934293425248796,0.006803156033672851,0.018748684876167772,87.89689790471668,34.60869303176127,53.33707439240932,146.99060186925115
loss1_original_pgd,25,5,7.932406669829331,0.11023964460031327,7.715913381776492,7.999999796364135,0.9915508337286664,0.013779955575039159,0.9644891727220615,0.9999999745455169,0.9999219430003852,4.960750495448363e-05,0.9998533016345278,0.9999769068507076,0.6764337549194048,0.23439019534994818,0.389385744278984,0.981421520780768,-0.05240234689786708,0.16404634660889272,-0.24822811995447822,0.1908312341753791,93.04086781728316,9.47790655559376,78.99870195921444,104.37268619231716,0.04795367136847871,0.015289075579915622,0.028726434837757227,0.06811626839706592,4.69881121147281,2.803244275965111,1.9519916068446137,10.021067459154242,4.695240747736014,2.8037913780241324,1.9582805437786284,10.022165950071653,0.012023518908316077,0.004274806952534946,0.006797306641703298,0.017606910047976716,95.23879635353907,34.8480996719993,56.795882825272585,147.11709397730155
loss1_original_pgd,30,5,8.000000026202176,3.4328156759268797e-07,7.999999531803399,8.000000414494721,1.000000003275272,4.2910195949085996e-08,0.9999999414754249,1.0000000518118402,0.9999213450344435,4.980310504625823e-05,0.9998541102626091,0.9999770354100623,0.6786500100845416,0.23635077509355398,0.38830037398419603,0.9787128300671305,-0.04969530462496026,0.16191483617352048,-0.2373275873950936,0.19375435301268654,92.88076711257261,9.351403101539193,78.82803445217152,103.72886590626362,0.04795367136847871,0.015289075579915622,0.028726434837757227,0.06811626839706592,4.693974601860733,2.8098626435227048,1.9361048573574746,10.048249577471363,4.690587139240011,2.8105105094699243,1.9424880642226243,10.049610390575868,0.01205581887002793,0.004300621242824575,0.006778918842719205,0.01751276509853172,95.28835970982075,35.4542997710464,57.101205570549254,147.51614869589932
loss1_original_pgd,35,5,8.000000072584678,4.08779223879925e-07,7.999999411080406,8.000000521322534,1.0000000090730847,5.1097402984990626e-08,0.9999999263850508,1.0000000651653167,0.9999198707999477,5.003347166285526e-05,0.999854108802053,0.9999771595434443,0.6855622243444316,0.23687865181447953,0.38724948354361227,0.9787177293016919,-0.04771636975564959,0.16075974405456342,-0.2298018832895231,0.19696442397718997,92.76371764468885,9.282807982384867,78.64049732446459,103.28540807305176,0.04795367136847871,0.015289075579915622,0.028726434837757227,0.06811626839706592,4.660383066701719,2.8302401088192046,1.9122298936857405,10.074592549334275,4.657137651271358,2.8309656736344535,1.9187174905394984,10.076202107572527,0.01217412268316816,0.004305952116087893,0.006761193374670722,0.017482757785404993,94.36569449915272,35.441345171507514,57.1992137782074,147.90288408940845
loss1_original_pgd,40,5,8.000000116558963,3.990696591136829e-07,7.999999580154825,8.000000751893838,1.0000000145698704,4.988370738921036e-08,0.9999999475193532,1.0000000939867297,0.9999183501573725,5.0336527040673555e-05,0.9998535988327015,0.9999772592372687,0.6925645107948954,0.2375830596298283,0.386403424536101,0.9804268550085009,-0.046382473617411636,0.16019605292510697,-0.22469983658701706,0.20006221456583428,92.68453706519098,9.249208119605457,78.4594028062563,102.98522810836762,0.04795367136847871,0.015289075579915622,0.028726434837757227,0.06811626839706592,4.626359965907425,2.8492887467646137,1.891832372665923,10.095710540177404,4.623220525536998,2.850100585637343,1.8984204151013673,10.09754210175568,0.012296089404191005,0.0043171003482326085,0.00674705045533813,0.017493419660685534,93.44816216086605,35.43151453674309,57.16435204760942,148.21291268228475
loss1_original_pgd,45,5,7.9999999579451355,2.4591008055775164e-07,7.99999951481259,8.000000166000671,0.9999999947431419,3.0738760069718955e-08,0.9999999393515737,1.0000000207500839,0.9999168185210159,5.0667484370612814e-05,0.9998528096429596,0.9999773350290125,0.6995306774811864,0.23833712901209672,0.38575897072033977,0.9830659112034507,-0.045545942133869755,0.1599711840712316,-0.2211748644983964,0.2029008932186235,92.63445540413679,9.235618178572762,78.2933531406854,102.77804780399904,0.04795367136847871,0.015289075579915622,0.028726434837757227,0.06811626839706592,4.592642369544295,2.8666622869354503,1.8739270772261114,10.111666902657744,4.589581580600681,2.867560021019862,1.880607096947895,10.113692055768686,0.012418576537816289,0.004330481365300805,0.0067364035082249675,0.017526971925365793,92.54813566889898,35.416695775621676,57.05492108153358,148.44716454099387
loss1_original_pgd,50,5,8.000000071713611,5.907483634872736e-07,7.999999429783088,8.00000110099995,1.0000000089642014,7.38435454359092e-08,0.999999928722886,1.0000001376249938,0.9999153077139326,5.1000079220665895e-05,0.9998518964769895,0.9999773917214011,0.70633560625246,0.23907625533982862,0.38527621314617055,0.9861107315868827,-0.04508166654997812,0.15993288975989203,-0.21863204393276525,0.20543251157532835,92.60611258733744,9.233025466447089,78.14518096929135,102.62869905767187,0.04795367136847871,0.015289075579915622,0.028726434837757227,0.06811626839706592,4.560025414986863,2.882419861216197,1.8579254852892415,10.123484817944274,4.5570230796188955,2.883398740861997,1.8646875678108232,10.12567710689095,0.01253883049645423,0.004344183764679288,0.006728539591063263,0.01757155505305532,91.68104809362187,35.39798601377279,56.91015945831848,148.6206607639173
loss2_original_pgd,0,5,8.004571306901062e-06,1.2537951892389221e-08,7.980501421123314e-06,8.01495290041005e-06,1.0005714133626328e-06,1.5672439865486526e-09,9.975626776404143e-07,1.0018691125512563e-06,-0.1143500583195473,0.3042634530999747,-0.4803547645322409,0.26703550174227014,96.96394868705859,18.014313809929522,74.51206220077277,118.70857480618942,-0.11435363214657399,0.3042616060396219,-0.4803571561255902,0.26702961755195326,96.9641614502961,18.01421092531455,74.51241204371293,118.70873103960089,0.04795367136847871,0.015289075579915622,0.028726434837757227,0.06811626839706592,1.944293762166474e-07,1.6567114306879235e-07,4.198503123048174e-08,5.02947408318088e-07,0.047953670345506974,0.015289067559662308,0.028726435254647555,0.0681163172453045,451358.6023082511,320426.0523989508,135434.17715354034,957672.6278649914,3.8668712046312e-06,2.5609320698212523e-06,1.0441981642822682e-06,7.383660616672188e-06
loss2_original_pgd,5,5,2.5365462969272112,0.2099076932447593,2.335033179430995,2.935855470417576,0.3170682871159014,0.026238461655594913,0.2918791474288744,0.366981933802197,0.9993453922139389,0.0003827927978381104,0.9988612916502023,0.9998243683170759,1.973984340750357,0.6339687969799865,1.0738544425866081,2.7345451769942093,-0.1535463099228141,0.1900475441378501,-0.37769876025538934,0.1950578118512908,98.9406523282059,11.060210400781326,78.7518991813329,112.19121122528576,0.04795367136847871,0.015289075579915622,0.028726434837757227,0.06811626839706592,1.6317574098996004,1.0405478656432061,0.6438316961444047,3.5508472654078407,1.6274455028357928,1.0492880643628721,0.6325524324710919,3.564759960463924,0.03539639165733812,0.011676335643435086,0.019183102878192162,0.04917883463211556,31.9356190584611,11.638193412406174,20.33395072251191,52.12921008398622
loss2_original_pgd,10,5,4.237047555708557,0.3170135380972742,4.000526121044811,4.863452185190612,0.5296309444635696,0.03962669226215927,0.5000657651306014,0.6079315231488265,0.9997640971000742,0.00013553791167578939,0.9995714801693065,0.9999358105618013,1.1874248055808556,0.37276053059776887,0.6491898793268268,1.6774075847356746,-0.1531116708835097,0.18779946343713427,-0.3825415715041787,0.18728066127555945,98.91871724346544,10.936728392195542,79.20587094407456,112.49120256495492,0.04795367136847871,0.015289075579915622,0.028726434837757227,0.06811626839706592,2.695492750461547,1.7112222404491415,1.0110847388592692,5.89238245814774,2.6907904801727716,1.7198429302442388,0.9994006291863975,5.905518389844481,0.02137816406461216,0.007054081852347635,0.011560055526076314,0.03131576543359067,52.8116115062236,19.18686138368959,31.93279762299394,86.5047748035703
loss2_original_pgd,15,5,5.778350367106649,0.44900940521853683,5.396786026688366,6.635461746652873,0.7222937958883311,0.056126175652317103,0.6745982533360457,0.8294327183316091,0.9998722229787831,7.409198009259215e-05,0.999750904526984,0.9999655176162737,0.8744560202846984,0.2725527038052451,0.47581433107456006,1.2788793154395353,-0.15283687444152833,0.18568035876520655,-0.38488599600080053,0.18090315063105455,98.90423650623828,10.817673290094625,79.57762981424555,112.63666293875109,0.04795367136847871,0.015289075579915622,0.028726434837757227,0.06811626839706592,3.6686318825890916,2.341235791873876,1.3212369296886723,8.054467464301915,3.663807275483965,2.349632522747432,1.3093764855215562,8.067068083601379,0.015768947582651512,0.005235142217168429,0.0084569549382331,0.02396458334165772,71.58420409329548,26.116535908587267,41.72824479120805,118.24587068320463
loss2_original_pgd,20,5,7.134809185967937,0.45943103579332806,6.749956534686297,8.000000281860649,0.8918511482459921,0.05742887947416601,0.8437445668357871,1.000000035232581,0.9999152092419674,4.904634090975948e-05,0.999832849674144,0.9999761567950627,0.7131723090206556,0.2193149227266692,0.39565878132516513,1.047604351196058,-0.15661081615158992,0.18585844290840808,-0.3870158581213416,0.17647360106067936,99.12767158400749,10.830355538612725,79.8355760037065,112.76894434482587,0.04795367136847871,0.015289075579915622,0.028726434837757227,0.06811626839706592,4.4636572201591695,2.8009130593105476,1.608842032345243,9.697004381082138,4.45856915473919,2.809225718363494,1.5968549056455377,9.709256604051983,0.012882381565739346,0.0042470574407795555,0.007024465053347174,0.019680547797128647,87.26635822699919,31.04786239840685,50.81159377819239,142.3595949877347
loss2_original_pgd,25,5,7.989713538249612,0.020573038448712323,7.948567461357841,8.000000492176648,0.9987141922812015,0.0025716298060890403,0.9935709326697302,1.000000061522081,0.999933816449561,3.573872899510412e-05,0.9998742856703009,0.9999762382370915,0.6349549809325896,0.17712685424935484,0.39498246819146493,0.9085201671687957,-0.16091260537096935,0.18683663902136752,-0.3886891039437144,0.17347455483740096,99.38240231764128,10.888889258170513,80.01010116011194,112.87295618338062,0.04795367136847871,0.015289075579915622,0.028726434837757227,0.06811626839706592,4.815250146668964,2.7061918728729064,1.8519596626272699,9.719099790193187,4.809918989886253,2.7143317241960196,1.8398839410834924,9.731147458749295,0.01148271923706229,0.003473076901643502,0.007008495628967296,0.0170969666103212,95.41381206826125,28.68268685351354,58.48990775921115,142.68397284387694
loss2_original_pgd,30,5,7.999999965777566,4.145070575811077e-07,7.999999566040656,8.000000498627038,0.9999999957221958,5.181338219763846e-08,0.999999945755082,1.0000000623283798,0.9999318912007273,3.8372789040150835e-05,0.9998657242270409,0.9999764454593786,0.6424657379925597,0.1855275196996952,0.3932564025788545,0.9389475228147878,-0.16406252432135357,0.1876009306682542,-0.38969640778352826,0.17122493547545117,99.56918510133899,10.934482882418838,80.14095297585968,112.93561032877591,0.04795367136847871,0.015289075579915622,0.028726434837757227,0.06811626839706592,4.798046235752835,2.742046221413169,1.7915437459364432,9.765871171817015,4.792568894333925,2.750163346127789,1.7794437666502825,9.777764686233619,0.01163068489279397,0.0036439230149901626,0.0069749300598640155,0.017673524627806338,94.72681010092587,29.264696617182654,56.581809291547145,143.37061324160376
loss2_original_pgd,35,5,7.999999963107595,2.1951809262691768e-07,7.999999657778169,8.00000020401536,0.9999999953884494,2.743976157836471e-08,0.9999999572222711,1.00000002550192,0.9999302099227625,4.043336531839352e-05,0.9998589843188292,0.9999766757694017,0.6491611299256195,0.19186339888558446,0.39132909416715567,0.9622245621539542,-0.16629547803626873,0.18821973458157365,-0.3912691649590258,0.1693536193848296,99.70228331611659,10.972412992858134,80.249760741244,113.03349362661397,0.04795367136847871,0.015289075579915622,0.028726434837757227,0.06811626839706592,4.780742497332947,2.77503868498934,1.7472876432324531,9.817379965035945,4.775173715665655,2.783138681146492,1.735143612176087,9.82914495887158,0.011760730247528963,0.003772482629212588,0.006938334732857263,0.01812116776435523,94.08076771752253,29.745646880892682,55.184081567139614,144.12680254015245
loss2_original_pgd,40,5,8.00000010328944,2.2610840443794694e-07,7.999999727177001,8.000000361043694,1.00000001291118,2.8263550554743367e-08,0.9999999658971251,1.0000000451304618,0.9999286829411625,4.2272201976410793e-05,0.9998530833676652,0.9999768922170352,0.6551920191807238,0.19741105958507485,0.389509098241347,0.9821513769620764,-0.16796710420738875,0.1886781832876592,-0.39279104624528677,0.1677062488319385,99.80222017190133,11.000975041905964,80.34551779066524,113.12827830364103,0.04795367136847871,0.015289075579915622,0.028726434837757227,0.06811626839706592,4.7659469519827695,2.805411197305544,1.7109320663101049,9.866241694770073,4.760317093720555,2.813491816919845,1.698744739488072,9.877893474845939,0.011876848218523636,0.003884167281992331,0.006903973215370671,0.018506224261660008,93.51251316791057,30.17724245881408,54.03587386929786,144.8441308801211
loss2_original_pgd,45,5,7.999999879273382,4.089763371346969e-07,7.999999320272841,8.000000580713978,0.9999999849091727,5.112204214183711e-08,0.9999999150341051,1.0000000725892473,0.9999272639679708,4.393603353823189e-05,0.9998478224146263,0.9999770850639788,0.6607684507516547,0.20236000592847525,0.3878803546960316,0.9995821273473762,-0.1693099667770997,0.18903027685731963,-0.39407198941398913,0.1662190951837705,99.8826206577888,11.023082112414004,80.43193849560822,113.20810898093067,0.04795367136847871,0.015289075579915622,0.028726434837757227,0.06811626839706592,4.7522813297421544,2.8328428038762463,1.6803535682670943,9.910355316194877,4.7466061971310145,2.8409033801553334,1.6681299612124574,9.921904900511137,0.011983461578586305,0.0039829277110028545,0.0068732417984806865,0.01884299418499958,92.99390943190794,30.56704323168933,53.07012198709238,145.491753283152
loss2_original_pgd,50,5,7.999999917396181,2.5984392891677657e-07,7.999999674048358,8.000000404039827,0.9999999896745226,3.248049111459707e-08,0.9999999592560448,1.0000000505049784,0.9999259463756618,4.542743086182477e-05,0.9998431469380165,0.9999772535266294,0.66593715409012,0.20674472813279426,0.3864519383097418,1.0148218459856697,-0.17042766809982893,0.1893039382816257,-0.39506672355245115,0.16486132169798762,99.94957724260532,11.04030631818318,80.51082153859932,113.27013550293813,0.04795367136847871,0.015289075579915622,0.028726434837757227,0.06811626839706592,4.739350482665434,2.8573698560124487,1.6545697062545177,9.949423385142621,4.733639608499808,2.8654103883227813,1.6423183537127177,9.960879698064494,0.012081696730503803,0.004069645475601742,0.006846252869164588,0.0191366325612694,92.51560028186614,30.917463240327653,52.255797711447855,146.06530303664124
loss3_original_pgd,0,5,8.004571306901062e-06,1.2537951892389221e-08,7.980501421123314e-06,8.01495290041005e-06,1.0005714133626328e-06,1.5672439865486526e-09,9.975626776404143e-07,1.0018691125512563e-06,-0.1143500583195473,0.3042634530999747,-0.4803547645322409,0.26703550174227014,96.96394868705859,18.014313809929522,74.51206220077277,118.70857480618942,-0.11435363214657399,0.3042616060396219,-0.4803571561255902,0.26702961755195326,96.9641614502961,18.01421092531455,74.51241204371293,118.70873103960089,0.04795367136847871,0.015289075579915622,0.028726434837757227,0.06811626839706592,1.944293762166474e-07,1.6567114306879235e-07,4.198503123048174e-08,5.02947408318088e-07,0.047953670345506974,0.015289067559662308,0.028726435254647555,0.0681163172453045,451358.6023082511,320426.0523989508,135434.17715354034,957672.6278649914,3.8668712046312e-06,2.5609320698212523e-06,1.0441981642822682e-06,7.383660616672188e-06
loss3_original_pgd,5,5,0.2868706838352662,0.07067360176631104,0.19233769857551644,0.3641050483413724,0.035858835479408276,0.00883420022078888,0.024042212321939555,0.04551313104267155,0.9302811153516238,0.027274084572389,0.8905263409304983,0.97033634763001,21.070867466427593,4.47740590706572,13.99037616505878,27.06053867324307,0.6550199344594904,0.09785802961950421,0.5227360602111969,0.8161073059630551,48.605603267951395,7.76408633491343,35.303002621774986,58.4840393969136,0.04795367136847871,0.015289075579915622,0.028726434837757227,0.06811626839706592,0.0711855532843798,0.04240086063642603,0.023768679696015784,0.1359962543982089,0.10828665496895977,0.05066490912137908,0.05092592097419391,0.17948212593024251,0.8561488748434811,0.3197277495849795,0.4249032443968277,1.3321266860652605,1.36396023269902,0.5593106733146435,0.7506793538936808,2.3534769696088156
loss3_original_pgd,10,5,0.7390901267394098,0.2822848688458608,0.4295795328614667,1.215476147431418,0.09238626584242622,0.0352856086057326,0.05369744160768334,0.15193451842892725,0.9781838442455598,0.013587901807893958,0.9551867968008083,0.996875522663242,11.275902901581887,4.1012506276276595,4.530430403076058,17.217732642758044,0.6437123242978728,0.12984182361432867,0.46205295625935355,0.8557250191468341,49.08914552976387,10.40904226378722,31.160075697570772,62.4803394411124,0.04795367136847871,0.015289075579915622,0.028726434837757227,0.06811626839706592,0.21452036854753498,0.17835608470518996,0.04982440959314339,0.5382801192693812,0.24738609053107083,0.18247618736648882,0.07587647888588289,0.5757308354720749,0.3737687300031186,0.19607566687799519,0.10735163282279202,0.6152009413032938,3.9933849266746764,2.837637914208281,1.6254851591766346,9.315182021038511
loss3_original_pgd,15,5,1.3703283465023857,0.6366162210946342,0.7190300753886978,2.4818759928902474,0.1712910433127982,0.07957702763682928,0.08987875942358722,0.3102344991112809,0.990241648063957,0.007701407451623598,0.9777961215045883,0.9992430920458593,7.192609910643908,3.536362918659973,2.229392634815843,12.096477661997032,0.6192569549995879,0.16661678378139796,0.3725179210775202,0.8742129050800411,50.49903921515352,13.013991323309915,29.048040360581837,68.12901195355275,0.04795367136847871,0.015289075579915622,0.028726434837757227,0.06811626839706592,0.45374447201193274,0.4084334963706158,0.07333322430928285,1.156517298689764,0.48372676128091185,0.41042708678089596,0.09942940868381471,1.1919065565790803,0.22558460311668727,0.14417857518005256,0.049964881446288,0.39172469379777297,8.361861893124715,6.7972653480708844,2.552813278900022,20.014057294922136
loss3_original_pgd,20,5,2.14951731382276,1.0842953235356112,1.0595201898128532,4.0032793492380785,0.268689664227845,0.1355369154419514,0.13244002372660665,0.5004099186547598,0.9943478410852336,0.0047082008586962765,0.9872926939403284,0.9997211887713224,5.276106668311497,3.054827008049154,1.3530157478724436,9.143771049409326,0.5814774252469082,0.19372701729186656,0.3159949191542708,0.8679303324358215,53.01138937718721,14.624091593427861,29.78098569858243,71.57911340095977,0.04795367136847871,0.015289075579915622,0.028726434837757227,0.06811626839706592,0.8122919601484352,0.7577587016410122,0.09952880064222816,1.9860151415626013,0.8393749708425572,0.758257097058585,0.1252765047639945,2.0192258357842228,0.1564771181490944,0.11089281923539969,0.029096077119608335,0.2886243444349228,14.897827062770437,12.965878645332948,3.464711204308941,34.36889433201575
loss3_original_pgd,25,5,2.9195817972767832,1.4632053921806196,1.4422565182475338,5.346426402330462,0.3649477246595979,0.18290067402257745,0.18028206478094172,0.6683033002913078,0.9962869604005224,0.003078615019609842,0.991883361684111,0.9998440062736668,4.22051810115699,2.5673158400092526,1.0120380525595234,7.304994885631673,0.5491432499736071,0.20886482186798816,0.29279290476993525,0.8391970169916612,55.29842135876343,15.099030043655016,32.94457651250684,72.97476263635636,0.04795367136847871,0.015289075579915622,0.028726434837757227,0.06811626839706592,1.165008955725001,1.08489909117913,0.13027371855375428,2.694896165388066,1.18987410700835,1.0852733068511593,0.15516927188348056,2.727240298146318,0.11746432127670989,0.08642805764572849,0.021442477250805028,0.2205082894436913,21.345454762210686,18.796088624593153,4.534976905053534,46.636402515593495
loss3_original_pgd,30,5,3.675672283532137,1.7921947308919053,1.8556412718421116,6.557484059692067,0.4594590354415171,0.22402434136148816,0.23195515898026395,0.8196855074615084,0.9973776264352416,0.0022213884574805057,0.9943601474055381,0.9998957882820994,3.513899288858675,2.20973811307278,0.8271793413274432,6.088016647142864,0.5152174914453378,0.21655417394940576,0.25125803806809327,0.7767744730633108,57.800242651996555,14.830657461428302,39.03380943382456,75.44803111719526,0.04795367136847871,0.015289075579915622,0.028726434837757227,0.06811626839706592,1.5110040921128565,1.38257351986423,0.1708639422199539,3.306713508044572,1.533859855371745,1.3834397145862798,0.19402318828561835,3.3389308224303225,0.09092845983651858,0.06831518661576369,0.01747513039125868,0.17143690665190497,27.675359939685706,24.105326753492598,5.833049717995995,57.22417959755052
loss3_original_pgd,35,5,4.4344058460228055,2.100183676520082,2.288194487369332,7.727189295871315,0.5543007307528507,0.26252295956501026,0.2860243109211665,0.9658986619839144,0.998188411303277,0.0017124979810261398,0.9958204442728879,0.9999246375494355,2.8681930783066907,1.9168895058684288,0.7034251044386124,5.240274891070462,0.46229543309828347,0.22736587333657174,0.12133949602579965,0.7153746658380685,61.50178092580961,14.724395791344527,44.32608719614398,83.03058500117238,0.04795367136847871,0.015289075579915622,0.028726434837757227,0.06811626839706592,1.906509955133848,1.6478741049627645,0.218574051503376,3.8856980331419058,1.9265912139734322,1.6497049958651246,0.24223732706384013,3.9180162144094832,0.06843370716994258,0.05375183396345738,0.013932326146849385,0.144861168550518,34.83358444382661,28.69413572278776,6.903161212946216,71.77552330169482
loss3_original_pgd,40,5,5.0549138403697516,2.127965940344683,2.7295230409879396,7.999999274170677,0.6318642300462189,0.2659957425430854,0.34119038012349245,0.9999999092713346,0.9989238600229594,0.0012135570641943587,0.9967467014213492,0.9999392922485075,2.170529519757553,1.5353178600857627,0.6313379579166232,4.622930911338947,0.3944649789713589,0.23918673848338878,0.018864455989890457,0.7142103954940797,65.89509352994,15.227063761595506,44.42147446978962,88.91908217188006,0.04795367136847871,0.015289075579915622,0.028726434837757227,0.06811626839706592,2.3230623563947876,1.793687051702427,0.25145964298527085,4.660938260389146,2.3401714837757983,1.7955640198812308,0.27496816350683523,4.675563422366449,0.04895304140979162,0.04252837732716824,0.01147355068545578,0.12591639811345312,42.65827787726206,30.68962727447631,7.941777361666434,87.15697759261484
loss3_original_pgd,45,5,5.661634002649011,2.043839905429399,3.171065049890841,8.000000179550424,0.7077042503311264,0.2554799881786749,0.3963831312363551,1.000000022443803,0.999325713588554,0.0009856529235551588,0.997371069825971,0.9999545190694779,1.644041995986829,1.313693657280807,0.546454424983436,4.155490998147157,0.34975603345045125,0.26010501110783535,-0.03046527885067509,0.7124963356116505,68.58185406014307,16.500023197274885,44.561611262294974,91.74580202702518,0.04795367136847871,0.015289075579915622,0.028726434837757227,0.06811626839706592,2.7756519302327,1.8985122129996947,0.2832314942788143,5.393854788752383,2.790921346743975,1.8991102833545426,0.3065972118325046,5.408220771042241,0.03735514262341409,0.0377997791077425,0.009914525597513255,0.11179156681082601,52.06007454268447,31.26811154163062,8.94521857531707,100.86211288322441
loss3_original_pgd,50,5,6.109241665712036,1.7661540088681715,3.6067039434367647,8.00000091808935,0.7636552082140045,0.22076925110852144,0.4508379929295956,1.0000001147611688,0.9994780297640418,0.0008332474513087398,0.9978140739557876,0.999955825986697,1.4038707007140119,1.2071702304943914,0.538545817988386,3.7890863756118223,0.33267977292263795,0.2720132527466912,-0.053601163595960254,0.7104644692388774,69.58564306361774,17.183560580391052,44.72728160387458,93.07259295383224,0.04795367136847871,0.015289075579915622,0.028726434837757227,0.06811626839706592,3.0884983026276123,1.8905032656564948,0.3139487325710829,5.478843354043566,3.103008636709635,1.8891371791727232,0.3371811457448474,5.493019933239975,0.03211656429053893,0.03450334331237729,0.009760730124340347,0.1008537039034906,58.95971176334541,29.821690504409904,9.91535225079016,102.45135223094617
