task,epoch,global_step_last,attack_batches,attack_samples,attack_loss_objective,attack_objective_definition,attack_uses_solver_forward,attack_uses_solver_backward,clean_loss_before_attack_mean,adv_loss_after_attack_mean,attack_loss_gain_mean,attack_loss_gain_relative_mean,clean_solver_mse_before_attack_mean,adv_solver_mse_after_attack_mean,solver_mse_attack_gain_mean,train_loss_used_for_optimizer_updates_mean,epsilon_mean,epsilon_min_observed,epsilon_max_observed,alpha_mean,alpha_min_observed,alpha_max_observed,delta_linf_mean,delta_l2_rms_mean,boundary_ratio_mean,grad_abs_mean_last_mean,darcy_loss1_random_start_flips_mean,attack_wall_sec_total,attack_samples_per_sec
darcy,1,1,1,64,physics,"Darcy physics residual + 1 * boundary penalty, metric=rel_l2",0,0,3.0840635299682617,4.865124225616455,1.7810606956481934,0.5775045417649105,1.920268033472894e-08,2.0856333549090778e-08,1.6536532143618388e-09,1.1518265781162995e-06,0.02505190297961235,0.02505190297961235,0.02505190297961235,0.02505190297961235,nan,nan,9.0,1.4245014190673828,1.002076119184494,8.234223059844226e-06,0.0,1.7982912530133035,35.58934065477909
darcy,2,2,1,64,physics,"Darcy physics residual + 1 * boundary penalty, metric=rel_l2",0,0,4.2717437744140625,7.531499862670898,3.259756088256836,0.7630972877590166,7.39651397907437e-08,6.7813722637311e-08,-6.151417153432703e-09,5.164190355344545e-07,0.02505190297961235,0.02505190297961235,0.02505190297961235,0.02505190297961235,nan,nan,9.0,1.4245014190673828,1.002076119184494,8.731094567338005e-06,0.0,0.35479268999188207,180.38703108980167
darcy,3,3,1,64,physics,"Darcy physics residual + 1 * boundary penalty, metric=rel_l2",0,0,4.309498310089111,6.870923042297363,2.561424732208252,0.5943672668838539,1.36913217829715e-06,1.4122194897936424e-06,4.3087311496492475e-08,1.0180876870435895e-06,0.02505190297961235,0.02505190297961235,0.02505190297961235,0.02505190297961235,nan,nan,9.0,1.4245014190673828,1.002076119184494,9.055660484591499e-06,0.0,0.3652668689901475,175.21435814022954
darcy,4,4,1,64,physics,"Darcy physics residual + 1 * boundary penalty, metric=rel_l2",0,0,3.807394504547119,5.81550407409668,2.0081095695495605,0.5274235614805093,6.39194723817127e-08,6.578434863513394e-08,1.8648762534212437e-09,1.6588371565262605e-07,0.02505190297961235,0.02505190297961235,0.02505190297961235,0.02505190297961235,nan,nan,9.0,1.4245014190673828,1.002076119184494,8.532040737918578e-06,0.0,0.36747579800430685,174.16112937932832
darcy,5,5,1,64,physics,"Darcy physics residual + 1 * boundary penalty, metric=rel_l2",0,0,2.977227210998535,4.855885028839111,1.8786578178405762,0.6310092192159198,6.995716148594511e-07,6.939467880329175e-07,-5.6248268265335355e-09,7.010639251348039e-07,0.02505190297961235,0.02505190297961235,0.02505190297961235,0.02505190297961235,nan,nan,9.0,1.4245014190673828,1.002076119184494,8.230006642406806e-06,0.0,0.338023966003675,189.3356875154355
darcy,6,6,1,64,physics,"Darcy physics residual + 1 * boundary penalty, metric=rel_l2",0,0,3.991621494293213,7.233688831329346,3.242067337036133,0.8122181278137942,3.5353232874513196e-07,3.4459895914551453e-07,-8.933369599617436e-09,2.0396971933678287e-07,0.02505190297961235,0.02505190297961235,0.02505190297961235,0.02505190297961235,nan,nan,9.0,1.4245014190673828,1.002076119184494,9.19101330509875e-06,0.0,0.34030250800424255,188.06796451585984
darcy,7,7,1,64,physics,"Darcy physics residual + 1 * boundary penalty, metric=rel_l2",0,0,3.5902328491210938,6.181107997894287,2.5908751487731934,0.7216454357291762,1.0422454721492613e-07,1.1026227042520986e-07,6.03772321028373e-09,2.3232071200141036e-07,0.02505190297961235,0.02505190297961235,0.02505190297961235,0.02505190297961235,nan,nan,9.0,1.4245014190673828,1.002076119184494,9.143309398496058e-06,0.0,0.3424243710178416,186.90258467807877
darcy,8,8,1,64,physics,"Darcy physics residual + 1 * boundary penalty, metric=rel_l2",0,0,3.500150680541992,5.255542755126953,1.755392074584961,0.501519001551425,4.0268511725116696e-07,4.2248655063303886e-07,1.9801433381871902e-08,3.5294841893573903e-07,0.02505190297961235,0.02505190297961235,0.02505190297961235,0.02505190297961235,nan,nan,9.0,1.4245014190673828,1.002076119184494,9.847605724644382e-06,0.0,0.3763550129951909,170.05220547126814
darcy,9,9,1,64,physics,"Darcy physics residual + 1 * boundary penalty, metric=rel_l2",0,0,4.967691421508789,7.605623245239258,2.6379318237304688,0.5310176498300442,8.972438081400469e-08,9.802823797144811e-08,8.303857157443417e-09,7.162936910276585e-08,0.02505190297961235,0.02505190297961235,0.02505190297961235,0.02505190297961235,nan,nan,9.0,1.4245014190673828,1.002076119184494,1.1593911949603353e-05,0.0,0.34214827098185197,187.05340762454023
darcy,10,10,1,64,physics,"Darcy physics residual + 1 * boundary penalty, metric=rel_l2",0,0,4.8221211433410645,7.387105941772461,2.5649847984313965,0.5319204396126423,1.452254139167053e-07,1.373580289509846e-07,-7.867384965720703e-09,1.8144307034617668e-07,0.02505190297961235,0.02505190297961235,0.02505190297961235,0.02505190297961235,nan,nan,9.0,1.4245014190673828,1.002076119184494,1.0964470675389748e-05,0.0,0.3418540289858356,187.21440899750746
darcy,11,11,1,64,physics,"Darcy physics residual + 1 * boundary penalty, metric=rel_l2",0,0,3.1146559715270996,4.585497856140137,1.470841884613037,0.47223253484778643,2.2029104229659424e-07,2.0716944959531247e-07,-1.312159270128177e-08,1.6677149972110783e-07,0.02505190297961235,0.02505190297961235,0.02505190297961235,0.02505190297961235,nan,nan,9.0,1.4245014190673828,1.002076119184494,8.697379598743282e-06,0.0,0.3425397660175804,186.83962082439
darcy,12,12,1,64,physics,"Darcy physics residual + 1 * boundary penalty, metric=rel_l2",0,0,3.4054698944091797,5.690020561218262,2.284550666809082,0.6708474124406941,7.140030788832519e-08,6.747441716470348e-08,-3.9258907236217055e-09,6.975190203206694e-08,0.02505190297961235,0.02505190297961235,0.02505190297961235,0.02505190297961235,nan,nan,9.0,1.4245014190673828,1.002076119184494,8.746646926738322e-06,0.0,0.39185460697626695,163.32588378596304
darcy,13,13,1,64,physics,"Darcy physics residual + 1 * boundary penalty, metric=rel_l2",0,0,3.572995185852051,5.9217119216918945,2.3487167358398438,0.6573523370924291,1.0375045889077228e-07,1.0862105170872383e-07,4.870592817951547e-09,1.1429686352926183e-07,0.02505190297961235,0.02505190297961235,0.02505190297961235,0.02505190297961235,nan,nan,9.0,1.4245014190673828,1.002076119184494,9.095424502447713e-06,0.0,0.34271356399403885,186.7448701304195
darcy,14,14,1,64,physics,"Darcy physics residual + 1 * boundary penalty, metric=rel_l2",0,0,3.235264301300049,4.751227378845215,1.515963077545166,0.46857472415344736,8.539889506664622e-08,9.484963214845266e-08,9.450737081806437e-09,7.771904719788836e-08,0.02505190297961235,0.02505190297961235,0.02505190297961235,0.02505190297961235,nan,nan,9.0,1.4245014190673828,1.002076119184494,9.101328032556921e-06,0.0,0.39576248699449934,161.71315398290776
darcy,15,15,1,64,physics,"Darcy physics residual + 1 * boundary penalty, metric=rel_l2",0,0,4.211091041564941,6.262042045593262,2.0509510040283203,0.4870355410948651,5.047223083920471e-08,5.217291842996019e-08,1.7006875907554786e-09,6.089940285392004e-08,0.02505190297961235,0.02505190297961235,0.02505190297961235,0.02505190297961235,nan,nan,9.0,1.4245014190673828,1.002076119184494,9.975064131140243e-06,0.0,0.39883876600652,160.46584598788414
darcy,16,16,1,64,physics,"Darcy physics residual + 1 * boundary penalty, metric=rel_l2",0,0,4.406364440917969,6.650243282318115,2.2438788414001465,0.5092358726761792,7.975489069167452e-08,7.489110487313155e-08,-4.863785818542965e-09,6.926033435661338e-08,0.02505190297961235,0.02505190297961235,0.02505190297961235,0.02505190297961235,nan,nan,9.0,1.4245014190673828,1.002076119184494,9.65362323768204e-06,0.0,0.3706244459899608,172.68153974315442
darcy,17,17,1,64,physics,"Darcy physics residual + 1 * boundary penalty, metric=rel_l2",0,0,3.305393695831299,4.954257965087891,1.6488642692565918,0.4988405076636132,4.921672314139869e-08,4.503530348642926e-08,-4.1814196549694316e-09,4.413527321389665e-08,0.02505190297961235,0.02505190297961235,0.02505190297961235,0.02505190297961235,nan,nan,9.0,1.4245014190673828,1.002076119184494,8.472931767755654e-06,0.0,0.3652359089755919,175.2292105655937
darcy,18,18,1,64,physics,"Darcy physics residual + 1 * boundary penalty, metric=rel_l2",0,0,3.3677380084991455,5.62403678894043,2.256298780441284,0.6699745570311803,4.9343494623599327e-08,4.952422116843991e-08,1.8072654484058148e-10,5.1982130599981247e-08,0.02505190297961235,0.02505190297961235,0.02505190297961235,0.02505190297961235,nan,nan,9.0,1.4245014190673828,1.002076119184494,8.785669706412591e-06,0.0,0.3697800920053851,173.0758398942363
darcy,19,19,1,64,physics,"Darcy physics residual + 1 * boundary penalty, metric=rel_l2",0,0,3.7116096019744873,6.369056701660156,2.657447099685669,0.7159823862595815,4.0218068875219615e-08,4.3051858966691725e-08,2.8337900914721104e-09,3.886992416823887e-08,0.02505190297961235,0.02505190297961235,0.02505190297961235,0.02505190297961235,nan,nan,9.0,1.4245014190673828,1.002076119184494,9.387887075718027e-06,0.0,0.3424635039991699,186.88122749615715
darcy,20,20,1,64,physics,"Darcy physics residual + 1 * boundary penalty, metric=rel_l2",0,0,3.2468299865722656,5.120689392089844,1.8738594055175781,0.5771350558135764,3.5026211264721496e-08,3.6245751289243344e-08,1.219540024521848e-09,3.688616345698392e-08,0.02505190297961235,0.02505190297961235,0.02505190297961235,0.02505190297961235,nan,nan,9.0,1.4245014190673828,1.002076119184494,9.191851859213784e-06,0.0,0.3412244349892717,187.55983873784479
darcy,21,21,1,64,physics,"Darcy physics residual + 1 * boundary penalty, metric=rel_l2",0,0,3.2863173484802246,4.833308219909668,1.5469908714294434,0.4707369092473244,3.7576494804625327e-08,3.594305653109586e-08,-1.633438273529464e-09,3.22382192052828e-08,0.02505190297961235,0.02505190297961235,0.02505190297961235,0.02505190297961235,nan,nan,9.0,1.4245014190673828,1.002076119184494,8.937326128943823e-06,0.0,0.38209037799970247,167.4996380046237
darcy,22,22,1,64,physics,"Darcy physics residual + 1 * boundary penalty, metric=rel_l2",0,0,3.4687936305999756,5.165633201599121,1.6968395709991455,0.48917282251399136,2.7787079304175677e-08,2.6119217011455476e-08,-1.6678622927202014e-09,2.8621291114916403e-08,0.02505190297961235,0.02505190297961235,0.02505190297961235,0.02505190297961235,nan,nan,9.0,1.4245014190673828,1.002076119184494,8.439510565949604e-06,0.0,0.3830890620010905,167.06297920825997
darcy,23,23,1,64,physics,"Darcy physics residual + 1 * boundary penalty, metric=rel_l2",0,0,3.174088478088379,4.875093460083008,1.701004981994629,0.5359034550350887,3.2891922074895774e-08,3.289176575549391e-08,-1.5631940186722204e-13,3.0143404217142233e-08,0.02505190297961235,0.02505190297961235,0.02505190297961235,0.02505190297961235,nan,nan,9.0,1.4245014190673828,1.002076119184494,8.19514571048785e-06,0.0,0.3430847529962193,186.54282780297513
darcy,24,24,1,64,physics,"Darcy physics residual + 1 * boundary penalty, metric=rel_l2",0,0,3.3979532718658447,5.5393195152282715,2.1413662433624268,0.6301929638327795,2.041563362809029e-08,2.0813889278770148e-08,3.9825565067985735e-10,2.062024240245819e-08,0.02505190297961235,0.02505190297961235,0.02505190297961235,0.02505190297961235,nan,nan,9.0,1.4245014190673828,1.002076119184494,8.771188731770962e-06,0.0,0.3400797310168855,188.19116272713794
darcy,25,25,1,64,physics,"Darcy physics residual + 1 * boundary penalty, metric=rel_l2",0,0,3.6612236499786377,6.093221187591553,2.431997537612915,0.6642581197210132,2.6090809512879787e-08,2.562538092831801e-08,-4.654285845617778e-10,2.662603737491054e-08,0.02505190297961235,0.02505190297961235,0.02505190297961235,0.02505190297961235,nan,nan,9.0,1.4245014190673828,1.002076119184494,9.222655535268132e-06,0.0,0.34074074402451515,187.82608514641095
darcy,26,26,1,64,physics,"Darcy physics residual + 1 * boundary penalty, metric=rel_l2",0,0,3.262348175048828,5.138581275939941,1.8762331008911133,0.5751173695195889,2.425209899570291e-08,2.3718001784800435e-08,-5.340972109024733e-10,2.1150574625039553e-08,0.02505190297961235,0.02505190297961235,0.02505190297961235,0.02505190297961235,nan,nan,9.0,1.4245014190673828,1.002076119184494,8.855018677422777e-06,0.0,0.36736319700139575,174.21451174859206
darcy,27,27,1,64,physics,"Darcy physics residual + 1 * boundary penalty, metric=rel_l2",0,0,3.184591293334961,4.785459518432617,1.6008682250976562,0.5026918928178059,1.851861597401694e-08,1.8138742063911195e-08,-3.7987391010574356e-10,2.0308108084066134e-08,0.02505190297961235,0.02505190297961235,0.02505190297961235,0.02505190297961235,nan,nan,9.0,1.4245014190673828,1.002076119184494,8.404797881667037e-06,0.0,0.3401749120093882,188.13850681097176
darcy,28,28,1,64,physics,"Darcy physics residual + 1 * boundary penalty, metric=rel_l2",0,0,3.2651350498199463,4.934720993041992,1.669585943222046,0.511337484590144,2.3778961022458134e-08,2.327238135535481e-08,-5.06579667103324e-10,2.1801437988244743e-08,0.02505190297961235,0.02505190297961235,0.02505190297961235,0.02505190297961235,nan,nan,9.0,1.4245014190673828,1.002076119184494,8.257697118096985e-06,0.0,0.3913937339966651,163.51820287584195
darcy,29,29,1,64,physics,"Darcy physics residual + 1 * boundary penalty, metric=rel_l2",0,0,3.1322522163391113,4.824725151062012,1.6924729347229004,0.5403373731828708,1.8117543021389793e-08,1.749924116722923e-08,-6.183018541605634e-10,1.756523282381295e-08,0.02505190297961235,0.02505190297961235,0.02505190297961235,0.02505190297961235,nan,nan,9.0,1.4245014190673828,1.002076119184494,8.432934009761084e-06,0.0,0.34039903900702484,188.01463184706355
darcy,30,30,1,64,physics,"Darcy physics residual + 1 * boundary penalty, metric=rel_l2",0,0,3.365255832672119,5.462401390075684,2.0971455574035645,0.6231756697494124,1.9808565454582094e-08,1.944383143381856e-08,-3.6473402076353523e-10,1.9758013003468022e-08,0.02505190297961235,0.02505190297961235,0.02505190297961235,0.02505190297961235,nan,nan,9.0,1.4245014190673828,1.002076119184494,8.839405381877441e-06,0.0,0.33992174500599504,188.27862865575506
darcy,31,31,1,64,physics,"Darcy physics residual + 1 * boundary penalty, metric=rel_l2",0,0,3.4423789978027344,5.6518402099609375,2.209461212158203,0.6418413584234912,1.8417805947024135e-08,1.8516104205446027e-08,9.829825842189166e-11,1.8172616300660138e-08,0.02505190297961235,0.02505190297961235,0.02505190297961235,0.02505190297961235,nan,nan,9.0,1.4245014190673828,1.002076119184494,8.889429409464356e-06,0.0,0.33963351501733996,188.43841131736508
darcy,32,32,1,64,physics,"Darcy physics residual + 1 * boundary penalty, metric=rel_l2",0,0,3.183180093765259,4.998647212982178,1.815467119216919,0.5703312617381551,1.6858400897490355e-08,1.7255400663884757e-08,3.969997663944014e-10,1.7523753115256113e-08,0.02505190297961235,0.02505190297961235,0.02505190297961235,0.02505190297961235,nan,nan,9.0,1.4245014190673828,1.002076119184494,8.524972145096399e-06,0.0,0.3517394819937181,181.95284657052807
darcy,33,33,1,64,physics,"Darcy physics residual + 1 * boundary penalty, metric=rel_l2",0,0,3.1302897930145264,4.800390243530273,1.670100450515747,0.5335290215757978,1.8134480583853474e-08,1.7650066297392186e-08,-4.844142864612877e-10,1.7301648114198542e-08,0.02505190297961235,0.02505190297961235,0.02505190297961235,0.02505190297961235,nan,nan,9.0,1.4245014190673828,1.002076119184494,8.345694368472323e-06,0.0,0.34037747100228444,188.02654538663774
darcy,34,34,1,64,physics,"Darcy physics residual + 1 * boundary penalty, metric=rel_l2",0,0,3.1283140182495117,4.792501926422119,1.6641879081726074,0.5319759776238273,1.839365282307881e-08,1.7250018302661374e-08,-1.1436345204174359e-09,1.73977401374259e-08,0.02505190297961235,0.02505190297961235,0.02505190297961235,0.02505190297961235,nan,nan,9.0,1.4245014190673828,1.002076119184494,8.414162948611192e-06,0.0,0.3407753460051026,187.8070134775586
darcy,35,35,1,64,physics,"Darcy physics residual + 1 * boundary penalty, metric=rel_l2",0,0,3.1747467517852783,4.974091053009033,1.7993443012237549,0.5667678217835538,1.759910972509715e-08,1.6779534206534663e-08,-8.195755185624876e-10,1.655361359098606e-08,0.02505190297961235,0.02505190297961235,0.02505190297961235,0.02505190297961235,nan,nan,9.0,1.4245014190673828,1.002076119184494,8.576033906138036e-06,0.0,0.34029422400635667,188.07254277346914
darcy,36,36,1,64,physics,"Darcy physics residual + 1 * boundary penalty, metric=rel_l2",0,0,3.261265993118286,5.226338863372803,1.9650728702545166,0.602549094247782,1.6380360179368836e-08,1.670789373520165e-08,3.275335558328152e-10,1.705102459226282e-08,0.02505190297961235,0.02505190297961235,0.02505190297961235,0.02505190297961235,nan,nan,9.0,1.4245014190673828,1.002076119184494,8.665148016007151e-06,0.0,0.34099101898027584,187.68822765886978
darcy,37,37,1,64,physics,"Darcy physics residual + 1 * boundary penalty, metric=rel_l2",0,0,3.2336230278015137,5.15714693069458,1.9235239028930664,0.594851003458136,1.636853141917527e-08,1.674101213211543e-08,3.724807129401597e-10,1.654466785794284e-08,0.02505190297961235,0.02505190297961235,0.02505190297961235,0.02505190297961235,nan,nan,9.0,1.4245014190673828,1.002076119184494,8.592455742473248e-06,0.0,0.40986937799607404,156.14730798604094
darcy,38,38,1,64,physics,"Darcy physics residual + 1 * boundary penalty, metric=rel_l2",0,0,3.162761688232422,4.960353374481201,1.7975916862487793,0.5683614079862598,1.6949901038287862e-08,1.622428413838861e-08,-7.256168998992507e-10,1.6428335136708938e-08,0.02505190297961235,0.02505190297961235,0.02505190297961235,0.02505190297961235,nan,nan,9.0,1.4245014190673828,1.002076119184494,8.47372029966209e-06,0.0,0.38610711600631475,165.75711077791502
darcy,39,39,1,64,physics,"Darcy physics residual + 1 * boundary penalty, metric=rel_l2",0,0,3.143817901611328,4.874743461608887,1.7309255599975586,0.5505807315081425,1.7368549265484035e-08,1.6448359119181077e-08,-9.201901463029571e-10,1.6387757817426518e-08,0.02505190297961235,0.02505190297961235,0.02505190297961235,0.02505190297961235,nan,nan,9.0,1.4245014190673828,1.002076119184494,8.441048521490302e-06,0.0,0.34037083698785864,188.0302101272059
darcy,40,40,1,64,physics,"Darcy physics residual + 1 * boundary penalty, metric=rel_l2",0,0,3.15570068359375,4.90861701965332,1.7529163360595703,0.5554761087364369,1.587935294367071e-08,1.5889343174535497e-08,9.990230864787009e-12,1.609435251737068e-08,0.02505190297961235,0.02505190297961235,0.02505190297961235,0.02505190297961235,nan,nan,9.0,1.4245014190673828,1.002076119184494,8.482198609272018e-06,0.0,0.34184461800032295,187.21956301192824
darcy,41,41,1,64,physics,"Darcy physics residual + 1 * boundary penalty, metric=rel_l2",0,0,3.1823666095733643,5.002831935882568,1.820465326309204,0.572047645558115,1.5892016591578795e-08,1.607264543679321e-08,1.8062884521441447e-10,1.593338172511949e-08,0.02505190297961235,0.02505190297961235,0.02505190297961235,0.02505190297961235,nan,nan,9.0,1.4245014190673828,1.002076119184494,8.5291276263888e-06,0.0,0.34258110099472106,186.81707722395987
darcy,42,42,1,64,physics,"Darcy physics residual + 1 * boundary penalty, metric=rel_l2",0,0,3.2081100940704346,5.0772929191589355,1.869182825088501,0.5826429799099853,1.6173181904832745e-08,1.5596366864656375e-08,-5.768150401763705e-10,1.573262231602257e-08,0.02505190297961235,0.02505190297961235,0.02505190297961235,0.02505190297961235,nan,nan,9.0,1.4245014190673828,1.002076119184494,8.546371645934414e-06,0.0,0.3502606050169561,182.72109133398476
darcy,43,43,1,64,physics,"Darcy physics residual + 1 * boundary penalty, metric=rel_l2",0,0,3.1953115463256836,5.050228595733643,1.854917049407959,0.5805121104829181,1.6712116135408905e-08,1.580880315543709e-08,-9.033129799718154e-10,1.5822679610977275e-08,0.02505190297961235,0.02505190297961235,0.02505190297961235,0.02505190297961235,nan,nan,9.0,1.4245014190673828,1.002076119184494,8.510791303706355e-06,0.0,0.3429269470216241,186.62866991308306
darcy,44,44,1,64,physics,"Darcy physics residual + 1 * boundary penalty, metric=rel_l2",0,0,3.169935703277588,4.965752601623535,1.7958168983459473,0.5665152439808617,1.5978470102595566e-08,1.5602404701553496e-08,-3.760654010420694e-10,1.595988941005544e-08,0.02505190297961235,0.02505190297961235,0.02505190297961235,0.02505190297961235,nan,nan,9.0,1.4245014190673828,1.002076119184494,8.467955012747552e-06,0.0,0.3427353349979967,186.73300784809388
darcy,45,45,1,64,physics,"Darcy physics residual + 1 * boundary penalty, metric=rel_l2",0,0,3.1737313270568848,4.97253942489624,1.7988080978393555,0.5667802067881578,1.5648826234837543e-08,1.5941507669481325e-08,2.9268143464378227e-10,1.587230746835644e-08,0.02505190297961235,0.02505190297961235,0.02505190297961235,0.02505190297961235,nan,nan,9.0,1.4245014190673828,1.002076119184494,8.484629688609857e-06,0.0,0.3423618740052916,186.9367031184401
darcy,46,46,1,64,physics,"Darcy physics residual + 1 * boundary penalty, metric=rel_l2",0,0,3.1912178993225098,5.029411315917969,1.838193416595459,0.5760162654470271,1.588320230894169e-08,1.5499210803682217e-08,-3.8399150525947334e-10,1.5648472739826502e-08,0.02505190297961235,0.02505190297961235,0.02505190297961235,0.02505190297961235,nan,nan,9.0,1.4245014190673828,1.002076119184494,8.520375558873639e-06,0.0,0.34260954000637867,186.80157008706897
darcy,47,47,1,64,physics,"Darcy physics residual + 1 * boundary penalty, metric=rel_l2",0,0,3.1983327865600586,5.05879020690918,1.860457420349121,0.581696009923383,1.6241925138160695e-08,1.551750372641436e-08,-7.244214117463343e-10,1.5486182558532846e-08,0.02505190297961235,0.02505190297961235,0.02505190297961235,0.02505190297961235,nan,nan,9.0,1.4245014190673828,1.002076119184494,8.504178367729764e-06,0.0,0.343152840010589,186.5058147210004
darcy,48,48,1,64,physics,"Darcy physics residual + 1 * boundary penalty, metric=rel_l2",0,0,3.1937456130981445,5.049853324890137,1.8561077117919922,0.5811695534483865,1.575447861057455e-08,1.544802330499806e-08,-3.064553055764918e-10,1.5559495913919363e-08,0.02505190297961235,0.02505190297961235,0.02505190297961235,0.02505190297961235,nan,nan,9.0,1.4245014190673828,1.002076119184494,8.478285963064991e-06,0.0,0.34287793800467625,186.65534555077485
darcy,49,49,1,64,physics,"Darcy physics residual + 1 * boundary penalty, metric=rel_l2",0,0,3.186095952987671,5.019754409790039,1.8336584568023682,0.5755189058518175,1.5541948172881348e-08,1.5341143466685025e-08,-2.0080470619632251e-10,1.5300687383756895e-08,0.02505190297961235,0.02505190297961235,0.02505190297961235,0.02505190297961235,nan,nan,9.0,1.4245014190673828,1.002076119184494,8.481298209517263e-06,0.0,0.33868509699823335,188.96609436680893
darcy,50,50,1,64,physics,"Darcy physics residual + 1 * boundary penalty, metric=rel_l2",0,0,3.185194969177246,5.005706310272217,1.8205113410949707,0.5715541305043625,1.5903857786270237e-08,1.5371261596897057e-08,-5.325961893731801e-10,1.539544580708707e-08,0.02505190297961235,0.02505190297961235,0.02505190297961235,0.02505190297961235,nan,nan,9.0,1.4245014190673828,1.002076119184494,8.498775059706531e-06,0.0,0.34564114100066945,185.1631429485301
darcy,51,51,1,64,physics,"Darcy physics residual + 1 * boundary penalty, metric=rel_l2",0,0,3.181581974029541,4.993475914001465,1.8118939399719238,0.5694946585572717,1.5691240307091903e-08,1.525245529876429e-08,-4.3878500832761347e-10,1.522307302437298e-08,0.02505190297961235,0.02505190297961235,0.02505190297961235,0.02505190297961235,nan,nan,9.0,1.4245014190673828,1.002076119184494,8.483313649776392e-06,0.0,0.34212029998889193,187.06870069410664
darcy,52,52,1,64,physics,"Darcy physics residual + 1 * boundary penalty, metric=rel_l2",0,0,3.1921539306640625,5.036379814147949,1.8442258834838867,0.5777371403578376,1.546724703871405e-08,1.526257875639203e-08,-2.0466828232201806e-10,1.528292914443341e-08,0.02505190297961235,0.02505190297961235,0.02505190297961235,0.02505190297961235,nan,nan,9.0,1.4245014190673828,1.002076119184494,8.477205483359285e-06,0.0,0.38982557199778967,164.17599202641043
darcy,53,53,1,64,physics,"Darcy physics residual + 1 * boundary penalty, metric=rel_l2",0,0,3.203925371170044,5.073587894439697,1.8696625232696533,0.5835537057427994,1.545157424232002e-08,1.517565451081282e-08,-2.759197315072015e-10,1.518379555420779e-08,0.02505190297961235,0.02505190297961235,0.02505190297961235,0.02505190297961235,nan,nan,9.0,1.4245014190673828,1.002076119184494,8.488686034979764e-06,0.0,0.39305779899586923,162.8259257633318
darcy,54,54,1,64,physics,"Darcy physics residual + 1 * boundary penalty, metric=rel_l2",0,0,3.2080605030059814,5.089365005493164,1.8813045024871826,0.5864304930422551,1.571435426228618e-08,1.5178537537963166e-08,-5.358167243230127e-10,1.521569537032974e-08,0.02505190297961235,0.02505190297961235,0.02505190297961235,0.02505190297961235,nan,nan,9.0,1.4245014190673828,1.002076119184494,8.497105227434076e-06,0.0,0.34233830400626175,186.94957371416248
darcy,55,55,1,64,physics,"Darcy physics residual + 1 * boundary penalty, metric=rel_l2",0,0,3.182161569595337,4.996283054351807,1.8141214847564697,0.5700909413556787,1.5545417397788697e-08,1.5080175330695056e-08,-4.652420670936408e-10,1.506955848995517e-08,0.02505190297961235,0.02505190297961235,0.02505190297961235,0.02505190297961235,nan,nan,9.0,1.4245014190673828,1.002076119184494,8.460679055133369e-06,0.0,0.3424855040211696,186.86922292642217
darcy,56,56,1,64,physics,"Darcy physics residual + 1 * boundary penalty, metric=rel_l2",0,0,3.1875035762786865,5.0111613273620605,1.823657751083374,0.5721272799989887,1.532798421521875e-08,1.5111892182062547e-08,-2.1609203315620107e-10,1.5144720588722294e-08,0.02505190297961235,0.02505190297961235,0.02505190297961235,0.02505190297961235,nan,nan,9.0,1.4245014190673828,1.002076119184494,8.45056820253376e-06,0.0,0.34420477601815946,185.93582791141603
darcy,57,57,1,64,physics,"Darcy physics residual + 1 * boundary penalty, metric=rel_l2",0,0,3.1975173950195312,5.047410011291504,1.8498926162719727,0.5785402822681667,1.532309390483988e-08,1.5050861890131273e-08,-2.722320147086066e-10,1.5052654234182228e-08,0.02505190297961235,0.02505190297961235,0.02505190297961235,0.02505190297961235,nan,nan,9.0,1.4245014190673828,1.002076119184494,8.459059245069511e-06,0.0,0.3637500740005635,175.94498138823982
darcy,58,58,1,64,physics,"Darcy physics residual + 1 * boundary penalty, metric=rel_l2",0,0,3.2045795917510986,5.074118614196777,1.8695390224456787,0.5833960333698858,1.5420313914660255e-08,1.501606838871794e-08,-4.04245525942315e-10,1.5062471270255173e-08,0.02505190297961235,0.02505190297961235,0.02505190297961235,0.02505190297961235,nan,nan,9.0,1.4245014190673828,1.002076119184494,8.471040018775966e-06,0.0,0.36880922300042585,173.53145205895814
darcy,59,59,1,64,physics,"Darcy physics residual + 1 * boundary penalty, metric=rel_l2",0,0,3.203665256500244,5.075587749481201,1.871922492980957,0.5843065186610311,1.5297489497356764e-08,1.497738821854e-08,-3.2010127881676453e-10,1.505345181840312e-08,0.02505190297961235,0.02505190297961235,0.02505190297961235,0.02505190297961235,nan,nan,9.0,1.4245014190673828,1.002076119184494,8.46875900606392e-06,0.0,0.34026478900341317,188.08881220841815
darcy,60,60,1,64,physics,"Darcy physics residual + 1 * boundary penalty, metric=rel_l2",0,0,3.194568395614624,5.052481651306152,1.8579132556915283,0.5815850611437832,1.5410220655098783e-08,1.4946207826938007e-08,-4.640128281607758e-10,1.4943321247073982e-08,0.02505190297961235,0.02505190297961235,0.02505190297961235,0.02505190297961235,nan,nan,9.0,1.4245014190673828,1.002076119184494,8.454088856524322e-06,0.0,0.3400556980050169,188.20446290259133
darcy,61,61,1,64,physics,"Darcy physics residual + 1 * boundary penalty, metric=rel_l2",0,0,3.191819667816162,5.047988414764404,1.8561687469482422,0.5815393537624981,1.5219114857245586e-08,1.4928859926044424e-08,-2.902549312011615e-10,1.493929779883274e-08,0.02505190297961235,0.02505190297961235,0.02505190297961235,0.02505190297961235,nan,nan,9.0,1.4245014190673828,1.002076119184494,8.452676411252469e-06,0.0,0.3405148299934808,187.95069806864296
darcy,62,62,1,64,physics,"Darcy physics residual + 1 * boundary penalty, metric=rel_l2",0,0,3.1936521530151367,5.047042369842529,1.8533902168273926,0.5803356558658403,1.5172476608427132e-08,1.4871069708988216e-08,-3.014068994389163e-10,1.4877473919483464e-08,0.02505190297961235,0.02505190297961235,0.02505190297961235,0.02505190297961235,nan,nan,9.0,1.4245014190673828,1.002076119184494,8.455894203507341e-06,0.0,0.34015046700369567,188.1520274358602
darcy,63,63,1,64,physics,"Darcy physics residual + 1 * boundary penalty, metric=rel_l2",0,0,3.1984052658081055,5.061776638031006,1.8633713722229004,0.5825938920695539,1.520476544669691e-08,1.4857216790176153e-08,-3.475486565207575e-10,1.4927555636035095e-08,0.02505190297961235,0.02505190297961235,0.02505190297961235,0.02505190297961235,nan,nan,9.0,1.4245014190673828,1.002076119184494,8.456154318992049e-06,0.0,0.3699712560046464,172.98641167733373
darcy,64,64,1,64,physics,"Darcy physics residual + 1 * boundary penalty, metric=rel_l2",0,0,3.1977345943450928,5.063817501068115,1.8660829067230225,0.5835640362471054,1.5211391257707874e-08,1.4831730510422858e-08,-3.7966074728501553e-10,1.4911004875273193e-08,0.02505190297961235,0.02505190297961235,0.02505190297961235,0.02505190297961235,nan,nan,9.0,1.4245014190673828,1.002076119184494,8.44482838147087e-06,0.0,0.3655290830065496,175.08866729177123
darcy,65,65,1,64,physics,"Darcy physics residual + 1 * boundary penalty, metric=rel_l2",0,0,3.1983776092529297,5.064250946044922,1.8658733367919922,0.5833811903241215,1.528853132981567e-08,1.4806229131636428e-08,-4.823021981792408e-10,1.4819129923182572e-08,0.02505190297961235,0.02505190297961235,0.02505190297961235,0.02505190297961235,nan,nan,9.0,1.4245014190673828,1.002076119184494,8.445959792879876e-06,0.0,0.36596126199583523,174.88189774776856
darcy,66,66,1,64,physics,"Darcy physics residual + 1 * boundary penalty, metric=rel_l2",0,0,3.1940953731536865,5.050743103027344,1.8566477298736572,0.581274981792575,1.5368131656146033e-08,1.48047716308497e-08,-5.633600252963333e-10,1.4834664163743128e-08,0.02505190297961235,0.02505190297961235,0.02505190297961235,0.02505190297961235,nan,nan,9.0,1.4245014190673828,1.002076119184494,8.437986252829432e-06,0.0,0.34151042700977996,187.40276998384945
darcy,67,67,1,64,physics,"Darcy physics residual + 1 * boundary penalty, metric=rel_l2",0,0,3.1922905445098877,5.044747829437256,1.8524572849273682,0.5802909412845365,1.5105328543540963e-08,1.4746058596415423e-08,-3.5926994712554006e-10,1.4752719490473964e-08,0.02505190297961235,0.02505190297961235,0.02505190297961235,0.02505190297961235,nan,nan,9.0,1.4245014190673828,1.002076119184494,8.429552508459892e-06,0.0,0.3722755539929494,171.91566653665393
darcy,68,68,1,64,physics,"Darcy physics residual + 1 * boundary penalty, metric=rel_l2",0,0,3.1882057189941406,5.032890796661377,1.8446850776672363,0.5785966277763354,1.5032735944942033e-08,1.4717268292940844e-08,-3.15467652001189e-10,1.471346067205559e-08,0.02505190297961235,0.02505190297961235,0.02505190297961235,0.02505190297961235,nan,nan,9.0,1.4245014190673828,1.002076119184494,8.428064575127792e-06,0.0,0.3695964280050248,173.16184668086103
darcy,69,69,1,64,physics,"Darcy physics residual + 1 * boundary penalty, metric=rel_l2",0,0,3.193525791168213,5.05897331237793,1.8654475212097168,0.5841341649310193,1.512479741450079e-08,1.4693399386089823e-08,-4.3139802841096753e-10,1.4712913998238264e-08,0.02505190297961235,0.02505190297961235,0.02505190297961235,0.02505190297961235,nan,nan,9.0,1.4245014190673828,1.002076119184494,8.431807145825587e-06,0.0,0.3393996900122147,188.5682335116355
darcy,70,70,1,64,physics,"Darcy physics residual + 1 * boundary penalty, metric=rel_l2",0,0,3.2042598724365234,5.093254089355469,1.8889942169189453,0.5895259099202061,1.509340563643491e-08,1.465629750896369e-08,-4.3710812747121963e-10,1.4825569216725398e-08,0.02505190297961235,0.02505190297961235,0.02505190297961235,0.02505190297961235,nan,nan,9.0,1.4245014190673828,1.002076119184494,8.436531061306596e-06,0.0,0.3399718650034629,188.2508718753774
darcy,71,71,1,64,physics,"Darcy physics residual + 1 * boundary penalty, metric=rel_l2",0,0,3.1916086673736572,5.055589199066162,1.8639805316925049,0.5840254009669537,1.4962738603685466e-08,1.4662458802661149e-08,-3.0027980102431684e-10,1.4653160906874518e-08,0.02505190297961235,0.02505190297961235,0.02505190297961235,0.02505190297961235,nan,nan,9.0,1.4245014190673828,1.002076119184494,8.41595738165779e-06,0.0,0.3400986499909777,188.18069404773533
darcy,72,72,1,64,physics,"Darcy physics residual + 1 * boundary penalty, metric=rel_l2",0,0,3.189511299133301,5.049004554748535,1.8594932556152344,0.5830025609630297,1.5247403339913035e-08,1.463911747379143e-08,-6.082858661216051e-10,1.467107324515382e-08,0.02505190297961235,0.02505190297961235,0.02505190297961235,0.02505190297961235,nan,nan,9.0,1.4245014190673828,1.002076119184494,8.420222911809105e-06,0.0,0.339748377999058,188.37470358777534
darcy,73,73,1,64,physics,"Darcy physics residual + 1 * boundary penalty, metric=rel_l2",0,0,3.1915392875671387,5.057498931884766,1.865959644317627,0.5846582091552504,1.5003413622594053e-08,1.4576968077051333e-08,-4.2644554554271963e-10,1.4673273263099418e-08,0.02505190297961235,0.02505190297961235,0.02505190297961235,0.02505190297961235,nan,nan,9.0,1.4245014190673828,1.002076119184494,8.424194675171748e-06,0.0,0.3385086100024637,189.06461492821174
darcy,74,74,1,64,physics,"Darcy physics residual + 1 * boundary penalty, metric=rel_l2",0,0,3.195197582244873,5.067361831665039,1.872164249420166,0.5859306666427889,1.490920453761646e-08,1.456987153147793e-08,-3.3933300613853135e-10,1.4785428881225471e-08,0.02505190297961235,0.02505190297961235,0.02505190297961235,0.02505190297961235,nan,nan,9.0,1.4245014190673828,1.002076119184494,8.419351615884807e-06,0.0,0.37578748498344794,170.30902453502134
darcy,75,75,1,64,physics,"Darcy physics residual + 1 * boundary penalty, metric=rel_l2",0,0,3.1950931549072266,5.067569732666016,1.872476577758789,0.5860475694997878,1.5212336279546435e-08,1.4608469989241257e-08,-6.038662903051772e-10,1.45880845181523e-08,0.02505190297961235,0.02505190297961235,0.02505190297961235,0.02505190297961235,nan,nan,9.0,1.4245014190673828,1.002076119184494,8.409133442910388e-06,0.0,0.36850846000015736,173.67308202360584
darcy,76,76,1,64,physics,"Darcy physics residual + 1 * boundary penalty, metric=rel_l2",0,0,3.1829171180725098,5.024853706359863,1.8419365882873535,0.5786944868368993,1.4772002288054864e-08,1.4596294839464008e-08,-1.7570744859085607e-10,1.46451890614685e-08,0.02505190297961235,0.02505190297961235,0.02505190297961235,0.02505190297961235,nan,nan,9.0,1.4245014190673828,1.002076119184494,8.390698894800153e-06,0.0,0.3680711560009513,173.87942237949932
darcy,77,77,1,64,physics,"Darcy physics residual + 1 * boundary penalty, metric=rel_l2",0,0,3.1996030807495117,5.086397647857666,1.8867945671081543,0.5896964465561678,1.481501854527778e-08,1.4516070123704594e-08,-2.9894842157318635e-10,1.4513400259374976e-08,0.02505190297961235,0.02505190297961235,0.02505190297961235,0.02505190297961235,nan,nan,9.0,1.4245014190673828,1.002076119184494,8.41278688312741e-06,0.0,0.34023583499947563,188.10481853006058
darcy,78,78,1,64,physics,"Darcy physics residual + 1 * boundary penalty, metric=rel_l2",0,0,3.192897319793701,5.063839435577393,1.8709421157836914,0.5859700229585135,1.4959535832304027e-08,1.4489001998185813e-08,-4.705338341182141e-10,1.4521066127315407e-08,0.02505190297961235,0.02505190297961235,0.02505190297961235,0.02505190297961235,nan,nan,9.0,1.4245014190673828,1.002076119184494,8.402107596339192e-06,0.0,0.34086121499422006,187.7597015579647
darcy,79,79,1,64,physics,"Darcy physics residual + 1 * boundary penalty, metric=rel_l2",0,0,3.1833624839782715,5.034055709838867,1.8506932258605957,0.5813642760367556,1.494954204872556e-08,1.4468260367550556e-08,-4.812816811750054e-10,1.4496867262181468e-08,0.02505190297961235,0.02505190297961235,0.02505190297961235,0.02505190297961235,nan,nan,9.0,1.4245014190673828,1.002076119184494,8.378172424272634e-06,0.0,0.36694698201608844,174.4121171084982
darcy,80,80,1,64,physics,"Darcy physics residual + 1 * boundary penalty, metric=rel_l2",0,0,3.1841280460357666,5.037655830383301,1.8535277843475342,0.5821147132117293,1.4730858310940675e-08,1.4474494491878431e-08,-2.5636381906224415e-10,1.4527081759752036e-08,0.02505190297961235,0.02505190297961235,0.02505190297961235,0.02505190297961235,nan,nan,9.0,1.4245014190673828,1.002076119184494,8.387898560613394e-06,0.0,0.36905310800648294,173.41677555761365
darcy,81,81,1,64,physics,"Darcy physics residual + 1 * boundary penalty, metric=rel_l2",0,0,3.20084810256958,5.091366767883301,1.8905186653137207,0.5906305468841362,1.4848030360781195e-08,1.4413991777928459e-08,-4.34038582852736e-10,1.4499925704569705e-08,0.02505190297961235,0.02505190297961235,0.02505190297961235,0.02505190297961235,nan,nan,9.0,1.4245014190673828,1.002076119184494,8.413881914748345e-06,0.0,0.34001968998927623,188.2243937167829
darcy,82,82,1,64,physics,"Darcy physics residual + 1 * boundary penalty, metric=rel_l2",0,0,3.2043819427490234,5.102334022521973,1.8979520797729492,0.592298956142758,1.4794836467046935e-08,1.4382722568484496e-08,-4.121138985624384e-10,1.4526846836560026e-08,0.02505190297961235,0.02505190297961235,0.02505190297961235,0.02505190297961235,nan,nan,9.0,1.4245014190673828,1.002076119184494,8.403015272051562e-06,0.0,0.3980701759865042,160.77567188095446
darcy,83,83,1,64,physics,"Darcy physics residual + 1 * boundary penalty, metric=rel_l2",0,0,3.1828856468200684,5.029117584228516,1.8462319374084473,0.5800497228836875,1.4645085144593395e-08,1.440291264032112e-08,-2.4217250427227555e-10,1.4462360198308488e-08,0.02505190297961235,0.02505190297961235,0.02505190297961235,0.02505190297961235,nan,nan,9.0,1.4245014190673828,1.002076119184494,8.371082003577612e-06,0.0,0.3438788689963985,186.11204633417088
darcy,84,84,1,64,physics,"Darcy physics residual + 1 * boundary penalty, metric=rel_l2",0,0,3.169032096862793,4.986179351806641,1.8171472549438477,0.5734076523689192,1.509366853724714e-08,1.4486362331922464e-08,-6.073062053246758e-10,1.4467881559454554e-08,0.02505190297961235,0.02505190297961235,0.02505190297961235,0.02505190297961235,nan,nan,9.0,1.4245014190673828,1.002076119184494,8.353207704203669e-06,0.0,0.3796353900106624,168.5828078309625
darcy,85,85,1,64,physics,"Darcy physics residual + 1 * boundary penalty, metric=rel_l2",0,0,3.1848673820495605,5.045004844665527,1.8601374626159668,0.5840549195548955,1.4694094829792448e-08,1.4318509933275436e-08,-3.7558489651701166e-10,1.4514835111612001e-08,0.02505190297961235,0.02505190297961235,0.02505190297961235,0.02505190297961235,nan,nan,9.0,1.4245014190673828,1.002076119184494,8.3801041910192e-06,0.0,0.3760741479927674,170.17920625916258
darcy,86,86,1,64,physics,"Darcy physics residual + 1 * boundary penalty, metric=rel_l2",0,0,3.2066307067871094,5.11563777923584,1.9090070724487305,0.5953311269701724,1.4565245898268131e-08,1.4406063009175796e-08,-1.5918288909233524e-10,1.442876529367254e-08,0.02505190297961235,0.02505190297961235,0.02505190297961235,0.02505190297961235,nan,nan,9.0,1.4245014190673828,1.002076119184494,8.410769623878878e-06,0.0,0.34037927698227577,188.02554775781078
darcy,87,87,1,64,physics,"Darcy physics residual + 1 * boundary penalty, metric=rel_l2",0,0,3.19692325592041,5.08877420425415,1.8918509483337402,0.5917724001757643,1.4977112883229893e-08,1.4352967703246122e-08,-6.241451799837705e-10,1.456175358072187e-08,0.02505190297961235,0.02505190297961235,0.02505190297961235,0.02505190297961235,nan,nan,9.0,1.4245014190673828,1.002076119184494,8.401996637985576e-06,0.0,0.36859245999949053,173.63350297531443
darcy,88,88,1,64,physics,"Darcy physics residual + 1 * boundary penalty, metric=rel_l2",0,0,3.1719119548797607,5.004338264465332,1.8324263095855713,0.5777040269880486,1.523693704541529e-08,1.4450641572238965e-08,-7.862954731763239e-10,1.44769862764349e-08,0.02505190297961235,0.02505190297961235,0.02505190297961235,0.02505190297961235,nan,nan,9.0,1.4245014190673828,1.002076119184494,8.344546586158685e-06,0.0,0.3401407380006276,188.15740912481326
darcy,89,89,1,64,physics,"Darcy physics residual + 1 * boundary penalty, metric=rel_l2",0,0,3.1765661239624023,5.0134477615356445,1.8368816375732422,0.5782601607807688,1.4560458616585947e-08,1.4497703482163615e-08,-6.275513442233205e-11,1.44375640331873e-08,0.02505190297961235,0.02505190297961235,0.02505190297961235,0.02505190297961235,nan,nan,9.0,1.4245014190673828,1.002076119184494,8.350420102942735e-06,0.0,0.34065329501754604,187.87430192537414
darcy,90,90,1,64,physics,"Darcy physics residual + 1 * boundary penalty, metric=rel_l2",0,0,3.1922643184661865,5.066903591156006,1.8746392726898193,0.5872443775553469,1.4606085230184362e-08,1.422810491646942e-08,-3.779803137149429e-10,1.4304484263760742e-08,0.02505190297961235,0.02505190297961235,0.02505190297961235,0.02505190297961235,nan,nan,9.0,1.4245014190673828,1.002076119184494,8.38864070829004e-06,0.0,0.33980147700640373,188.34526725377916
darcy,91,91,1,64,physics,"Darcy physics residual + 1 * boundary penalty, metric=rel_l2",0,0,3.2053396701812744,5.11681604385376,1.9114763736724854,0.5963412837193582,1.4889617538926814e-08,1.4294086803090522e-08,-5.955307358362916e-10,1.4355856503556197e-08,0.02505190297961235,0.02505190297961235,0.02505190297961235,0.02505190297961235,nan,nan,9.0,1.4245014190673828,1.002076119184494,8.401189006690402e-06,0.0,0.3752486609737389,170.55357328637857
darcy,92,92,1,64,physics,"Darcy physics residual + 1 * boundary penalty, metric=rel_l2",0,0,3.188324213027954,5.070461273193359,1.8821370601654053,0.5903217284097775,1.488379552938568e-08,1.4241239298939945e-08,-6.425562304457344e-10,1.4436271733586636e-08,0.02505190297961235,0.02505190297961235,0.02505190297961235,0.02505190297961235,nan,nan,9.0,1.4245014190673828,1.002076119184494,8.356232683581766e-06,0.0,0.3407378949923441,187.82765562790718
darcy,93,93,1,64,physics,"Darcy physics residual + 1 * boundary penalty, metric=rel_l2",0,0,3.1819396018981934,5.041548252105713,1.8596086502075195,0.5844261308725551,1.4462490760536184e-08,1.4284604610281804e-08,-1.7788615025438048e-10,1.4423431338173032e-08,0.02505190297961235,0.02505190297961235,0.02505190297961235,0.02505190297961235,nan,nan,9.0,1.4245014190673828,1.002076119184494,8.357795195479412e-06,0.0,0.3401885610073805,188.13095834404467
darcy,94,94,1,64,physics,"Darcy physics residual + 1 * boundary penalty, metric=rel_l2",0,0,3.181403160095215,5.0357160568237305,1.8543128967285156,0.5828600788442728,1.4873351439348426e-08,1.4263575209838564e-08,-6.097762295098619e-10,1.4223538791213741e-08,0.02505190297961235,0.02505190297961235,0.02505190297961235,0.02505190297961235,nan,nan,9.0,1.4245014190673828,1.002076119184494,8.37740117276553e-06,0.0,0.35135442900354974,182.1522505963726
darcy,95,95,1,64,physics,"Darcy physics residual + 1 * boundary penalty, metric=rel_l2",0,0,3.1833629608154297,5.052450180053711,1.8690872192382812,0.5871423529912241,1.4443068963032601e-08,1.4125165925804595e-08,-3.179030372280067e-10,1.4398711556395938e-08,0.02505190297961235,0.02505190297961235,0.02505190297961235,0.02505190297961235,nan,nan,9.0,1.4245014190673828,1.002076119184494,8.359262210433371e-06,0.0,0.34006994098308496,188.19658042985736
darcy,96,96,1,64,physics,"Darcy physics residual + 1 * boundary penalty, metric=rel_l2",0,0,3.177584171295166,5.033793926239014,1.8562097549438477,0.5841575407229155,1.4488132471512927e-08,1.4137611969999853e-08,-3.505205015130741e-10,1.4097970790771797e-08,0.02505190297961235,0.02505190297961235,0.02505190297961235,0.02505190297961235,nan,nan,9.0,1.4245014190673828,1.002076119184494,8.340140993823297e-06,0.0,0.34039965498959646,188.01429161835082
darcy,97,97,1,64,physics,"Darcy physics residual + 1 * boundary penalty, metric=rel_l2",0,0,3.1893324851989746,5.074342727661133,1.8850102424621582,0.5910359773432519,1.504844249211601e-08,1.4274440296446755e-08,-7.740021956692544e-10,1.428194762453927e-08,0.02505190297961235,0.02505190297961235,0.02505190297961235,0.02505190297961235,nan,nan,9.0,1.4245014190673828,1.002076119184494,8.370734576601535e-06,0.0,0.34020295401569456,188.12299906439816
darcy,98,98,1,64,physics,"Darcy physics residual + 1 * boundary penalty, metric=rel_l2",0,0,3.188582420349121,5.06980562210083,1.881223201751709,0.5899873215589427,1.438558250299593e-08,1.4054201358248974e-08,-3.313811447469561e-10,1.4198962894340639e-08,0.02505190297961235,0.02505190297961235,0.02505190297961235,0.02505190297961235,nan,nan,9.0,1.4245014190673828,1.002076119184494,8.360756510228384e-06,0.0,0.3409508919867221,187.71031695230877
darcy,99,99,1,64,physics,"Darcy physics residual + 1 * boundary penalty, metric=rel_l2",0,0,3.1741552352905273,5.020822048187256,1.8466668128967285,0.5817821360358593,1.4378810142545717e-08,1.4061020792155432e-08,-3.177893503902851e-10,1.4084861277297023e-08,0.02505190297961235,0.02505190297961235,0.02505190297961235,0.02505190297961235,nan,nan,9.0,1.4245014190673828,1.002076119184494,8.337608960573561e-06,0.0,0.3404310529876966,187.9969510369931
darcy,100,100,1,64,physics,"Darcy physics residual + 1 * boundary penalty, metric=rel_l2",0,0,3.186030387878418,5.063480377197266,1.8774499893188477,0.5892756065547272,1.4847474361090462e-08,1.413077832523868e-08,-7.166960358517827e-10,1.4138237691696531e-08,0.02505190297961235,0.02505190297961235,0.02505190297961235,0.02505190297961235,nan,nan,9.0,1.4245014190673828,1.002076119184494,8.347055882040877e-06,0.0,0.3677438579907175,174.03417789132857
